Command line invocation:
    /Applications/Xcode.app/Contents/Developer/usr/bin/xcodebuild -workspace ios/TheBindery.xcworkspace -scheme TheBindery -configuration Release -destination id=4DC2E649-35BE-4445-9A24-38BD8A88D1BF -derivedDataPath ios/build build

ComputePackagePrebuildTargetDependencyGraph

Prepare packages

CreateBuildRequest

SendProjectDescription

CreateBuildOperation

ComputeTargetDependencyGraph
note: Building targets in dependency order
note: Target dependency graph (111 targets)
    Target 'TheBindery' in project 'TheBindery'
        ➜ Implicit dependency on target 'Pods-TheBindery' in project 'Pods' via file 'libPods-TheBindery.a' in build phase 'Link Binary'
        ➜ Implicit dependency on target 'EXConstants' in project 'Pods' via options '-lEXConstants' in build setting 'OTHER_LDFLAGS'
        ➜ Implicit dependency on target 'EXJSONUtils' in project 'Pods' via options '-lEXJSONUtils' in build setting 'OTHER_LDFLAGS'
        ➜ Implicit dependency on target 'EXManifests' in project 'Pods' via options '-lEXManifests' in build setting 'OTHER_LDFLAGS'
        ➜ Implicit dependency on target 'EXUpdatesInterface' in project 'Pods' via options '-lEXUpdatesInterface' in build setting 'OTHER_LDFLAGS'
        ➜ Implicit dependency on target 'Expo' in project 'Pods' via options '-lExpo' in build setting 'OTHER_LDFLAGS'
        ➜ Implicit dependency on target 'ExpoAsset' in project 'Pods' via options '-lExpoAsset' in build setting 'OTHER_LDFLAGS'
        ➜ Implicit dependency on target 'ExpoDomWebView' in project 'Pods' via options '-lExpoDomWebView' in build setting 'OTHER_LDFLAGS'
        ➜ Implicit dependency on target 'ExpoHaptics' in project 'Pods' via options '-lExpoHaptics' in build setting 'OTHER_LDFLAGS'
        ➜ Implicit dependency on target 'ExpoKeepAwake' in project 'Pods' via options '-lExpoKeepAwake' in build setting 'OTHER_LDFLAGS'
        ➜ Implicit dependency on target 'ExpoLogBox' in project 'Pods' via options '-lExpoLogBox' in build setting 'OTHER_LDFLAGS'
        ➜ Implicit dependency on target 'ExpoSQLite' in project 'Pods' via options '-lExpoSQLite' in build setting 'OTHER_LDFLAGS'
        ➜ Implicit dependency on target 'ExpoSplashScreen' in project 'Pods' via options '-lExpoSplashScreen' in build setting 'OTHER_LDFLAGS'
        ➜ Implicit dependency on target 'PurchasesHybridCommon' in project 'Pods' via options '-lPurchasesHybridCommon' in build setting 'OTHER_LDFLAGS'
        ➜ Implicit dependency on target 'RNPurchases' in project 'Pods' via options '-lRNPurchases' in build setting 'OTHER_LDFLAGS'
        ➜ Implicit dependency on target 'ReactAppDependencyProvider' in project 'Pods' via options '-lReactAppDependencyProvider' in build setting 'OTHER_LDFLAGS'
        ➜ Implicit dependency on target 'ReactCodegen' in project 'Pods' via options '-lReactCodegen' in build setting 'OTHER_LDFLAGS'
        ➜ Implicit dependency on target 'RevenueCat' in project 'Pods' via options '-lRevenueCat' in build setting 'OTHER_LDFLAGS'
        ➜ Implicit dependency on target 'expo-dev-menu-interface' in project 'Pods' via options '-lexpo-dev-menu-interface' in build setting 'OTHER_LDFLAGS'
    Target 'Pods-TheBindery' in project 'Pods'
        ➜ Explicit dependency on target 'EXConstants' in project 'Pods'
        ➜ Explicit dependency on target 'EXJSONUtils' in project 'Pods'
        ➜ Explicit dependency on target 'EXManifests' in project 'Pods'
        ➜ Explicit dependency on target 'EXUpdatesInterface' in project 'Pods'
        ➜ Explicit dependency on target 'Expo' in project 'Pods'
        ➜ Explicit dependency on target 'ExpoAsset' in project 'Pods'
        ➜ Explicit dependency on target 'ExpoDomWebView' in project 'Pods'
        ➜ Explicit dependency on target 'ExpoFileSystem' in project 'Pods'
        ➜ Explicit dependency on target 'ExpoFont' in project 'Pods'
        ➜ Explicit dependency on target 'ExpoHaptics' in project 'Pods'
        ➜ Explicit dependency on target 'ExpoKeepAwake' in project 'Pods'
        ➜ Explicit dependency on target 'ExpoLogBox' in project 'Pods'
        ➜ Explicit dependency on target 'ExpoModulesCore' in project 'Pods'
        ➜ Explicit dependency on target 'ExpoModulesJSI' in project 'Pods'
        ➜ Explicit dependency on target 'ExpoModulesWorklets' in project 'Pods'
        ➜ Explicit dependency on target 'ExpoSQLite' in project 'Pods'
        ➜ Explicit dependency on target 'ExpoSplashScreen' in project 'Pods'
        ➜ Explicit dependency on target 'FBLazyVector' in project 'Pods'
        ➜ Explicit dependency on target 'PurchasesHybridCommon' in project 'Pods'
        ➜ Explicit dependency on target 'RCTDeprecation' in project 'Pods'
        ➜ Explicit dependency on target 'RCTRequired' in project 'Pods'
        ➜ Explicit dependency on target 'RCTSwiftUI' in project 'Pods'
        ➜ Explicit dependency on target 'RCTSwiftUIWrapper' in project 'Pods'
        ➜ Explicit dependency on target 'RCTTypeSafety' in project 'Pods'
        ➜ Explicit dependency on target 'RNPurchases' in project 'Pods'
        ➜ Explicit dependency on target 'React' in project 'Pods'
        ➜ Explicit dependency on target 'React-Core' in project 'Pods'
        ➜ Explicit dependency on target 'React-Core-prebuilt' in project 'Pods'
        ➜ Explicit dependency on target 'React-CoreModules' in project 'Pods'
        ➜ Explicit dependency on target 'React-Fabric' in project 'Pods'
        ➜ Explicit dependency on target 'React-FabricComponents' in project 'Pods'
        ➜ Explicit dependency on target 'React-FabricImage' in project 'Pods'
        ➜ Explicit dependency on target 'React-ImageManager' in project 'Pods'
        ➜ Explicit dependency on target 'React-Mapbuffer' in project 'Pods'
        ➜ Explicit dependency on target 'React-NativeModulesApple' in project 'Pods'
        ➜ Explicit dependency on target 'React-RCTActionSheet' in project 'Pods'
        ➜ Explicit dependency on target 'React-RCTAnimation' in project 'Pods'
        ➜ Explicit dependency on target 'React-RCTAppDelegate' in project 'Pods'
        ➜ Explicit dependency on target 'React-RCTBlob' in project 'Pods'
        ➜ Explicit dependency on target 'React-RCTFBReactNativeSpec' in project 'Pods'
        ➜ Explicit dependency on target 'React-RCTFabric' in project 'Pods'
        ➜ Explicit dependency on target 'React-RCTImage' in project 'Pods'
        ➜ Explicit dependency on target 'React-RCTLinking' in project 'Pods'
        ➜ Explicit dependency on target 'React-RCTNetwork' in project 'Pods'
        ➜ Explicit dependency on target 'React-RCTRuntime' in project 'Pods'
        ➜ Explicit dependency on target 'React-RCTSettings' in project 'Pods'
        ➜ Explicit dependency on target 'React-RCTText' in project 'Pods'
        ➜ Explicit dependency on target 'React-RCTVibration' in project 'Pods'
        ➜ Explicit dependency on target 'React-RuntimeApple' in project 'Pods'
        ➜ Explicit dependency on target 'React-RuntimeCore' in project 'Pods'
        ➜ Explicit dependency on target 'React-RuntimeHermes' in project 'Pods'
        ➜ Explicit dependency on target 'React-callinvoker' in project 'Pods'
        ➜ Explicit dependency on target 'React-cxxreact' in project 'Pods'
        ➜ Explicit dependency on target 'React-debug' in project 'Pods'
        ➜ Explicit dependency on target 'React-defaultsnativemodule' in project 'Pods'
        ➜ Explicit dependency on target 'React-domnativemodule' in project 'Pods'
        ➜ Explicit dependency on target 'React-featureflags' in project 'Pods'
        ➜ Explicit dependency on target 'React-featureflagsnativemodule' in project 'Pods'
        ➜ Explicit dependency on target 'React-graphics' in project 'Pods'
        ➜ Explicit dependency on target 'React-hermes' in project 'Pods'
        ➜ Explicit dependency on target 'React-idlecallbacksnativemodule' in project 'Pods'
        ➜ Explicit dependency on target 'React-intersectionobservernativemodule' in project 'Pods'
        ➜ Explicit dependency on target 'React-jserrorhandler' in project 'Pods'
        ➜ Explicit dependency on target 'React-jsi' in project 'Pods'
        ➜ Explicit dependency on target 'React-jsiexecutor' in project 'Pods'
        ➜ Explicit dependency on target 'React-jsinspector' in project 'Pods'
        ➜ Explicit dependency on target 'React-jsinspectorcdp' in project 'Pods'
        ➜ Explicit dependency on target 'React-jsinspectornetwork' in project 'Pods'
        ➜ Explicit dependency on target 'React-jsinspectortracing' in project 'Pods'
        ➜ Explicit dependency on target 'React-jsitooling' in project 'Pods'
        ➜ Explicit dependency on target 'React-jsitracing' in project 'Pods'
        ➜ Explicit dependency on target 'React-logger' in project 'Pods'
        ➜ Explicit dependency on target 'React-microtasksnativemodule' in project 'Pods'
        ➜ Explicit dependency on target 'React-mutationobservernativemodule' in project 'Pods'
        ➜ Explicit dependency on target 'React-networking' in project 'Pods'
        ➜ Explicit dependency on target 'React-oscompat' in project 'Pods'
        ➜ Explicit dependency on target 'React-perflogger' in project 'Pods'
        ➜ Explicit dependency on target 'React-performancecdpmetrics' in project 'Pods'
        ➜ Explicit dependency on target 'React-performancetimeline' in project 'Pods'
        ➜ Explicit dependency on target 'React-rendererconsistency' in project 'Pods'
        ➜ Explicit dependency on target 'React-renderercss' in project 'Pods'
        ➜ Explicit dependency on target 'React-rendererdebug' in project 'Pods'
        ➜ Explicit dependency on target 'React-runtimeexecutor' in project 'Pods'
        ➜ Explicit dependency on target 'React-runtimescheduler' in project 'Pods'
        ➜ Explicit dependency on target 'React-timing' in project 'Pods'
        ➜ Explicit dependency on target 'React-utils' in project 'Pods'
        ➜ Explicit dependency on target 'React-viewtransitionnativemodule' in project 'Pods'
        ➜ Explicit dependency on target 'React-webperformancenativemodule' in project 'Pods'
        ➜ Explicit dependency on target 'ReactAppDependencyProvider' in project 'Pods'
        ➜ Explicit dependency on target 'ReactCodegen' in project 'Pods'
        ➜ Explicit dependency on target 'ReactCommon' in project 'Pods'
        ➜ Explicit dependency on target 'ReactNativeDependencies' in project 'Pods'
        ➜ Explicit dependency on target 'RevenueCat' in project 'Pods'
        ➜ Explicit dependency on target 'Yoga' in project 'Pods'
        ➜ Explicit dependency on target 'expo-dev-client' in project 'Pods'
        ➜ Explicit dependency on target 'expo-dev-launcher' in project 'Pods'
        ➜ Explicit dependency on target 'expo-dev-menu' in project 'Pods'
        ➜ Explicit dependency on target 'expo-dev-menu-interface' in project 'Pods'
        ➜ Explicit dependency on target 'hermes-engine' in project 'Pods'
    Target 'expo-dev-client' in project 'Pods'
        ➜ Explicit dependency on target 'EXManifests' in project 'Pods'
        ➜ Explicit dependency on target 'expo-dev-launcher' in project 'Pods'
        ➜ Explicit dependency on target 'expo-dev-menu' in project 'Pods'
        ➜ Explicit dependency on target 'expo-dev-menu-interface' in project 'Pods'
        ➜ Explicit dependency on target 'EXUpdatesInterface' in project 'Pods'
    Target 'expo-dev-launcher' in project 'Pods'
        ➜ Explicit dependency on target 'EXManifests' in project 'Pods'
        ➜ Explicit dependency on target 'EXUpdatesInterface' in project 'Pods'
        ➜ Explicit dependency on target 'ExpoModulesCore' in project 'Pods'
        ➜ Explicit dependency on target 'RCTRequired' in project 'Pods'
        ➜ Explicit dependency on target 'RCTTypeSafety' in project 'Pods'
        ➜ Explicit dependency on target 'React-Core' in project 'Pods'
        ➜ Explicit dependency on target 'React-Core-prebuilt' in project 'Pods'
        ➜ Explicit dependency on target 'React-Fabric' in project 'Pods'
        ➜ Explicit dependency on target 'React-ImageManager' in project 'Pods'
        ➜ Explicit dependency on target 'React-NativeModulesApple' in project 'Pods'
        ➜ Explicit dependency on target 'React-RCTAppDelegate' in project 'Pods'
        ➜ Explicit dependency on target 'React-RCTFabric' in project 'Pods'
        ➜ Explicit dependency on target 'React-debug' in project 'Pods'
        ➜ Explicit dependency on target 'React-featureflags' in project 'Pods'
        ➜ Explicit dependency on target 'React-graphics' in project 'Pods'
        ➜ Explicit dependency on target 'React-jsi' in project 'Pods'
        ➜ Explicit dependency on target 'React-jsinspector' in project 'Pods'
        ➜ Explicit dependency on target 'React-renderercss' in project 'Pods'
        ➜ Explicit dependency on target 'React-rendererdebug' in project 'Pods'
        ➜ Explicit dependency on target 'React-utils' in project 'Pods'
        ➜ Explicit dependency on target 'ReactAppDependencyProvider' in project 'Pods'
        ➜ Explicit dependency on target 'ReactCodegen' in project 'Pods'
        ➜ Explicit dependency on target 'ReactCommon' in project 'Pods'
        ➜ Explicit dependency on target 'ReactNativeDependencies' in project 'Pods'
        ➜ Explicit dependency on target 'Yoga' in project 'Pods'
        ➜ Explicit dependency on target 'expo-dev-launcher-EXDevLauncher' in project 'Pods'
        ➜ Explicit dependency on target 'expo-dev-menu' in project 'Pods'
        ➜ Explicit dependency on target 'expo-dev-menu-interface' in project 'Pods'
        ➜ Explicit dependency on target 'hermes-engine' in project 'Pods'
    Target 'expo-dev-menu' in project 'Pods'
        ➜ Explicit dependency on target 'EXManifests' in project 'Pods'
        ➜ Explicit dependency on target 'ExpoModulesCore' in project 'Pods'
        ➜ Explicit dependency on target 'RCTRequired' in project 'Pods'
        ➜ Explicit dependency on target 'RCTTypeSafety' in project 'Pods'
        ➜ Explicit dependency on target 'React-Core' in project 'Pods'
        ➜ Explicit dependency on target 'React-Core-prebuilt' in project 'Pods'
        ➜ Explicit dependency on target 'React-Fabric' in project 'Pods'
        ➜ Explicit dependency on target 'React-ImageManager' in project 'Pods'
        ➜ Explicit dependency on target 'React-NativeModulesApple' in project 'Pods'
        ➜ Explicit dependency on target 'React-RCTFabric' in project 'Pods'
        ➜ Explicit dependency on target 'React-debug' in project 'Pods'
        ➜ Explicit dependency on target 'React-featureflags' in project 'Pods'
        ➜ Explicit dependency on target 'React-graphics' in project 'Pods'
        ➜ Explicit dependency on target 'React-jsi' in project 'Pods'
        ➜ Explicit dependency on target 'React-jsinspector' in project 'Pods'
        ➜ Explicit dependency on target 'React-renderercss' in project 'Pods'
        ➜ Explicit dependency on target 'React-rendererdebug' in project 'Pods'
        ➜ Explicit dependency on target 'React-utils' in project 'Pods'
        ➜ Explicit dependency on target 'ReactCodegen' in project 'Pods'
        ➜ Explicit dependency on target 'ReactCommon' in project 'Pods'
        ➜ Explicit dependency on target 'ReactNativeDependencies' in project 'Pods'
        ➜ Explicit dependency on target 'Yoga' in project 'Pods'
        ➜ Explicit dependency on target 'expo-dev-menu-EXDevMenu' in project 'Pods'
        ➜ Explicit dependency on target 'expo-dev-menu-interface' in project 'Pods'
        ➜ Explicit dependency on target 'hermes-engine' in project 'Pods'
    Target 'expo-dev-menu-interface' in project 'Pods' (no dependencies)
    Target 'expo-dev-menu-EXDevMenu' in project 'Pods' (no dependencies)
    Target 'expo-dev-launcher-EXDevLauncher' in project 'Pods' (no dependencies)
    Target 'React' in project 'Pods'
        ➜ Explicit dependency on target 'React-Core' in project 'Pods'
        ➜ Explicit dependency on target 'React-RCTActionSheet' in project 'Pods'
        ➜ Explicit dependency on target 'React-RCTAnimation' in project 'Pods'
        ➜ Explicit dependency on target 'React-RCTBlob' in project 'Pods'
        ➜ Explicit dependency on target 'React-RCTImage' in project 'Pods'
        ➜ Explicit dependency on target 'React-RCTLinking' in project 'Pods'
        ➜ Explicit dependency on target 'React-RCTNetwork' in project 'Pods'
        ➜ Explicit dependency on target 'React-RCTSettings' in project 'Pods'
        ➜ Explicit dependency on target 'React-RCTText' in project 'Pods'
        ➜ Explicit dependency on target 'React-RCTVibration' in project 'Pods'
    Target 'React-RCTVibration' in project 'Pods'
        ➜ Explicit dependency on target 'React-Core' in project 'Pods'
        ➜ Explicit dependency on target 'React-Core-prebuilt' in project 'Pods'
        ➜ Explicit dependency on target 'React-jsi' in project 'Pods'
        ➜ Explicit dependency on target 'React-NativeModulesApple' in project 'Pods'
        ➜ Explicit dependency on target 'React-RCTFBReactNativeSpec' in project 'Pods'
        ➜ Explicit dependency on target 'ReactCommon' in project 'Pods'
        ➜ Explicit dependency on target 'ReactNativeDependencies' in project 'Pods'
    Target 'React-RCTSettings' in project 'Pods'
        ➜ Explicit dependency on target 'RCTTypeSafety' in project 'Pods'
        ➜ Explicit dependency on target 'React-Core' in project 'Pods'
        ➜ Explicit dependency on target 'React-Core-prebuilt' in project 'Pods'
        ➜ Explicit dependency on target 'React-jsi' in project 'Pods'
        ➜ Explicit dependency on target 'React-NativeModulesApple' in project 'Pods'
        ➜ Explicit dependency on target 'React-RCTFBReactNativeSpec' in project 'Pods'
        ➜ Explicit dependency on target 'ReactCommon' in project 'Pods'
        ➜ Explicit dependency on target 'ReactNativeDependencies' in project 'Pods'
    Target 'React-RCTLinking' in project 'Pods'
        ➜ Explicit dependency on target 'React-Core' in project 'Pods'
        ➜ Explicit dependency on target 'React-jsi' in project 'Pods'
        ➜ Explicit dependency on target 'React-NativeModulesApple' in project 'Pods'
        ➜ Explicit dependency on target 'React-RCTFBReactNativeSpec' in project 'Pods'
        ➜ Explicit dependency on target 'ReactCommon' in project 'Pods'
    Target 'React-RCTActionSheet' in project 'Pods'
        ➜ Explicit dependency on target 'React-Core' in project 'Pods'
    Target 'RNPurchases' in project 'Pods'
        ➜ Explicit dependency on target 'PurchasesHybridCommon' in project 'Pods'
        ➜ Explicit dependency on target 'React-Core' in project 'Pods'
    Target 'PurchasesHybridCommon' in project 'Pods'
        ➜ Explicit dependency on target 'PurchasesHybridCommon-PurchasesHybridCommon' in project 'Pods'
        ➜ Explicit dependency on target 'RevenueCat' in project 'Pods'
    Target 'RevenueCat' in project 'Pods'
        ➜ Explicit dependency on target 'RevenueCat-RevenueCat' in project 'Pods'
    Target 'RevenueCat-RevenueCat' in project 'Pods' (no dependencies)
    Target 'PurchasesHybridCommon-PurchasesHybridCommon' in project 'Pods' (no dependencies)
    Target 'ExpoSplashScreen' in project 'Pods'
        ➜ Explicit dependency on target 'ExpoModulesCore' in project 'Pods'
    Target 'ExpoSQLite' in project 'Pods'
        ➜ Explicit dependency on target 'ExpoModulesCore' in project 'Pods'
    Target 'ExpoModulesWorklets' in project 'Pods'
        ➜ Explicit dependency on target 'ExpoModulesCore' in project 'Pods'
        ➜ Explicit dependency on target 'ExpoModulesJSI' in project 'Pods'
    Target 'ExpoLogBox' in project 'Pods'
        ➜ Explicit dependency on target 'React-Core' in project 'Pods'
    Target 'ExpoKeepAwake' in project 'Pods'
        ➜ Explicit dependency on target 'ExpoModulesCore' in project 'Pods'
    Target 'ExpoHaptics' in project 'Pods'
        ➜ Explicit dependency on target 'ExpoModulesCore' in project 'Pods'
    Target 'ExpoFont' in project 'Pods'
        ➜ Explicit dependency on target 'ExpoModulesCore' in project 'Pods'
    Target 'ExpoFileSystem' in project 'Pods'
        ➜ Explicit dependency on target 'ExpoFileSystem-ExpoFileSystem_privacy' in project 'Pods'
        ➜ Explicit dependency on target 'ExpoModulesCore' in project 'Pods'
    Target 'ExpoFileSystem-ExpoFileSystem_privacy' in project 'Pods' (no dependencies)
    Target 'ExpoDomWebView' in project 'Pods'
        ➜ Explicit dependency on target 'ExpoModulesCore' in project 'Pods'
    Target 'ExpoAsset' in project 'Pods'
        ➜ Explicit dependency on target 'ExpoModulesCore' in project 'Pods'
    Target 'Expo' in project 'Pods'
        ➜ Explicit dependency on target 'ExpoModulesCore' in project 'Pods'
        ➜ Explicit dependency on target 'ExpoModulesJSI' in project 'Pods'
        ➜ Explicit dependency on target 'RCTRequired' in project 'Pods'
        ➜ Explicit dependency on target 'RCTTypeSafety' in project 'Pods'
        ➜ Explicit dependency on target 'React-Core' in project 'Pods'
        ➜ Explicit dependency on target 'React-Core-prebuilt' in project 'Pods'
        ➜ Explicit dependency on target 'React-Fabric' in project 'Pods'
        ➜ Explicit dependency on target 'React-ImageManager' in project 'Pods'
        ➜ Explicit dependency on target 'React-NativeModulesApple' in project 'Pods'
        ➜ Explicit dependency on target 'React-RCTAppDelegate' in project 'Pods'
        ➜ Explicit dependency on target 'React-RCTFabric' in project 'Pods'
        ➜ Explicit dependency on target 'React-debug' in project 'Pods'
        ➜ Explicit dependency on target 'React-featureflags' in project 'Pods'
        ➜ Explicit dependency on target 'React-graphics' in project 'Pods'
        ➜ Explicit dependency on target 'React-jsi' in project 'Pods'
        ➜ Explicit dependency on target 'React-renderercss' in project 'Pods'
        ➜ Explicit dependency on target 'React-rendererdebug' in project 'Pods'
        ➜ Explicit dependency on target 'React-utils' in project 'Pods'
        ➜ Explicit dependency on target 'ReactAppDependencyProvider' in project 'Pods'
        ➜ Explicit dependency on target 'ReactCodegen' in project 'Pods'
        ➜ Explicit dependency on target 'ReactCommon' in project 'Pods'
        ➜ Explicit dependency on target 'ReactNativeDependencies' in project 'Pods'
        ➜ Explicit dependency on target 'Yoga' in project 'Pods'
        ➜ Explicit dependency on target 'hermes-engine' in project 'Pods'
    Target 'ReactAppDependencyProvider' in project 'Pods'
        ➜ Explicit dependency on target 'ReactCodegen' in project 'Pods'
    Target 'EXUpdatesInterface' in project 'Pods'
        ➜ Explicit dependency on target 'ExpoModulesCore' in project 'Pods'
    Target 'EXManifests' in project 'Pods'
        ➜ Explicit dependency on target 'ExpoModulesCore' in project 'Pods'
    Target 'EXJSONUtils' in project 'Pods' (no dependencies)
    Target 'EXConstants' in project 'Pods'
        ➜ Explicit dependency on target 'EXConstants-EXConstants' in project 'Pods'
        ➜ Explicit dependency on target 'EXConstants-ExpoConstants_privacy' in project 'Pods'
        ➜ Explicit dependency on target 'ExpoModulesCore' in project 'Pods'
    Target 'ExpoModulesCore' in project 'Pods'
        ➜ Explicit dependency on target 'ExpoModulesJSI' in project 'Pods'
        ➜ Explicit dependency on target 'hermes-engine' in project 'Pods'
        ➜ Explicit dependency on target 'RCTRequired' in project 'Pods'
        ➜ Explicit dependency on target 'RCTTypeSafety' in project 'Pods'
        ➜ Explicit dependency on target 'React-Core' in project 'Pods'
        ➜ Explicit dependency on target 'React-Core-prebuilt' in project 'Pods'
        ➜ Explicit dependency on target 'React-debug' in project 'Pods'
        ➜ Explicit dependency on target 'React-Fabric' in project 'Pods'
        ➜ Explicit dependency on target 'React-featureflags' in project 'Pods'
        ➜ Explicit dependency on target 'React-graphics' in project 'Pods'
        ➜ Explicit dependency on target 'React-ImageManager' in project 'Pods'
        ➜ Explicit dependency on target 'React-jsi' in project 'Pods'
        ➜ Explicit dependency on target 'React-jsinspector' in project 'Pods'
        ➜ Explicit dependency on target 'React-NativeModulesApple' in project 'Pods'
        ➜ Explicit dependency on target 'React-RCTFabric' in project 'Pods'
        ➜ Explicit dependency on target 'React-renderercss' in project 'Pods'
        ➜ Explicit dependency on target 'React-rendererdebug' in project 'Pods'
        ➜ Explicit dependency on target 'React-utils' in project 'Pods'
        ➜ Explicit dependency on target 'ReactCodegen' in project 'Pods'
        ➜ Explicit dependency on target 'ReactCommon' in project 'Pods'
        ➜ Explicit dependency on target 'ReactNativeDependencies' in project 'Pods'
        ➜ Explicit dependency on target 'Yoga' in project 'Pods'
    Target 'ReactCodegen' in project 'Pods'
        ➜ Explicit dependency on target 'RCTRequired' in project 'Pods'
        ➜ Explicit dependency on target 'RCTTypeSafety' in project 'Pods'
        ➜ Explicit dependency on target 'React-Core' in project 'Pods'
        ➜ Explicit dependency on target 'React-Core-prebuilt' in project 'Pods'
        ➜ Explicit dependency on target 'React-Fabric' in project 'Pods'
        ➜ Explicit dependency on target 'React-FabricImage' in project 'Pods'
        ➜ Explicit dependency on target 'React-NativeModulesApple' in project 'Pods'
        ➜ Explicit dependency on target 'React-RCTAppDelegate' in project 'Pods'
        ➜ Explicit dependency on target 'React-debug' in project 'Pods'
        ➜ Explicit dependency on target 'React-featureflags' in project 'Pods'
        ➜ Explicit dependency on target 'React-graphics' in project 'Pods'
        ➜ Explicit dependency on target 'React-jsi' in project 'Pods'
        ➜ Explicit dependency on target 'React-jsiexecutor' in project 'Pods'
        ➜ Explicit dependency on target 'React-rendererdebug' in project 'Pods'
        ➜ Explicit dependency on target 'React-utils' in project 'Pods'
        ➜ Explicit dependency on target 'ReactCommon' in project 'Pods'
        ➜ Explicit dependency on target 'ReactNativeDependencies' in project 'Pods'
        ➜ Explicit dependency on target 'hermes-engine' in project 'Pods'
    Target 'React-RCTAppDelegate' in project 'Pods'
        ➜ Explicit dependency on target 'hermes-engine' in project 'Pods'
        ➜ Explicit dependency on target 'RCTRequired' in project 'Pods'
        ➜ Explicit dependency on target 'RCTTypeSafety' in project 'Pods'
        ➜ Explicit dependency on target 'React-Core' in project 'Pods'
        ➜ Explicit dependency on target 'React-Core-prebuilt' in project 'Pods'
        ➜ Explicit dependency on target 'React-CoreModules' in project 'Pods'
        ➜ Explicit dependency on target 'React-debug' in project 'Pods'
        ➜ Explicit dependency on target 'React-defaultsnativemodule' in project 'Pods'
        ➜ Explicit dependency on target 'React-Fabric' in project 'Pods'
        ➜ Explicit dependency on target 'React-featureflags' in project 'Pods'
        ➜ Explicit dependency on target 'React-graphics' in project 'Pods'
        ➜ Explicit dependency on target 'React-hermes' in project 'Pods'
        ➜ Explicit dependency on target 'React-jsitooling' in project 'Pods'
        ➜ Explicit dependency on target 'React-NativeModulesApple' in project 'Pods'
        ➜ Explicit dependency on target 'React-RCTFabric' in project 'Pods'
        ➜ Explicit dependency on target 'React-RCTFBReactNativeSpec' in project 'Pods'
        ➜ Explicit dependency on target 'React-RCTImage' in project 'Pods'
        ➜ Explicit dependency on target 'React-RCTNetwork' in project 'Pods'
        ➜ Explicit dependency on target 'React-RCTRuntime' in project 'Pods'
        ➜ Explicit dependency on target 'React-rendererdebug' in project 'Pods'
        ➜ Explicit dependency on target 'React-RuntimeApple' in project 'Pods'
        ➜ Explicit dependency on target 'React-RuntimeCore' in project 'Pods'
        ➜ Explicit dependency on target 'React-runtimeexecutor' in project 'Pods'
        ➜ Explicit dependency on target 'React-runtimescheduler' in project 'Pods'
        ➜ Explicit dependency on target 'React-utils' in project 'Pods'
        ➜ Explicit dependency on target 'ReactCommon' in project 'Pods'
        ➜ Explicit dependency on target 'ReactNativeDependencies' in project 'Pods'
    Target 'React-RCTRuntime' in project 'Pods'
        ➜ Explicit dependency on target 'hermes-engine' in project 'Pods'
        ➜ Explicit dependency on target 'React-Core' in project 'Pods'
        ➜ Explicit dependency on target 'React-Core-prebuilt' in project 'Pods'
        ➜ Explicit dependency on target 'React-debug' in project 'Pods'
        ➜ Explicit dependency on target 'React-jsi' in project 'Pods'
        ➜ Explicit dependency on target 'React-jsinspector' in project 'Pods'
        ➜ Explicit dependency on target 'React-jsinspectorcdp' in project 'Pods'
        ➜ Explicit dependency on target 'React-jsinspectortracing' in project 'Pods'
        ➜ Explicit dependency on target 'React-jsitooling' in project 'Pods'
        ➜ Explicit dependency on target 'React-RuntimeApple' in project 'Pods'
        ➜ Explicit dependency on target 'React-RuntimeCore' in project 'Pods'
        ➜ Explicit dependency on target 'React-runtimeexecutor' in project 'Pods'
        ➜ Explicit dependency on target 'React-RuntimeHermes' in project 'Pods'
        ➜ Explicit dependency on target 'React-utils' in project 'Pods'
        ➜ Explicit dependency on target 'ReactNativeDependencies' in project 'Pods'
    Target 'React-RuntimeApple' in project 'Pods'
        ➜ Explicit dependency on target 'hermes-engine' in project 'Pods'
        ➜ Explicit dependency on target 'React-callinvoker' in project 'Pods'
        ➜ Explicit dependency on target 'React-Core' in project 'Pods'
        ➜ Explicit dependency on target 'React-Core-prebuilt' in project 'Pods'
        ➜ Explicit dependency on target 'React-CoreModules' in project 'Pods'
        ➜ Explicit dependency on target 'React-cxxreact' in project 'Pods'
        ➜ Explicit dependency on target 'React-featureflags' in project 'Pods'
        ➜ Explicit dependency on target 'React-jserrorhandler' in project 'Pods'
        ➜ Explicit dependency on target 'React-jsi' in project 'Pods'
        ➜ Explicit dependency on target 'React-jsiexecutor' in project 'Pods'
        ➜ Explicit dependency on target 'React-jsinspector' in project 'Pods'
        ➜ Explicit dependency on target 'React-jsitooling' in project 'Pods'
        ➜ Explicit dependency on target 'React-Mapbuffer' in project 'Pods'
        ➜ Explicit dependency on target 'React-NativeModulesApple' in project 'Pods'
        ➜ Explicit dependency on target 'React-RCTFabric' in project 'Pods'
        ➜ Explicit dependency on target 'React-RCTFBReactNativeSpec' in project 'Pods'
        ➜ Explicit dependency on target 'React-RuntimeCore' in project 'Pods'
        ➜ Explicit dependency on target 'React-runtimeexecutor' in project 'Pods'
        ➜ Explicit dependency on target 'React-RuntimeHermes' in project 'Pods'
        ➜ Explicit dependency on target 'React-runtimescheduler' in project 'Pods'
        ➜ Explicit dependency on target 'React-utils' in project 'Pods'
        ➜ Explicit dependency on target 'ReactNativeDependencies' in project 'Pods'
    Target 'React-RuntimeHermes' in project 'Pods'
        ➜ Explicit dependency on target 'hermes-engine' in project 'Pods'
        ➜ Explicit dependency on target 'React-Core-prebuilt' in project 'Pods'
        ➜ Explicit dependency on target 'React-featureflags' in project 'Pods'
        ➜ Explicit dependency on target 'React-hermes' in project 'Pods'
        ➜ Explicit dependency on target 'React-jsi' in project 'Pods'
        ➜ Explicit dependency on target 'React-jsinspector' in project 'Pods'
        ➜ Explicit dependency on target 'React-jsinspectorcdp' in project 'Pods'
        ➜ Explicit dependency on target 'React-jsinspectortracing' in project 'Pods'
        ➜ Explicit dependency on target 'React-jsitooling' in project 'Pods'
        ➜ Explicit dependency on target 'React-jsitracing' in project 'Pods'
        ➜ Explicit dependency on target 'React-RuntimeCore' in project 'Pods'
        ➜ Explicit dependency on target 'React-runtimeexecutor' in project 'Pods'
        ➜ Explicit dependency on target 'React-utils' in project 'Pods'
        ➜ Explicit dependency on target 'ReactNativeDependencies' in project 'Pods'
    Target 'React-jsitracing' in project 'Pods'
        ➜ Explicit dependency on target 'React-jsi' in project 'Pods'
    Target 'React-RuntimeCore' in project 'Pods'
        ➜ Explicit dependency on target 'hermes-engine' in project 'Pods'
        ➜ Explicit dependency on target 'React-Core-prebuilt' in project 'Pods'
        ➜ Explicit dependency on target 'React-cxxreact' in project 'Pods'
        ➜ Explicit dependency on target 'React-Fabric' in project 'Pods'
        ➜ Explicit dependency on target 'React-featureflags' in project 'Pods'
        ➜ Explicit dependency on target 'React-jserrorhandler' in project 'Pods'
        ➜ Explicit dependency on target 'React-jsi' in project 'Pods'
        ➜ Explicit dependency on target 'React-jsiexecutor' in project 'Pods'
        ➜ Explicit dependency on target 'React-jsinspector' in project 'Pods'
        ➜ Explicit dependency on target 'React-jsitooling' in project 'Pods'
        ➜ Explicit dependency on target 'React-performancetimeline' in project 'Pods'
        ➜ Explicit dependency on target 'React-runtimeexecutor' in project 'Pods'
        ➜ Explicit dependency on target 'React-runtimescheduler' in project 'Pods'
        ➜ Explicit dependency on target 'React-utils' in project 'Pods'
        ➜ Explicit dependency on target 'ReactNativeDependencies' in project 'Pods'
    Target 'React-Mapbuffer' in project 'Pods'
        ➜ Explicit dependency on target 'React-Core-prebuilt' in project 'Pods'
        ➜ Explicit dependency on target 'React-debug' in project 'Pods'
        ➜ Explicit dependency on target 'ReactNativeDependencies' in project 'Pods'
    Target 'React-defaultsnativemodule' in project 'Pods'
        ➜ Explicit dependency on target 'hermes-engine' in project 'Pods'
        ➜ Explicit dependency on target 'React-Core-prebuilt' in project 'Pods'
        ➜ Explicit dependency on target 'React-domnativemodule' in project 'Pods'
        ➜ Explicit dependency on target 'React-Fabric' in project 'Pods'
        ➜ Explicit dependency on target 'React-featureflags' in project 'Pods'
        ➜ Explicit dependency on target 'React-featureflagsnativemodule' in project 'Pods'
        ➜ Explicit dependency on target 'React-idlecallbacksnativemodule' in project 'Pods'
        ➜ Explicit dependency on target 'React-intersectionobservernativemodule' in project 'Pods'
        ➜ Explicit dependency on target 'React-jsi' in project 'Pods'
        ➜ Explicit dependency on target 'React-jsiexecutor' in project 'Pods'
        ➜ Explicit dependency on target 'React-microtasksnativemodule' in project 'Pods'
        ➜ Explicit dependency on target 'React-mutationobservernativemodule' in project 'Pods'
        ➜ Explicit dependency on target 'React-RCTFBReactNativeSpec' in project 'Pods'
        ➜ Explicit dependency on target 'React-viewtransitionnativemodule' in project 'Pods'
        ➜ Explicit dependency on target 'React-webperformancenativemodule' in project 'Pods'
        ➜ Explicit dependency on target 'ReactNativeDependencies' in project 'Pods'
        ➜ Explicit dependency on target 'Yoga' in project 'Pods'
    Target 'React-webperformancenativemodule' in project 'Pods'
        ➜ Explicit dependency on target 'hermes-engine' in project 'Pods'
        ➜ Explicit dependency on target 'React-Core-prebuilt' in project 'Pods'
        ➜ Explicit dependency on target 'React-cxxreact' in project 'Pods'
        ➜ Explicit dependency on target 'React-jsi' in project 'Pods'
        ➜ Explicit dependency on target 'React-jsiexecutor' in project 'Pods'
        ➜ Explicit dependency on target 'React-performancetimeline' in project 'Pods'
        ➜ Explicit dependency on target 'React-RCTFBReactNativeSpec' in project 'Pods'
        ➜ Explicit dependency on target 'React-runtimeexecutor' in project 'Pods'
        ➜ Explicit dependency on target 'ReactCommon' in project 'Pods'
        ➜ Explicit dependency on target 'ReactNativeDependencies' in project 'Pods'
    Target 'React-viewtransitionnativemodule' in project 'Pods'
        ➜ Explicit dependency on target 'hermes-engine' in project 'Pods'
        ➜ Explicit dependency on target 'React-Core-prebuilt' in project 'Pods'
        ➜ Explicit dependency on target 'React-Fabric' in project 'Pods'
        ➜ Explicit dependency on target 'React-jsi' in project 'Pods'
        ➜ Explicit dependency on target 'React-jsiexecutor' in project 'Pods'
        ➜ Explicit dependency on target 'React-RCTFBReactNativeSpec' in project 'Pods'
        ➜ Explicit dependency on target 'React-runtimeexecutor' in project 'Pods'
        ➜ Explicit dependency on target 'ReactCommon' in project 'Pods'
        ➜ Explicit dependency on target 'ReactNativeDependencies' in project 'Pods'
        ➜ Explicit dependency on target 'Yoga' in project 'Pods'
    Target 'React-mutationobservernativemodule' in project 'Pods'
        ➜ Explicit dependency on target 'hermes-engine' in project 'Pods'
        ➜ Explicit dependency on target 'React-Core-prebuilt' in project 'Pods'
        ➜ Explicit dependency on target 'React-cxxreact' in project 'Pods'
        ➜ Explicit dependency on target 'React-Fabric' in project 'Pods'
        ➜ Explicit dependency on target 'React-featureflags' in project 'Pods'
        ➜ Explicit dependency on target 'React-jsi' in project 'Pods'
        ➜ Explicit dependency on target 'React-jsiexecutor' in project 'Pods'
        ➜ Explicit dependency on target 'React-RCTFBReactNativeSpec' in project 'Pods'
        ➜ Explicit dependency on target 'React-runtimeexecutor' in project 'Pods'
        ➜ Explicit dependency on target 'ReactCommon' in project 'Pods'
        ➜ Explicit dependency on target 'ReactNativeDependencies' in project 'Pods'
        ➜ Explicit dependency on target 'Yoga' in project 'Pods'
    Target 'React-microtasksnativemodule' in project 'Pods'
        ➜ Explicit dependency on target 'hermes-engine' in project 'Pods'
        ➜ Explicit dependency on target 'React-Core-prebuilt' in project 'Pods'
        ➜ Explicit dependency on target 'React-jsi' in project 'Pods'
        ➜ Explicit dependency on target 'React-jsiexecutor' in project 'Pods'
        ➜ Explicit dependency on target 'React-RCTFBReactNativeSpec' in project 'Pods'
        ➜ Explicit dependency on target 'ReactCommon' in project 'Pods'
        ➜ Explicit dependency on target 'ReactNativeDependencies' in project 'Pods'
    Target 'React-intersectionobservernativemodule' in project 'Pods'
        ➜ Explicit dependency on target 'hermes-engine' in project 'Pods'
        ➜ Explicit dependency on target 'React-Core-prebuilt' in project 'Pods'
        ➜ Explicit dependency on target 'React-cxxreact' in project 'Pods'
        ➜ Explicit dependency on target 'React-Fabric' in project 'Pods'
        ➜ Explicit dependency on target 'React-graphics' in project 'Pods'
        ➜ Explicit dependency on target 'React-jsi' in project 'Pods'
        ➜ Explicit dependency on target 'React-jsiexecutor' in project 'Pods'
        ➜ Explicit dependency on target 'React-RCTFBReactNativeSpec' in project 'Pods'
        ➜ Explicit dependency on target 'React-runtimeexecutor' in project 'Pods'
        ➜ Explicit dependency on target 'React-runtimescheduler' in project 'Pods'
        ➜ Explicit dependency on target 'ReactCommon' in project 'Pods'
        ➜ Explicit dependency on target 'ReactNativeDependencies' in project 'Pods'
        ➜ Explicit dependency on target 'Yoga' in project 'Pods'
    Target 'React-idlecallbacksnativemodule' in project 'Pods'
        ➜ Explicit dependency on target 'hermes-engine' in project 'Pods'
        ➜ Explicit dependency on target 'React-Core-prebuilt' in project 'Pods'
        ➜ Explicit dependency on target 'React-jsi' in project 'Pods'
        ➜ Explicit dependency on target 'React-jsiexecutor' in project 'Pods'
        ➜ Explicit dependency on target 'React-RCTFBReactNativeSpec' in project 'Pods'
        ➜ Explicit dependency on target 'React-runtimeexecutor' in project 'Pods'
        ➜ Explicit dependency on target 'React-runtimescheduler' in project 'Pods'
        ➜ Explicit dependency on target 'ReactCommon' in project 'Pods'
        ➜ Explicit dependency on target 'ReactNativeDependencies' in project 'Pods'
    Target 'React-featureflagsnativemodule' in project 'Pods'
        ➜ Explicit dependency on target 'hermes-engine' in project 'Pods'
        ➜ Explicit dependency on target 'React-Core-prebuilt' in project 'Pods'
        ➜ Explicit dependency on target 'React-featureflags' in project 'Pods'
        ➜ Explicit dependency on target 'React-jsi' in project 'Pods'
        ➜ Explicit dependency on target 'React-jsiexecutor' in project 'Pods'
        ➜ Explicit dependency on target 'React-RCTFBReactNativeSpec' in project 'Pods'
        ➜ Explicit dependency on target 'ReactCommon' in project 'Pods'
        ➜ Explicit dependency on target 'ReactNativeDependencies' in project 'Pods'
    Target 'React-domnativemodule' in project 'Pods'
        ➜ Explicit dependency on target 'hermes-engine' in project 'Pods'
        ➜ Explicit dependency on target 'React-Core-prebuilt' in project 'Pods'
        ➜ Explicit dependency on target 'React-Fabric' in project 'Pods'
        ➜ Explicit dependency on target 'React-FabricComponents' in project 'Pods'
        ➜ Explicit dependency on target 'React-graphics' in project 'Pods'
        ➜ Explicit dependency on target 'React-jsi' in project 'Pods'
        ➜ Explicit dependency on target 'React-jsiexecutor' in project 'Pods'
        ➜ Explicit dependency on target 'React-RCTFBReactNativeSpec' in project 'Pods'
        ➜ Explicit dependency on target 'React-runtimeexecutor' in project 'Pods'
        ➜ Explicit dependency on target 'ReactCommon' in project 'Pods'
        ➜ Explicit dependency on target 'ReactNativeDependencies' in project 'Pods'
        ➜ Explicit dependency on target 'Yoga' in project 'Pods'
    Target 'React-CoreModules' in project 'Pods'
        ➜ Explicit dependency on target 'RCTTypeSafety' in project 'Pods'
        ➜ Explicit dependency on target 'React-Core' in project 'Pods'
        ➜ Explicit dependency on target 'React-Core-prebuilt' in project 'Pods'
        ➜ Explicit dependency on target 'React-debug' in project 'Pods'
        ➜ Explicit dependency on target 'React-featureflags' in project 'Pods'
        ➜ Explicit dependency on target 'React-jsi' in project 'Pods'
        ➜ Explicit dependency on target 'React-jsinspector' in project 'Pods'
        ➜ Explicit dependency on target 'React-jsinspectorcdp' in project 'Pods'
        ➜ Explicit dependency on target 'React-jsinspectortracing' in project 'Pods'
        ➜ Explicit dependency on target 'React-NativeModulesApple' in project 'Pods'
        ➜ Explicit dependency on target 'React-RCTBlob' in project 'Pods'
        ➜ Explicit dependency on target 'React-RCTFBReactNativeSpec' in project 'Pods'
        ➜ Explicit dependency on target 'React-RCTImage' in project 'Pods'
        ➜ Explicit dependency on target 'React-runtimeexecutor' in project 'Pods'
        ➜ Explicit dependency on target 'React-utils' in project 'Pods'
        ➜ Explicit dependency on target 'ReactCommon' in project 'Pods'
        ➜ Explicit dependency on target 'ReactNativeDependencies' in project 'Pods'
    Target 'React-RCTBlob' in project 'Pods'
        ➜ Explicit dependency on target 'hermes-engine' in project 'Pods'
        ➜ Explicit dependency on target 'React-Core' in project 'Pods'
        ➜ Explicit dependency on target 'React-Core-prebuilt' in project 'Pods'
        ➜ Explicit dependency on target 'React-jsi' in project 'Pods'
        ➜ Explicit dependency on target 'React-jsinspector' in project 'Pods'
        ➜ Explicit dependency on target 'React-jsinspectorcdp' in project 'Pods'
        ➜ Explicit dependency on target 'React-NativeModulesApple' in project 'Pods'
        ➜ Explicit dependency on target 'React-RCTFBReactNativeSpec' in project 'Pods'
        ➜ Explicit dependency on target 'React-RCTNetwork' in project 'Pods'
        ➜ Explicit dependency on target 'ReactCommon' in project 'Pods'
        ➜ Explicit dependency on target 'ReactNativeDependencies' in project 'Pods'
    Target 'React-RCTFabric' in project 'Pods'
        ➜ Explicit dependency on target 'hermes-engine' in project 'Pods'
        ➜ Explicit dependency on target 'RCTSwiftUIWrapper' in project 'Pods'
        ➜ Explicit dependency on target 'React-Core' in project 'Pods'
        ➜ Explicit dependency on target 'React-Core-prebuilt' in project 'Pods'
        ➜ Explicit dependency on target 'React-debug' in project 'Pods'
        ➜ Explicit dependency on target 'React-Fabric' in project 'Pods'
        ➜ Explicit dependency on target 'React-FabricComponents' in project 'Pods'
        ➜ Explicit dependency on target 'React-FabricImage' in project 'Pods'
        ➜ Explicit dependency on target 'React-featureflags' in project 'Pods'
        ➜ Explicit dependency on target 'React-graphics' in project 'Pods'
        ➜ Explicit dependency on target 'React-ImageManager' in project 'Pods'
        ➜ Explicit dependency on target 'React-jsi' in project 'Pods'
        ➜ Explicit dependency on target 'React-jsinspector' in project 'Pods'
        ➜ Explicit dependency on target 'React-jsinspectorcdp' in project 'Pods'
        ➜ Explicit dependency on target 'React-jsinspectortracing' in project 'Pods'
        ➜ Explicit dependency on target 'React-networking' in project 'Pods'
        ➜ Explicit dependency on target 'React-performancecdpmetrics' in project 'Pods'
        ➜ Explicit dependency on target 'React-performancetimeline' in project 'Pods'
        ➜ Explicit dependency on target 'React-RCTAnimation' in project 'Pods'
        ➜ Explicit dependency on target 'React-RCTFBReactNativeSpec' in project 'Pods'
        ➜ Explicit dependency on target 'React-RCTImage' in project 'Pods'
        ➜ Explicit dependency on target 'React-RCTText' in project 'Pods'
        ➜ Explicit dependency on target 'React-rendererconsistency' in project 'Pods'
        ➜ Explicit dependency on target 'React-renderercss' in project 'Pods'
        ➜ Explicit dependency on target 'React-rendererdebug' in project 'Pods'
        ➜ Explicit dependency on target 'React-runtimeexecutor' in project 'Pods'
        ➜ Explicit dependency on target 'React-runtimescheduler' in project 'Pods'
        ➜ Explicit dependency on target 'React-utils' in project 'Pods'
        ➜ Explicit dependency on target 'ReactNativeDependencies' in project 'Pods'
        ➜ Explicit dependency on target 'Yoga' in project 'Pods'
    Target 'React-RCTText' in project 'Pods'
        ➜ Explicit dependency on target 'React-Core' in project 'Pods'
        ➜ Explicit dependency on target 'Yoga' in project 'Pods'
    Target 'React-RCTImage' in project 'Pods'
        ➜ Explicit dependency on target 'RCTTypeSafety' in project 'Pods'
        ➜ Explicit dependency on target 'React-Core' in project 'Pods'
        ➜ Explicit dependency on target 'React-Core-prebuilt' in project 'Pods'
        ➜ Explicit dependency on target 'React-jsi' in project 'Pods'
        ➜ Explicit dependency on target 'React-NativeModulesApple' in project 'Pods'
        ➜ Explicit dependency on target 'React-RCTFBReactNativeSpec' in project 'Pods'
        ➜ Explicit dependency on target 'React-RCTNetwork' in project 'Pods'
        ➜ Explicit dependency on target 'ReactCommon' in project 'Pods'
        ➜ Explicit dependency on target 'ReactNativeDependencies' in project 'Pods'
    Target 'React-RCTNetwork' in project 'Pods'
        ➜ Explicit dependency on target 'RCTTypeSafety' in project 'Pods'
        ➜ Explicit dependency on target 'React-Core' in project 'Pods'
        ➜ Explicit dependency on target 'React-Core-prebuilt' in project 'Pods'
        ➜ Explicit dependency on target 'React-debug' in project 'Pods'
        ➜ Explicit dependency on target 'React-featureflags' in project 'Pods'
        ➜ Explicit dependency on target 'React-jsi' in project 'Pods'
        ➜ Explicit dependency on target 'React-jsinspectorcdp' in project 'Pods'
        ➜ Explicit dependency on target 'React-jsinspectornetwork' in project 'Pods'
        ➜ Explicit dependency on target 'React-NativeModulesApple' in project 'Pods'
        ➜ Explicit dependency on target 'React-networking' in project 'Pods'
        ➜ Explicit dependency on target 'React-RCTFBReactNativeSpec' in project 'Pods'
        ➜ Explicit dependency on target 'ReactCommon' in project 'Pods'
        ➜ Explicit dependency on target 'ReactNativeDependencies' in project 'Pods'
    Target 'React-RCTAnimation' in project 'Pods'
        ➜ Explicit dependency on target 'RCTTypeSafety' in project 'Pods'
        ➜ Explicit dependency on target 'React-Core' in project 'Pods'
        ➜ Explicit dependency on target 'React-Core-prebuilt' in project 'Pods'
        ➜ Explicit dependency on target 'React-debug' in project 'Pods'
        ➜ Explicit dependency on target 'React-featureflags' in project 'Pods'
        ➜ Explicit dependency on target 'React-jsi' in project 'Pods'
        ➜ Explicit dependency on target 'React-NativeModulesApple' in project 'Pods'
        ➜ Explicit dependency on target 'React-RCTFBReactNativeSpec' in project 'Pods'
        ➜ Explicit dependency on target 'ReactCommon' in project 'Pods'
        ➜ Explicit dependency on target 'ReactNativeDependencies' in project 'Pods'
    Target 'React-networking' in project 'Pods'
        ➜ Explicit dependency on target 'React-Core-prebuilt' in project 'Pods'
        ➜ Explicit dependency on target 'React-jsinspectornetwork' in project 'Pods'
        ➜ Explicit dependency on target 'React-jsinspectortracing' in project 'Pods'
        ➜ Explicit dependency on target 'React-performancetimeline' in project 'Pods'
        ➜ Explicit dependency on target 'React-timing' in project 'Pods'
        ➜ Explicit dependency on target 'ReactNativeDependencies' in project 'Pods'
    Target 'React-FabricImage' in project 'Pods'
        ➜ Explicit dependency on target 'hermes-engine' in project 'Pods'
        ➜ Explicit dependency on target 'RCTRequired' in project 'Pods'
        ➜ Explicit dependency on target 'RCTTypeSafety' in project 'Pods'
        ➜ Explicit dependency on target 'React-Core-prebuilt' in project 'Pods'
        ➜ Explicit dependency on target 'React-Fabric' in project 'Pods'
        ➜ Explicit dependency on target 'React-featureflags' in project 'Pods'
        ➜ Explicit dependency on target 'React-graphics' in project 'Pods'
        ➜ Explicit dependency on target 'React-ImageManager' in project 'Pods'
        ➜ Explicit dependency on target 'React-jsi' in project 'Pods'
        ➜ Explicit dependency on target 'React-jsiexecutor' in project 'Pods'
        ➜ Explicit dependency on target 'React-logger' in project 'Pods'
        ➜ Explicit dependency on target 'React-rendererdebug' in project 'Pods'
        ➜ Explicit dependency on target 'React-utils' in project 'Pods'
        ➜ Explicit dependency on target 'ReactCommon' in project 'Pods'
        ➜ Explicit dependency on target 'ReactNativeDependencies' in project 'Pods'
        ➜ Explicit dependency on target 'Yoga' in project 'Pods'
    Target 'React-FabricComponents' in project 'Pods'
        ➜ Explicit dependency on target 'hermes-engine' in project 'Pods'
        ➜ Explicit dependency on target 'RCTRequired' in project 'Pods'
        ➜ Explicit dependency on target 'RCTTypeSafety' in project 'Pods'
        ➜ Explicit dependency on target 'React-Core' in project 'Pods'
        ➜ Explicit dependency on target 'React-Core-prebuilt' in project 'Pods'
        ➜ Explicit dependency on target 'React-cxxreact' in project 'Pods'
        ➜ Explicit dependency on target 'React-debug' in project 'Pods'
        ➜ Explicit dependency on target 'React-Fabric' in project 'Pods'
        ➜ Explicit dependency on target 'React-featureflags' in project 'Pods'
        ➜ Explicit dependency on target 'React-graphics' in project 'Pods'
        ➜ Explicit dependency on target 'React-jsi' in project 'Pods'
        ➜ Explicit dependency on target 'React-jsiexecutor' in project 'Pods'
        ➜ Explicit dependency on target 'React-logger' in project 'Pods'
        ➜ Explicit dependency on target 'React-RCTFBReactNativeSpec' in project 'Pods'
        ➜ Explicit dependency on target 'React-rendererdebug' in project 'Pods'
        ➜ Explicit dependency on target 'React-runtimescheduler' in project 'Pods'
        ➜ Explicit dependency on target 'React-utils' in project 'Pods'
        ➜ Explicit dependency on target 'ReactCommon' in project 'Pods'
        ➜ Explicit dependency on target 'ReactNativeDependencies' in project 'Pods'
        ➜ Explicit dependency on target 'Yoga' in project 'Pods'
    Target 'React-RCTFBReactNativeSpec' in project 'Pods'
        ➜ Explicit dependency on target 'hermes-engine' in project 'Pods'
        ➜ Explicit dependency on target 'RCTRequired' in project 'Pods'
        ➜ Explicit dependency on target 'RCTTypeSafety' in project 'Pods'
        ➜ Explicit dependency on target 'React-Core' in project 'Pods'
        ➜ Explicit dependency on target 'React-Core-prebuilt' in project 'Pods'
        ➜ Explicit dependency on target 'React-debug' in project 'Pods'
        ➜ Explicit dependency on target 'React-Fabric' in project 'Pods'
        ➜ Explicit dependency on target 'React-featureflags' in project 'Pods'
        ➜ Explicit dependency on target 'React-graphics' in project 'Pods'
        ➜ Explicit dependency on target 'React-jsi' in project 'Pods'
        ➜ Explicit dependency on target 'React-NativeModulesApple' in project 'Pods'
        ➜ Explicit dependency on target 'React-rendererdebug' in project 'Pods'
        ➜ Explicit dependency on target 'React-utils' in project 'Pods'
        ➜ Explicit dependency on target 'ReactCommon' in project 'Pods'
        ➜ Explicit dependency on target 'ReactNativeDependencies' in project 'Pods'
        ➜ Explicit dependency on target 'Yoga' in project 'Pods'
    Target 'RCTSwiftUIWrapper' in project 'Pods'
        ➜ Explicit dependency on target 'RCTSwiftUI' in project 'Pods'
    Target 'RCTSwiftUI' in project 'Pods' (no dependencies)
    Target 'React-NativeModulesApple' in project 'Pods'
        ➜ Explicit dependency on target 'hermes-engine' in project 'Pods'
        ➜ Explicit dependency on target 'React-callinvoker' in project 'Pods'
        ➜ Explicit dependency on target 'React-Core' in project 'Pods'
        ➜ Explicit dependency on target 'React-Core-prebuilt' in project 'Pods'
        ➜ Explicit dependency on target 'React-cxxreact' in project 'Pods'
        ➜ Explicit dependency on target 'React-debug' in project 'Pods'
        ➜ Explicit dependency on target 'React-featureflags' in project 'Pods'
        ➜ Explicit dependency on target 'React-jsi' in project 'Pods'
        ➜ Explicit dependency on target 'React-jsinspector' in project 'Pods'
        ➜ Explicit dependency on target 'React-jsinspectorcdp' in project 'Pods'
        ➜ Explicit dependency on target 'React-runtimeexecutor' in project 'Pods'
        ➜ Explicit dependency on target 'ReactCommon' in project 'Pods'
        ➜ Explicit dependency on target 'ReactNativeDependencies' in project 'Pods'
    Target 'React-ImageManager' in project 'Pods'
        ➜ Explicit dependency on target 'React-Core' in project 'Pods'
        ➜ Explicit dependency on target 'React-Core-prebuilt' in project 'Pods'
        ➜ Explicit dependency on target 'React-debug' in project 'Pods'
        ➜ Explicit dependency on target 'React-Fabric' in project 'Pods'
        ➜ Explicit dependency on target 'React-graphics' in project 'Pods'
        ➜ Explicit dependency on target 'React-rendererdebug' in project 'Pods'
        ➜ Explicit dependency on target 'React-utils' in project 'Pods'
        ➜ Explicit dependency on target 'ReactNativeDependencies' in project 'Pods'
    Target 'React-Fabric' in project 'Pods'
        ➜ Explicit dependency on target 'hermes-engine' in project 'Pods'
        ➜ Explicit dependency on target 'RCTRequired' in project 'Pods'
        ➜ Explicit dependency on target 'RCTTypeSafety' in project 'Pods'
        ➜ Explicit dependency on target 'React-Core' in project 'Pods'
        ➜ Explicit dependency on target 'React-Core-prebuilt' in project 'Pods'
        ➜ Explicit dependency on target 'React-cxxreact' in project 'Pods'
        ➜ Explicit dependency on target 'React-debug' in project 'Pods'
        ➜ Explicit dependency on target 'React-featureflags' in project 'Pods'
        ➜ Explicit dependency on target 'React-graphics' in project 'Pods'
        ➜ Explicit dependency on target 'React-jsi' in project 'Pods'
        ➜ Explicit dependency on target 'React-jsiexecutor' in project 'Pods'
        ➜ Explicit dependency on target 'React-jsinspectortracing' in project 'Pods'
        ➜ Explicit dependency on target 'React-logger' in project 'Pods'
        ➜ Explicit dependency on target 'React-performancecdpmetrics' in project 'Pods'
        ➜ Explicit dependency on target 'React-performancetimeline' in project 'Pods'
        ➜ Explicit dependency on target 'React-rendererconsistency' in project 'Pods'
        ➜ Explicit dependency on target 'React-renderercss' in project 'Pods'
        ➜ Explicit dependency on target 'React-rendererdebug' in project 'Pods'
        ➜ Explicit dependency on target 'React-runtimeexecutor' in project 'Pods'
        ➜ Explicit dependency on target 'React-runtimescheduler' in project 'Pods'
        ➜ Explicit dependency on target 'React-utils' in project 'Pods'
        ➜ Explicit dependency on target 'ReactCommon' in project 'Pods'
        ➜ Explicit dependency on target 'ReactNativeDependencies' in project 'Pods'
        ➜ Explicit dependency on target 'Yoga' in project 'Pods'
    Target 'React-renderercss' in project 'Pods'
        ➜ Explicit dependency on target 'React-debug' in project 'Pods'
        ➜ Explicit dependency on target 'React-utils' in project 'Pods'
    Target 'React-performancecdpmetrics' in project 'Pods'
        ➜ Explicit dependency on target 'hermes-engine' in project 'Pods'
        ➜ Explicit dependency on target 'React-Core-prebuilt' in project 'Pods'
        ➜ Explicit dependency on target 'React-jsi' in project 'Pods'
        ➜ Explicit dependency on target 'React-performancetimeline' in project 'Pods'
        ➜ Explicit dependency on target 'React-runtimeexecutor' in project 'Pods'
        ➜ Explicit dependency on target 'React-timing' in project 'Pods'
        ➜ Explicit dependency on target 'ReactNativeDependencies' in project 'Pods'
    Target 'React-graphics' in project 'Pods'
        ➜ Explicit dependency on target 'hermes-engine' in project 'Pods'
        ➜ Explicit dependency on target 'React-Core-prebuilt' in project 'Pods'
        ➜ Explicit dependency on target 'React-featureflags' in project 'Pods'
        ➜ Explicit dependency on target 'React-jsi' in project 'Pods'
        ➜ Explicit dependency on target 'React-jsiexecutor' in project 'Pods'
        ➜ Explicit dependency on target 'React-rendererdebug' in project 'Pods'
        ➜ Explicit dependency on target 'React-utils' in project 'Pods'
        ➜ Explicit dependency on target 'ReactNativeDependencies' in project 'Pods'
    Target 'RCTTypeSafety' in project 'Pods'
        ➜ Explicit dependency on target 'FBLazyVector' in project 'Pods'
        ➜ Explicit dependency on target 'RCTRequired' in project 'Pods'
        ➜ Explicit dependency on target 'React-Core' in project 'Pods'
    Target 'FBLazyVector' in project 'Pods' (no dependencies)
    Target 'RCTRequired' in project 'Pods' (no dependencies)
    Target 'ExpoModulesJSI' in project 'Pods'
        ➜ Explicit dependency on target 'React-Core' in project 'Pods'
        ➜ Explicit dependency on target 'ReactCommon' in project 'Pods'
    Target 'React-Core' in project 'Pods'
        ➜ Explicit dependency on target 'hermes-engine' in project 'Pods'
        ➜ Explicit dependency on target 'RCTDeprecation' in project 'Pods'
        ➜ Explicit dependency on target 'React-Core-prebuilt' in project 'Pods'
        ➜ Explicit dependency on target 'React-Core-React-Core_privacy' in project 'Pods'
        ➜ Explicit dependency on target 'React-cxxreact' in project 'Pods'
        ➜ Explicit dependency on target 'React-featureflags' in project 'Pods'
        ➜ Explicit dependency on target 'React-hermes' in project 'Pods'
        ➜ Explicit dependency on target 'React-jsi' in project 'Pods'
        ➜ Explicit dependency on target 'React-jsiexecutor' in project 'Pods'
        ➜ Explicit dependency on target 'React-jsinspector' in project 'Pods'
        ➜ Explicit dependency on target 'React-jsinspectorcdp' in project 'Pods'
        ➜ Explicit dependency on target 'React-jsitooling' in project 'Pods'
        ➜ Explicit dependency on target 'React-perflogger' in project 'Pods'
        ➜ Explicit dependency on target 'React-runtimeexecutor' in project 'Pods'
        ➜ Explicit dependency on target 'React-runtimescheduler' in project 'Pods'
        ➜ Explicit dependency on target 'React-utils' in project 'Pods'
        ➜ Explicit dependency on target 'ReactNativeDependencies' in project 'Pods'
        ➜ Explicit dependency on target 'Yoga' in project 'Pods'
    Target 'Yoga' in project 'Pods' (no dependencies)
    Target 'React-runtimescheduler' in project 'Pods'
        ➜ Explicit dependency on target 'hermes-engine' in project 'Pods'
        ➜ Explicit dependency on target 'React-callinvoker' in project 'Pods'
        ➜ Explicit dependency on target 'React-Core-prebuilt' in project 'Pods'
        ➜ Explicit dependency on target 'React-cxxreact' in project 'Pods'
        ➜ Explicit dependency on target 'React-debug' in project 'Pods'
        ➜ Explicit dependency on target 'React-featureflags' in project 'Pods'
        ➜ Explicit dependency on target 'React-jsi' in project 'Pods'
        ➜ Explicit dependency on target 'React-jsinspectortracing' in project 'Pods'
        ➜ Explicit dependency on target 'React-performancetimeline' in project 'Pods'
        ➜ Explicit dependency on target 'React-rendererconsistency' in project 'Pods'
        ➜ Explicit dependency on target 'React-rendererdebug' in project 'Pods'
        ➜ Explicit dependency on target 'React-runtimeexecutor' in project 'Pods'
        ➜ Explicit dependency on target 'React-timing' in project 'Pods'
        ➜ Explicit dependency on target 'React-utils' in project 'Pods'
        ➜ Explicit dependency on target 'ReactNativeDependencies' in project 'Pods'
    Target 'React-rendererdebug' in project 'Pods'
        ➜ Explicit dependency on target 'React-Core-prebuilt' in project 'Pods'
        ➜ Explicit dependency on target 'React-debug' in project 'Pods'
        ➜ Explicit dependency on target 'ReactNativeDependencies' in project 'Pods'
    Target 'React-rendererconsistency' in project 'Pods' (no dependencies)
    Target 'React-performancetimeline' in project 'Pods'
        ➜ Explicit dependency on target 'React-Core-prebuilt' in project 'Pods'
        ➜ Explicit dependency on target 'React-featureflags' in project 'Pods'
        ➜ Explicit dependency on target 'React-jsinspector' in project 'Pods'
        ➜ Explicit dependency on target 'React-jsinspectortracing' in project 'Pods'
        ➜ Explicit dependency on target 'React-perflogger' in project 'Pods'
        ➜ Explicit dependency on target 'React-timing' in project 'Pods'
        ➜ Explicit dependency on target 'ReactNativeDependencies' in project 'Pods'
    Target 'React-hermes' in project 'Pods'
        ➜ Explicit dependency on target 'hermes-engine' in project 'Pods'
        ➜ Explicit dependency on target 'React-Core-prebuilt' in project 'Pods'
        ➜ Explicit dependency on target 'React-cxxreact' in project 'Pods'
        ➜ Explicit dependency on target 'React-jsi' in project 'Pods'
        ➜ Explicit dependency on target 'React-jsiexecutor' in project 'Pods'
        ➜ Explicit dependency on target 'React-jsinspector' in project 'Pods'
        ➜ Explicit dependency on target 'React-jsinspectorcdp' in project 'Pods'
        ➜ Explicit dependency on target 'React-jsinspectortracing' in project 'Pods'
        ➜ Explicit dependency on target 'React-jsitooling' in project 'Pods'
        ➜ Explicit dependency on target 'React-oscompat' in project 'Pods'
        ➜ Explicit dependency on target 'React-perflogger' in project 'Pods'
        ➜ Explicit dependency on target 'React-runtimeexecutor' in project 'Pods'
        ➜ Explicit dependency on target 'ReactNativeDependencies' in project 'Pods'
    Target 'React-jsiexecutor' in project 'Pods'
        ➜ Explicit dependency on target 'hermes-engine' in project 'Pods'
        ➜ Explicit dependency on target 'React-Core-prebuilt' in project 'Pods'
        ➜ Explicit dependency on target 'React-cxxreact' in project 'Pods'
        ➜ Explicit dependency on target 'React-debug' in project 'Pods'
        ➜ Explicit dependency on target 'React-jserrorhandler' in project 'Pods'
        ➜ Explicit dependency on target 'React-jsi' in project 'Pods'
        ➜ Explicit dependency on target 'React-jsinspector' in project 'Pods'
        ➜ Explicit dependency on target 'React-jsinspectorcdp' in project 'Pods'
        ➜ Explicit dependency on target 'React-jsinspectortracing' in project 'Pods'
        ➜ Explicit dependency on target 'React-jsitooling' in project 'Pods'
        ➜ Explicit dependency on target 'React-perflogger' in project 'Pods'
        ➜ Explicit dependency on target 'React-runtimeexecutor' in project 'Pods'
        ➜ Explicit dependency on target 'React-utils' in project 'Pods'
        ➜ Explicit dependency on target 'ReactNativeDependencies' in project 'Pods'
    Target 'React-jsitooling' in project 'Pods'
        ➜ Explicit dependency on target 'hermes-engine' in project 'Pods'
        ➜ Explicit dependency on target 'React-Core-prebuilt' in project 'Pods'
        ➜ Explicit dependency on target 'React-cxxreact' in project 'Pods'
        ➜ Explicit dependency on target 'React-debug' in project 'Pods'
        ➜ Explicit dependency on target 'React-jsi' in project 'Pods'
        ➜ Explicit dependency on target 'React-jsinspector' in project 'Pods'
        ➜ Explicit dependency on target 'React-jsinspectorcdp' in project 'Pods'
        ➜ Explicit dependency on target 'React-jsinspectortracing' in project 'Pods'
        ➜ Explicit dependency on target 'React-runtimeexecutor' in project 'Pods'
        ➜ Explicit dependency on target 'React-utils' in project 'Pods'
        ➜ Explicit dependency on target 'ReactNativeDependencies' in project 'Pods'
    Target 'React-jserrorhandler' in project 'Pods'
        ➜ Explicit dependency on target 'hermes-engine' in project 'Pods'
        ➜ Explicit dependency on target 'React-Core-prebuilt' in project 'Pods'
        ➜ Explicit dependency on target 'React-cxxreact' in project 'Pods'
        ➜ Explicit dependency on target 'React-debug' in project 'Pods'
        ➜ Explicit dependency on target 'React-featureflags' in project 'Pods'
        ➜ Explicit dependency on target 'React-jsi' in project 'Pods'
        ➜ Explicit dependency on target 'ReactCommon' in project 'Pods'
        ➜ Explicit dependency on target 'ReactNativeDependencies' in project 'Pods'
    Target 'ReactCommon' in project 'Pods'
        ➜ Explicit dependency on target 'hermes-engine' in project 'Pods'
        ➜ Explicit dependency on target 'React-callinvoker' in project 'Pods'
        ➜ Explicit dependency on target 'React-Core-prebuilt' in project 'Pods'
        ➜ Explicit dependency on target 'React-cxxreact' in project 'Pods'
        ➜ Explicit dependency on target 'React-debug' in project 'Pods'
        ➜ Explicit dependency on target 'React-featureflags' in project 'Pods'
        ➜ Explicit dependency on target 'React-jsi' in project 'Pods'
        ➜ Explicit dependency on target 'React-logger' in project 'Pods'
        ➜ Explicit dependency on target 'React-perflogger' in project 'Pods'
        ➜ Explicit dependency on target 'React-utils' in project 'Pods'
        ➜ Explicit dependency on target 'ReactNativeDependencies' in project 'Pods'
    Target 'React-cxxreact' in project 'Pods'
        ➜ Explicit dependency on target 'hermes-engine' in project 'Pods'
        ➜ Explicit dependency on target 'React-callinvoker' in project 'Pods'
        ➜ Explicit dependency on target 'React-Core-prebuilt' in project 'Pods'
        ➜ Explicit dependency on target 'React-cxxreact-React-cxxreact_privacy' in project 'Pods'
        ➜ Explicit dependency on target 'React-debug' in project 'Pods'
        ➜ Explicit dependency on target 'React-jsi' in project 'Pods'
        ➜ Explicit dependency on target 'React-jsinspector' in project 'Pods'
        ➜ Explicit dependency on target 'React-jsinspectorcdp' in project 'Pods'
        ➜ Explicit dependency on target 'React-jsinspectortracing' in project 'Pods'
        ➜ Explicit dependency on target 'React-logger' in project 'Pods'
        ➜ Explicit dependency on target 'React-perflogger' in project 'Pods'
        ➜ Explicit dependency on target 'React-runtimeexecutor' in project 'Pods'
        ➜ Explicit dependency on target 'React-timing' in project 'Pods'
        ➜ Explicit dependency on target 'React-utils' in project 'Pods'
        ➜ Explicit dependency on target 'ReactNativeDependencies' in project 'Pods'
    Target 'React-logger' in project 'Pods'
        ➜ Explicit dependency on target 'React-Core-prebuilt' in project 'Pods'
        ➜ Explicit dependency on target 'ReactNativeDependencies' in project 'Pods'
    Target 'React-jsinspector' in project 'Pods'
        ➜ Explicit dependency on target 'hermes-engine' in project 'Pods'
        ➜ Explicit dependency on target 'React-Core-prebuilt' in project 'Pods'
        ➜ Explicit dependency on target 'React-featureflags' in project 'Pods'
        ➜ Explicit dependency on target 'React-jsi' in project 'Pods'
        ➜ Explicit dependency on target 'React-jsinspectorcdp' in project 'Pods'
        ➜ Explicit dependency on target 'React-jsinspectornetwork' in project 'Pods'
        ➜ Explicit dependency on target 'React-jsinspectortracing' in project 'Pods'
        ➜ Explicit dependency on target 'React-oscompat' in project 'Pods'
        ➜ Explicit dependency on target 'React-perflogger' in project 'Pods'
        ➜ Explicit dependency on target 'React-runtimeexecutor' in project 'Pods'
        ➜ Explicit dependency on target 'React-utils' in project 'Pods'
        ➜ Explicit dependency on target 'ReactNativeDependencies' in project 'Pods'
    Target 'React-runtimeexecutor' in project 'Pods'
        ➜ Explicit dependency on target 'React-Core-prebuilt' in project 'Pods'
        ➜ Explicit dependency on target 'React-debug' in project 'Pods'
        ➜ Explicit dependency on target 'React-featureflags' in project 'Pods'
        ➜ Explicit dependency on target 'React-jsi' in project 'Pods'
        ➜ Explicit dependency on target 'React-utils' in project 'Pods'
        ➜ Explicit dependency on target 'ReactNativeDependencies' in project 'Pods'
    Target 'React-perflogger' in project 'Pods'
        ➜ Explicit dependency on target 'React-Core-prebuilt' in project 'Pods'
        ➜ Explicit dependency on target 'ReactNativeDependencies' in project 'Pods'
    Target 'React-jsinspectortracing' in project 'Pods'
        ➜ Explicit dependency on target 'hermes-engine' in project 'Pods'
        ➜ Explicit dependency on target 'React-Core-prebuilt' in project 'Pods'
        ➜ Explicit dependency on target 'React-jsi' in project 'Pods'
        ➜ Explicit dependency on target 'React-jsinspectornetwork' in project 'Pods'
        ➜ Explicit dependency on target 'React-oscompat' in project 'Pods'
        ➜ Explicit dependency on target 'React-timing' in project 'Pods'
        ➜ Explicit dependency on target 'React-utils' in project 'Pods'
        ➜ Explicit dependency on target 'ReactNativeDependencies' in project 'Pods'
    Target 'React-utils' in project 'Pods'
        ➜ Explicit dependency on target 'hermes-engine' in project 'Pods'
        ➜ Explicit dependency on target 'React-Core-prebuilt' in project 'Pods'
        ➜ Explicit dependency on target 'React-debug' in project 'Pods'
        ➜ Explicit dependency on target 'React-jsi' in project 'Pods'
        ➜ Explicit dependency on target 'ReactNativeDependencies' in project 'Pods'
    Target 'React-timing' in project 'Pods'
        ➜ Explicit dependency on target 'React-debug' in project 'Pods'
        ➜ Explicit dependency on target 'React-timing-React-timing_privacy' in project 'Pods'
    Target 'React-timing-React-timing_privacy' in project 'Pods' (no dependencies)
    Target 'React-oscompat' in project 'Pods' (no dependencies)
    Target 'React-jsinspectornetwork' in project 'Pods'
        ➜ Explicit dependency on target 'React-Core-prebuilt' in project 'Pods'
        ➜ Explicit dependency on target 'React-jsinspectorcdp' in project 'Pods'
        ➜ Explicit dependency on target 'ReactNativeDependencies' in project 'Pods'
    Target 'React-jsinspectorcdp' in project 'Pods'
        ➜ Explicit dependency on target 'React-Core-prebuilt' in project 'Pods'
        ➜ Explicit dependency on target 'ReactNativeDependencies' in project 'Pods'
    Target 'React-featureflags' in project 'Pods'
        ➜ Explicit dependency on target 'React-Core-prebuilt' in project 'Pods'
        ➜ Explicit dependency on target 'ReactNativeDependencies' in project 'Pods'
    Target 'React-jsi' in project 'Pods'
        ➜ Explicit dependency on target 'hermes-engine' in project 'Pods'
        ➜ Explicit dependency on target 'React-Core-prebuilt' in project 'Pods'
        ➜ Explicit dependency on target 'ReactNativeDependencies' in project 'Pods'
    Target 'React-debug' in project 'Pods' (no dependencies)
    Target 'React-cxxreact-React-cxxreact_privacy' in project 'Pods' (no dependencies)
    Target 'React-callinvoker' in project 'Pods' (no dependencies)
    Target 'React-Core-React-Core_privacy' in project 'Pods' (no dependencies)
    Target 'React-Core-prebuilt' in project 'Pods'
        ➜ Explicit dependency on target 'ReactNativeDependencies' in project 'Pods'
    Target 'ReactNativeDependencies' in project 'Pods' (no dependencies)
    Target 'RCTDeprecation' in project 'Pods' (no dependencies)
    Target 'hermes-engine' in project 'Pods' (no dependencies)
    Target 'EXConstants-ExpoConstants_privacy' in project 'Pods' (no dependencies)
    Target 'EXConstants-EXConstants' in project 'Pods' (no dependencies)

GatherProvisioningInputs

CreateBuildDescription

ClangStatCache /Applications/Xcode.app/Contents/Developer/Toolchains/XcodeDefault.xctoolchain/usr/bin/clang-stat-cache /Applications/Xcode.app/Contents/Developer/Platforms/iPhoneSimulator.platform/Developer/SDKs/iPhoneSimulator26.0.sdk /Users/myfuckingmacbookair/Documents/GitHub/bindery/ios/build/SDKStatCaches.noindex/iphonesimulator26.0-23A339-26257891a6c027eb51374368541b8346.sdkstatcache
    cd /Users/myfuckingmacbookair/Documents/GitHub/bindery/ios
    /Applications/Xcode.app/Contents/Developer/Toolchains/XcodeDefault.xctoolchain/usr/bin/clang-stat-cache /Applications/Xcode.app/Contents/Developer/Platforms/iPhoneSimulator.platform/Developer/SDKs/iPhoneSimulator26.0.sdk -o /Users/myfuckingmacbookair/Documents/GitHub/bindery/ios/build/SDKStatCaches.noindex/iphonesimulator26.0-23A339-26257891a6c027eb51374368541b8346.sdkstatcache

warning: Run script build phase '[CP-User] [Hermes] Replace Hermes for the right configuration, if needed' will be run during every build because it does not specify any outputs. To address this issue, either add output dependencies to the script phase, or configure it to run in every build by unchecking "Based on dependency analysis" in the script phase. (in target 'hermes-engine' from project 'Pods')
PhaseScriptExecution [CP-User]\ [Hermes]\ Replace\ Hermes\ for\ the\ right\ configuration,\ if\ needed /Users/myfuckingmacbookair/Documents/GitHub/bindery/ios/build/Build/Intermediates.noindex/Pods.build/Release-iphonesimulator/hermes-engine.build/Script-46EB2E0001B5E0.sh (in target 'hermes-engine' from project 'Pods')
    cd /Users/myfuckingmacbookair/Documents/GitHub/bindery/ios/Pods
    export ACTION\=build
    export AD_HOC_CODE_SIGNING_ALLOWED\=YES
    export ALLOW_BUILD_REQUEST_OVERRIDES\=NO
    export ALLOW_TARGET_PLATFORM_SPECIALIZATION\=NO
    export ALTERNATE_GROUP\=staff
    export ALTERNATE_MODE\=u+w,go-w,a+rX
    export ALTERNATE_OWNER\=myfuckingmacbookair
    export ALTERNATIVE_DISTRIBUTION_WEB\=NO
    export ALWAYS_EMBED_SWIFT_STANDARD_LIBRARIES\=NO
    export ALWAYS_SEARCH_USER_PATHS\=NO
    export ALWAYS_USE_SEPARATE_HEADERMAPS\=NO
    export ANDROID_DEPLOYMENT_TARGET\=21.0
    export APPLICATION_EXTENSION_API_ONLY\=NO
    export APPLY_RULES_IN_COPY_FILES\=NO
    export APPLY_RULES_IN_COPY_HEADERS\=NO
    export APP_SHORTCUTS_ENABLE_FLEXIBLE_MATCHING\=YES
    export ARCHS\=arm64\ x86_64
    export ARCHS_STANDARD\=arm64\ x86_64
    export ARCHS_STANDARD_32_64_BIT\=arm64\ x86_64
    export ARCHS_STANDARD_64_BIT\=arm64\ x86_64
    export ARCHS_STANDARD_INCLUDING_64_BIT\=arm64\ x86_64
    export ARCHS_UNIVERSAL_IPHONE_OS\=arm64\ x86_64
    export ASSETCATALOG_COMPILER_APPICON_NAME\=AppIcon
    export ASSETCATALOG_COMPILER_GLOBAL_ACCENT_COLOR_NAME\=AccentColor
    export ASSETCATALOG_FILTER_FOR_DEVICE_MODEL\=iPhone18,1
    export ASSETCATALOG_FILTER_FOR_DEVICE_OS_VERSION\=26.0.1
    export ASSETCATALOG_FILTER_FOR_THINNING_DEVICE_CONFIGURATION\=iPhone18,1
    export AUTOMATICALLY_MERGE_DEPENDENCIES\=NO
    export AUTOMATION_APPLE_EVENTS\=NO
    export AVAILABLE_PLATFORMS\=android\ appletvos\ appletvsimulator\ driverkit\ iphoneos\ iphonesimulator\ macosx\ qnx\ watchos\ watchsimulator\ webassembly\ xros\ xrsimulator
    export BUILD_ACTIVE_RESOURCES_ONLY\=YES
    export BUILD_COMPONENTS\=headers\ build
    export BUILD_DIR\=/Users/myfuckingmacbookair/Documents/GitHub/bindery/ios/build/Build/Products
    export BUILD_LIBRARY_FOR_DISTRIBUTION\=NO
    export BUILD_ROOT\=/Users/myfuckingmacbookair/Documents/GitHub/bindery/ios/build/Build/Products
    export BUILD_STYLE\=
    export BUILD_VARIANTS\=normal
    export BUILT_PRODUCTS_DIR\=/Users/myfuckingmacbookair/Documents/GitHub/bindery/ios/build/Build/Products/Release-iphonesimulator/hermes-engine
    export BUNDLE_CONTENTS_FOLDER_PATH_deep\=Contents/
    export BUNDLE_EXECUTABLE_FOLDER_NAME_deep\=MacOS
    export BUNDLE_EXTENSIONS_FOLDER_PATH\=Extensions
    export BUNDLE_FORMAT\=shallow
    export BUNDLE_FRAMEWORKS_FOLDER_PATH\=Frameworks
    export BUNDLE_PLUGINS_FOLDER_PATH\=PlugIns
    export BUNDLE_PRIVATE_HEADERS_FOLDER_PATH\=PrivateHeaders
    export BUNDLE_PUBLIC_HEADERS_FOLDER_PATH\=Headers
    export CACHE_ROOT\=/var/folders/p3/qv3pwhyn1njgqlcyk_px59gr0000gn/C/com.apple.DeveloperTools/26.0.1-17A400/Xcode
    export CCHROOT\=/var/folders/p3/qv3pwhyn1njgqlcyk_px59gr0000gn/C/com.apple.DeveloperTools/26.0.1-17A400/Xcode
    export CHMOD\=/bin/chmod
    export CHOWN\=/usr/sbin/chown
    export CLANG_ANALYZER_LOCALIZABILITY_NONLOCALIZED\=YES
    export CLANG_ANALYZER_NONNULL\=YES
    export CLANG_ANALYZER_NUMBER_OBJECT_CONVERSION\=YES_AGGRESSIVE
    export CLANG_CACHE_FINE_GRAINED_OUTPUTS\=YES
    export CLANG_CXX_LANGUAGE_STANDARD\=c++20
    export CLANG_CXX_LIBRARY\=compiler-default
    export CLANG_ENABLE_EXPLICIT_MODULES\=YES
    export CLANG_ENABLE_MODULES\=YES
    export CLANG_ENABLE_OBJC_ARC\=YES
    export CLANG_ENABLE_OBJC_WEAK\=NO
    export CLANG_MODULES_BUILD_SESSION_FILE\=/Users/myfuckingmacbookair/Documents/GitHub/bindery/ios/build/ModuleCache.noindex/Session.modulevalidation
    export CLANG_WARN_BLOCK_CAPTURE_AUTORELEASING\=YES
    export CLANG_WARN_BOOL_CONVERSION\=YES
    export CLANG_WARN_COMMA\=YES
    export CLANG_WARN_CONSTANT_CONVERSION\=YES
    export CLANG_WARN_DEPRECATED_OBJC_IMPLEMENTATIONS\=YES
    export CLANG_WARN_DIRECT_OBJC_ISA_USAGE\=YES_ERROR
    export CLANG_WARN_DOCUMENTATION_COMMENTS\=YES
    export CLANG_WARN_EMPTY_BODY\=YES
    export CLANG_WARN_ENUM_CONVERSION\=YES
    export CLANG_WARN_INFINITE_RECURSION\=YES
    export CLANG_WARN_INT_CONVERSION\=YES
    export CLANG_WARN_NON_LITERAL_NULL_CONVERSION\=YES
    export CLANG_WARN_OBJC_IMPLICIT_RETAIN_SELF\=YES
    export CLANG_WARN_OBJC_LITERAL_CONVERSION\=YES
    export CLANG_WARN_OBJC_ROOT_CLASS\=YES_ERROR
    export CLANG_WARN_QUOTED_INCLUDE_IN_FRAMEWORK_HEADER\=NO
    export CLANG_WARN_RANGE_LOOP_ANALYSIS\=YES
    export CLANG_WARN_STRICT_PROTOTYPES\=YES
    export CLANG_WARN_SUSPICIOUS_MOVE\=YES
    export CLANG_WARN_UNGUARDED_AVAILABILITY\=YES_AGGRESSIVE
    export CLANG_WARN_UNREACHABLE_CODE\=YES
    export CLANG_WARN__DUPLICATE_METHOD_MATCH\=YES
    export CLASS_FILE_DIR\=/Users/myfuckingmacbookair/Documents/GitHub/bindery/ios/build/Build/Intermediates.noindex/Pods.build/Release-iphonesimulator/hermes-engine.build/JavaClasses
    export CLEAN_PRECOMPS\=YES
    export CLONE_HEADERS\=NO
    export CODESIGNING_FOLDER_PATH\=/Users/myfuckingmacbookair/Documents/GitHub/bindery/ios/build/Build/Products/Release-iphonesimulator/hermes-engine/
    export CODE_SIGNING_ALLOWED\=NO
    export CODE_SIGNING_REQUIRED\=YES
    export CODE_SIGN_CONTEXT_CLASS\=XCiPhoneSimulatorCodeSignContext
    export CODE_SIGN_IDENTITY\=-
    export CODE_SIGN_INJECT_BASE_ENTITLEMENTS\=YES
    export COLOR_DIAGNOSTICS\=NO
    export COMBINE_HIDPI_IMAGES\=NO
    export COMPILATION_CACHE_CAS_PATH\=/Users/myfuckingmacbookair/Documents/GitHub/bindery/ios/build/CompilationCache.noindex
    export COMPILATION_CACHE_KEEP_CAS_DIRECTORY\=YES
    export COMPILER_INDEX_STORE_ENABLE\=Default
    export COMPOSITE_SDK_DIRS\=/Users/myfuckingmacbookair/Documents/GitHub/bindery/ios/build/Build/Intermediates.noindex/CompositeSDKs
    export COMPRESS_PNG_FILES\=YES
    export CONFIGURATION\=Release
    export CONFIGURATION_BUILD_DIR\=/Users/myfuckingmacbookair/Documents/GitHub/bindery/ios/build/Build/Products/Release-iphonesimulator/hermes-engine
    export CONFIGURATION_TEMP_DIR\=/Users/myfuckingmacbookair/Documents/GitHub/bindery/ios/build/Build/Intermediates.noindex/Pods.build/Release-iphonesimulator
    export COPYING_PRESERVES_HFS_DATA\=NO
    export COPY_HEADERS_RUN_UNIFDEF\=NO
    export COPY_PHASE_STRIP\=NO
    export CORRESPONDING_DEVICE_PLATFORM_DIR\=/Applications/Xcode.app/Contents/Developer/Platforms/iPhoneOS.platform
    export CORRESPONDING_DEVICE_PLATFORM_NAME\=iphoneos
    export CORRESPONDING_DEVICE_SDK_DIR\=/Applications/Xcode.app/Contents/Developer/Platforms/iPhoneOS.platform/Developer/SDKs/iPhoneOS26.0.sdk
    export CORRESPONDING_DEVICE_SDK_NAME\=iphoneos26.0
    export CP\=/bin/cp
    export CREATE_INFOPLIST_SECTION_IN_BINARY\=NO
    export CURRENT_ARCH\=undefined_arch
    export CURRENT_VARIANT\=normal
    export DEAD_CODE_STRIPPING\=YES
    export DEBUGGING_SYMBOLS\=YES
    export DEBUG_INFORMATION_FORMAT\=dwarf-with-dsym
    export DEBUG_INFORMATION_VERSION\=compiler-default
    export DEFAULT_COMPILER\=com.apple.compilers.llvm.clang.1_0
    export DEFAULT_DEXT_INSTALL_PATH\=/System/Library/DriverExtensions
    export DEFAULT_KEXT_INSTALL_PATH\=/System/Library/Extensions
    export DEFINES_MODULE\=NO
    export DEPLOYMENT_LOCATION\=NO
    export DEPLOYMENT_POSTPROCESSING\=NO
    export DEPLOYMENT_TARGET_SETTING_NAME\=IPHONEOS_DEPLOYMENT_TARGET
    export DEPLOYMENT_TARGET_SUGGESTED_VALUES\=12.0\ 12.1\ 12.2\ 12.3\ 12.4\ 13.0\ 13.1\ 13.2\ 13.3\ 13.4\ 13.5\ 13.6\ 14.0\ 14.1\ 14.2\ 14.3\ 14.4\ 14.5\ 14.6\ 14.7\ 15.0\ 15.1\ 15.2\ 15.3\ 15.4\ 15.5\ 15.6\ 16.0\ 16.1\ 16.2\ 16.3\ 16.4\ 16.5\ 16.6\ 17.0\ 17.1\ 17.2\ 17.3\ 17.4\ 17.5\ 17.6\ 18.0\ 18.1\ 18.2\ 18.3\ 18.4\ 18.5\ 18.6\ 26.0
    export DERIVED_FILES_DIR\=/Users/myfuckingmacbookair/Documents/GitHub/bindery/ios/build/Build/Intermediates.noindex/Pods.build/Release-iphonesimulator/hermes-engine.build/DerivedSources
    export DERIVED_FILE_DIR\=/Users/myfuckingmacbookair/Documents/GitHub/bindery/ios/build/Build/Intermediates.noindex/Pods.build/Release-iphonesimulator/hermes-engine.build/DerivedSources
    export DERIVED_SOURCES_DIR\=/Users/myfuckingmacbookair/Documents/GitHub/bindery/ios/build/Build/Intermediates.noindex/Pods.build/Release-iphonesimulator/hermes-engine.build/DerivedSources
    export DEVELOPER_APPLICATIONS_DIR\=/Applications/Xcode.app/Contents/Developer/Applications
    export DEVELOPER_BIN_DIR\=/Applications/Xcode.app/Contents/Developer/usr/bin
    export DEVELOPER_DIR\=/Applications/Xcode.app/Contents/Developer
    export DEVELOPER_FRAMEWORKS_DIR\=/Applications/Xcode.app/Contents/Developer/Library/Frameworks
    export DEVELOPER_FRAMEWORKS_DIR_QUOTED\=/Applications/Xcode.app/Contents/Developer/Library/Frameworks
    export DEVELOPER_LIBRARY_DIR\=/Applications/Xcode.app/Contents/Developer/Library
    export DEVELOPER_SDK_DIR\=/Applications/Xcode.app/Contents/Developer/Platforms/MacOSX.platform/Developer/SDKs
    export DEVELOPER_TOOLS_DIR\=/Applications/Xcode.app/Contents/Developer/Tools
    export DEVELOPER_USR_DIR\=/Applications/Xcode.app/Contents/Developer/usr
    export DEVELOPMENT_LANGUAGE\=en
    export DIAGNOSE_MISSING_TARGET_DEPENDENCIES\=YES
    export DIFF\=/usr/bin/diff
    export DONT_GENERATE_INFOPLIST_FILE\=NO
    export DSTROOT\=/tmp/Pods.dst
    export DT_TOOLCHAIN_DIR\=/Applications/Xcode.app/Contents/Developer/Toolchains/XcodeDefault.xctoolchain
    export DWARF_DSYM_FILE_NAME\=.dSYM
    export DWARF_DSYM_FILE_SHOULD_ACCOMPANY_PRODUCT\=NO
    export DWARF_DSYM_FOLDER_PATH\=/Users/myfuckingmacbookair/Documents/GitHub/bindery/ios/build/Build/Products/Release-iphonesimulator/hermes-engine
    export DYNAMIC_LIBRARY_EXTENSION\=dylib
    export EAGER_COMPILATION_ALLOW_SCRIPTS\=NO
    export EAGER_LINKING\=NO
    export EFFECTIVE_PLATFORM_NAME\=-iphonesimulator
    export EMBEDDED_CONTENT_CONTAINS_SWIFT\=NO
    export EMBED_ASSET_PACKS_IN_PRODUCT_BUNDLE\=NO
    export ENABLE_APP_SANDBOX\=NO
    export ENABLE_CODE_COVERAGE\=YES
    export ENABLE_CPLUSPLUS_BOUNDS_SAFE_BUFFERS\=NO
    export ENABLE_C_BOUNDS_SAFETY\=NO
    export ENABLE_DEBUG_DYLIB\=NO
    export ENABLE_DEFAULT_HEADER_SEARCH_PATHS\=YES
    export ENABLE_DEFAULT_SEARCH_PATHS\=YES
    export ENABLE_ENHANCED_SECURITY\=NO
    export ENABLE_HARDENED_RUNTIME\=NO
    export ENABLE_HEADER_DEPENDENCIES\=YES
    export ENABLE_INCOMING_NETWORK_CONNECTIONS\=NO
    export ENABLE_NS_ASSERTIONS\=NO
    export ENABLE_ON_DEMAND_RESOURCES\=NO
    export ENABLE_OUTGOING_NETWORK_CONNECTIONS\=NO
    export ENABLE_POINTER_AUTHENTICATION\=NO
    export ENABLE_PREVIEWS\=NO
    export ENABLE_RESOURCE_ACCESS_AUDIO_INPUT\=NO
    export ENABLE_RESOURCE_ACCESS_BLUETOOTH\=NO
    export ENABLE_RESOURCE_ACCESS_CALENDARS\=NO
    export ENABLE_RESOURCE_ACCESS_CAMERA\=NO
    export ENABLE_RESOURCE_ACCESS_CONTACTS\=NO
    export ENABLE_RESOURCE_ACCESS_LOCATION\=NO
    export ENABLE_RESOURCE_ACCESS_PHOTO_LIBRARY\=NO
    export ENABLE_RESOURCE_ACCESS_PRINTING\=NO
    export ENABLE_RESOURCE_ACCESS_USB\=NO
    export ENABLE_SDK_IMPORTS\=NO
    export ENABLE_SECURITY_COMPILER_WARNINGS\=NO
    export ENABLE_STRICT_OBJC_MSGSEND\=YES
    export ENABLE_TESTABILITY\=NO
    export ENABLE_TESTING_SEARCH_PATHS\=NO
    export ENABLE_USER_SCRIPT_SANDBOXING\=NO
    export ENABLE_XOJIT_PREVIEWS\=NO
    export ENFORCE_VALID_ARCHS\=YES
    export ENTITLEMENTS_DESTINATION\=__entitlements
    export ENTITLEMENTS_REQUIRED\=YES
    export EXCLUDED_INSTALLSRC_SUBDIRECTORY_PATTERNS\=.DS_Store\ .svn\ .git\ .hg\ CVS
    export EXCLUDED_RECURSIVE_SEARCH_PATH_SUBDIRECTORIES\=\*.nib\ \*.lproj\ \*.framework\ \*.gch\ \*.xcode\*\ \*.xcassets\ \*.icon\ \(\*\)\ .DS_Store\ CVS\ .svn\ .git\ .hg\ \*.pbproj\ \*.pbxproj
    export FILE_LIST\=/Users/myfuckingmacbookair/Documents/GitHub/bindery/ios/build/Build/Intermediates.noindex/Pods.build/Release-iphonesimulator/hermes-engine.build/Objects/LinkFileList
    export FIXED_FILES_DIR\=/Users/myfuckingmacbookair/Documents/GitHub/bindery/ios/build/Build/Intermediates.noindex/Pods.build/Release-iphonesimulator/hermes-engine.build/FixedFiles
    export FRAMEWORK_SEARCH_PATHS\=\ \"/Users/myfuckingmacbookair/Documents/GitHub/bindery/ios/Pods/hermes-engine/destroot/Library/Frameworks/universal\"\ \"/Users/myfuckingmacbookair/Documents/GitHub/bindery/ios/build/Build/Products/Release-iphonesimulator/XCFrameworkIntermediates/hermes-engine/Pre-built\"
    export FRAMEWORK_VERSION\=A
    export FUSE_BUILD_PHASES\=YES
    export FUSE_BUILD_SCRIPT_PHASES\=NO
    export GCC3_VERSION\=3.3
    export GCC_C_LANGUAGE_STANDARD\=gnu11
    export GCC_NO_COMMON_BLOCKS\=YES
    export GCC_OBJC_LEGACY_DISPATCH\=YES
    export GCC_PFE_FILE_C_DIALECTS\=c\ objective-c\ c++\ objective-c++
    export GCC_PREPROCESSOR_DEFINITIONS\=POD_CONFIGURATION_RELEASE\=1\ \ COCOAPODS\=1
    export GCC_TREAT_WARNINGS_AS_ERRORS\=NO
    export GCC_VERSION\=com.apple.compilers.llvm.clang.1_0
    export GCC_VERSION_IDENTIFIER\=com_apple_compilers_llvm_clang_1_0
    export GCC_WARN_64_TO_32_BIT_CONVERSION\=YES
    export GCC_WARN_ABOUT_RETURN_TYPE\=YES_ERROR
    export GCC_WARN_INHIBIT_ALL_WARNINGS\=YES
    export GCC_WARN_UNDECLARED_SELECTOR\=YES
    export GCC_WARN_UNINITIALIZED_AUTOS\=YES_AGGRESSIVE
    export GCC_WARN_UNUSED_FUNCTION\=YES
    export GCC_WARN_UNUSED_VARIABLE\=YES
    export GENERATED_MODULEMAP_DIR\=/Users/myfuckingmacbookair/Documents/GitHub/bindery/ios/build/Build/Intermediates.noindex/GeneratedModuleMaps-iphonesimulator
    export GENERATE_INFOPLIST_FILE\=NO
    export GENERATE_INTERMEDIATE_TEXT_BASED_STUBS\=YES
    export GENERATE_PKGINFO_FILE\=NO
    export GENERATE_PRELINK_OBJECT_FILE\=NO
    export GENERATE_PROFILING_CODE\=NO
    export GENERATE_TEXT_BASED_STUBS\=NO
    export GID\=20
    export GROUP\=staff
    export HEADERMAP_INCLUDES_FLAT_ENTRIES_FOR_TARGET_BEING_BUILT\=YES
    export HEADERMAP_INCLUDES_FRAMEWORK_ENTRIES_FOR_ALL_PRODUCT_TYPES\=YES
    export HEADERMAP_INCLUDES_FRAMEWORK_ENTRIES_FOR_TARGETS_NOT_BEING_BUILT\=YES
    export HEADERMAP_INCLUDES_NONPUBLIC_NONPRIVATE_HEADERS\=YES
    export HEADERMAP_INCLUDES_PROJECT_HEADERS\=YES
    export HEADERMAP_USES_FRAMEWORK_PREFIX_ENTRIES\=YES
    export HEADERMAP_USES_VFS\=NO
    export HEADER_SEARCH_PATHS\=\ \"/Users/myfuckingmacbookair/Documents/GitHub/bindery/ios/Pods/Headers/Private\"\ \"/Users/myfuckingmacbookair/Documents/GitHub/bindery/ios/Pods/Headers/Private/hermes-engine\"\ \"/Users/myfuckingmacbookair/Documents/GitHub/bindery/ios/Pods/Headers/Public\"\ \"/Users/myfuckingmacbookair/Documents/GitHub/bindery/ios/Pods/Headers/Public/hermes-engine\"\ \"/Users/myfuckingmacbookair/Documents/GitHub/bindery/ios/Pods/ExpoModulesCore/ExpoModulesCore.xcframework/ios-arm64_x86_64-simulator/ExpoModulesCore.framework/Headers\"\ \"/Users/myfuckingmacbookair/Documents/GitHub/bindery/ios/Pods/ExpoModulesCore/ExpoModulesCore.xcframework/ios-arm64/ExpoModulesCore.framework/Headers\"\ \"/Users/myfuckingmacbookair/Documents/GitHub/bindery/ios/Pods/ExpoModulesCore/ExpoModulesCore.xcframework/ios-arm64_x86_64-simulator/ExpoModulesCore.framework/Headers\"\ \"/Users/myfuckingmacbookair/Documents/GitHub/bindery/ios/Pods/ExpoModulesCore/ExpoModulesCore.xcframework/ios-arm64/ExpoModulesCore.framework/Headers\"
    export HOME\=/Users/myfuckingmacbookair
    export HOST_ARCH\=x86_64
    export HOST_PLATFORM\=macosx
    export ICONV\=/usr/bin/iconv
    export IMPLICIT_DEPENDENCY_DOMAIN\=default
    export INFOPLIST_ENABLE_CFBUNDLEICONS_MERGE\=YES
    export INFOPLIST_EXPAND_BUILD_SETTINGS\=YES
    export INFOPLIST_OUTPUT_FORMAT\=binary
    export INFOPLIST_PREPROCESS\=NO
    export INLINE_PRIVATE_FRAMEWORKS\=NO
    export INSTALLAPI_IGNORE_SKIP_INSTALL\=YES
    export INSTALLHDRS_COPY_PHASE\=NO
    export INSTALLHDRS_SCRIPT_PHASE\=NO
    export INSTALL_DIR\=/tmp/Pods.dst
    export INSTALL_GROUP\=staff
    export INSTALL_MODE_FLAG\=u+w,go-w,a+rX
    export INSTALL_OWNER\=myfuckingmacbookair
    export INSTALL_ROOT\=/tmp/Pods.dst
    export IPHONEOS_DEPLOYMENT_TARGET\=15.1
    export IS_UNOPTIMIZED_BUILD\=NO
    export JAVAC_DEFAULT_FLAGS\=-J-Xms64m\ -J-XX:NewSize\=4M\ -J-Dfile.encoding\=UTF8
    export JAVA_APP_STUB\=/System/Library/Frameworks/JavaVM.framework/Resources/MacOS/JavaApplicationStub
    export JAVA_ARCHIVE_CLASSES\=YES
    export JAVA_ARCHIVE_TYPE\=JAR
    export JAVA_COMPILER\=/usr/bin/javac
    export JAVA_FRAMEWORK_RESOURCES_DIRS\=Resources
    export JAVA_JAR_FLAGS\=cv
    export JAVA_SOURCE_SUBDIR\=.
    export JAVA_USE_DEPENDENCIES\=YES
    export JAVA_ZIP_FLAGS\=-urg
    export JIKES_DEFAULT_FLAGS\=+E\ +OLDCSO
    export KEEP_PRIVATE_EXTERNS\=NO
    export LD_DEPENDENCY_INFO_FILE\=/Users/myfuckingmacbookair/Documents/GitHub/bindery/ios/build/Build/Intermediates.noindex/Pods.build/Release-iphonesimulator/hermes-engine.build/Objects-normal/undefined_arch/hermes-engine_dependency_info.dat
    export LD_EXPORT_SYMBOLS\=YES
    export LD_GENERATE_MAP_FILE\=NO
    export LD_MAP_FILE_PATH\=/Users/myfuckingmacbookair/Documents/GitHub/bindery/ios/build/Build/Intermediates.noindex/Pods.build/Release-iphonesimulator/hermes-engine.build/hermes-engine-LinkMap-normal-undefined_arch.txt
    export LD_NO_PIE\=NO
    export LD_QUOTE_LINKER_ARGUMENTS_FOR_COMPILER_DRIVER\=YES
    export LD_RUNPATH_SEARCH_PATHS\=\ @executable_path/Frameworks
    export LD_SHARED_CACHE_ELIGIBLE\=Automatic
    export LD_WARN_DUPLICATE_LIBRARIES\=NO
    export LD_WARN_UNUSED_DYLIBS\=NO
    export LEGACY_DEVELOPER_DIR\=/Applications/Xcode.app/Contents/PlugIns/Xcode3Core.ideplugin/Contents/SharedSupport/Developer
    export LEX\=lex
    export LIBRARY_DEXT_INSTALL_PATH\=/Library/DriverExtensions
    export LIBRARY_FLAG_NOSPACE\=YES
    export LIBRARY_KEXT_INSTALL_PATH\=/Library/Extensions
    export LINKER_DISPLAYS_MANGLED_NAMES\=NO
    export LINK_FILE_LIST_normal_arm64\=/Users/myfuckingmacbookair/Documents/GitHub/bindery/ios/build/Build/Intermediates.noindex/Pods.build/Release-iphonesimulator/hermes-engine.build/Objects-normal/arm64/hermes-engine.LinkFileList
    export LINK_FILE_LIST_normal_x86_64\=/Users/myfuckingmacbookair/Documents/GitHub/bindery/ios/build/Build/Intermediates.noindex/Pods.build/Release-iphonesimulator/hermes-engine.build/Objects-normal/x86_64/hermes-engine.LinkFileList
    export LINK_OBJC_RUNTIME\=YES
    export LINK_WITH_STANDARD_LIBRARIES\=YES
    export LLVM_TARGET_TRIPLE_OS_VERSION\=ios15.1
    export LLVM_TARGET_TRIPLE_SUFFIX\=-simulator
    export LLVM_TARGET_TRIPLE_VENDOR\=apple
    export LM_AUX_CONST_METADATA_LIST_PATH_normal_arm64\=/Users/myfuckingmacbookair/Documents/GitHub/bindery/ios/build/Build/Intermediates.noindex/Pods.build/Release-iphonesimulator/hermes-engine.build/Objects-normal/arm64/hermes-engine.SwiftConstValuesFileList
    export LM_AUX_CONST_METADATA_LIST_PATH_normal_x86_64\=/Users/myfuckingmacbookair/Documents/GitHub/bindery/ios/build/Build/Intermediates.noindex/Pods.build/Release-iphonesimulator/hermes-engine.build/Objects-normal/x86_64/hermes-engine.SwiftConstValuesFileList
    export LOCALIZATION_EXPORT_SUPPORTED\=YES
    export LOCALIZATION_PREFERS_STRING_CATALOGS\=NO
    export LOCALIZED_STRING_MACRO_NAMES\=NSLocalizedString\ CFCopyLocalizedString
    export LOCALIZED_STRING_SWIFTUI_SUPPORT\=YES
    export LOCAL_ADMIN_APPS_DIR\=/Applications/Utilities
    export LOCAL_APPS_DIR\=/Applications
    export LOCAL_DEVELOPER_DIR\=/Library/Developer
    export LOCAL_LIBRARY_DIR\=/Library
    export LOCROOT\=/Users/myfuckingmacbookair/Documents/GitHub/bindery/ios/Pods
    export LOCSYMROOT\=/Users/myfuckingmacbookair/Documents/GitHub/bindery/ios/Pods
    export MAC_OS_X_PRODUCT_BUILD_VERSION\=25F80
    export MAC_OS_X_VERSION_ACTUAL\=260501
    export MAC_OS_X_VERSION_MAJOR\=260000
    export MAC_OS_X_VERSION_MINOR\=260500
    export MAKE_MERGEABLE\=NO
    export MERGEABLE_LIBRARY\=NO
    export MERGED_BINARY_TYPE\=none
    export MERGE_LINKED_LIBRARIES\=NO
    export METAL_LIBRARY_FILE_BASE\=default
    export METAL_LIBRARY_OUTPUT_DIR\=/Users/myfuckingmacbookair/Documents/GitHub/bindery/ios/build/Build/Products/Release-iphonesimulator/hermes-engine/
    export MODULE_CACHE_DIR\=/Users/myfuckingmacbookair/Documents/GitHub/bindery/ios/build/ModuleCache.noindex
    export MTL_ENABLE_DEBUG_INFO\=NO
    export MTL_FAST_MATH\=YES
    export NATIVE_ARCH\=x86_64
    export NATIVE_ARCH_32_BIT\=i386
    export NATIVE_ARCH_64_BIT\=x86_64
    export NATIVE_ARCH_ACTUAL\=x86_64
    export NO_COMMON\=YES
    export OBJC_ABI_VERSION\=2
    export OBJECT_FILE_DIR\=/Users/myfuckingmacbookair/Documents/GitHub/bindery/ios/build/Build/Intermediates.noindex/Pods.build/Release-iphonesimulator/hermes-engine.build/Objects
    export OBJECT_FILE_DIR_normal\=/Users/myfuckingmacbookair/Documents/GitHub/bindery/ios/build/Build/Intermediates.noindex/Pods.build/Release-iphonesimulator/hermes-engine.build/Objects-normal
    export OBJROOT\=/Users/myfuckingmacbookair/Documents/GitHub/bindery/ios/build/Build/Intermediates.noindex
    export ONLY_ACTIVE_ARCH\=NO
    export OS\=MACOS
    export OSAC\=/usr/bin/osacompile
    export OTHER_CFLAGS\=\ -DRCT_REMOVE_LEGACY_ARCH\=1\ -ivfsoverlay\ \"/Users/myfuckingmacbookair/Documents/GitHub/bindery/ios/Pods/React-Core-prebuilt/React-VFS.yaml\"\ -DNDEBUG
    export OTHER_CPLUSPLUSFLAGS\=\ -DRCT_REMOVE_LEGACY_ARCH\=1\ -ivfsoverlay\ \"/Users/myfuckingmacbookair/Documents/GitHub/bindery/ios/Pods/React-Core-prebuilt/React-VFS.yaml\"\ -DNDEBUG\ -DRCT_REMOVE_LEGACY_ARCH\=1\ -ivfsoverlay\ \"/Users/myfuckingmacbookair/Documents/GitHub/bindery/ios/Pods/React-Core-prebuilt/React-VFS.yaml\"\ -DNDEBUG
    export OTHER_SWIFT_FLAGS\=\ -Xcc\ -ivfsoverlay\ -Xcc\ \"/Users/myfuckingmacbookair/Documents/GitHub/bindery/ios/Pods/React-Core-prebuilt/React-VFS.yaml\"\ -Xcc\ -Wno-incomplete-umbrella
    export PASCAL_STRINGS\=YES
    export PATH\=/Applications/Xcode.app/Contents/SharedFrameworks/SwiftBuild.framework/Versions/A/PlugIns/SWBBuildService.bundle/Contents/PlugIns/SWBUniversalPlatformPlugin.bundle/Contents/Frameworks/SWBUniversalPlatform.framework/Resources:/Applications/Xcode.app/Contents/Developer/Toolchains/XcodeDefault.xctoolchain/usr/bin:/Applications/Xcode.app/Contents/Developer/Toolchains/XcodeDefault.xctoolchain/usr/local/bin:/Applications/Xcode.app/Contents/Developer/Toolchains/XcodeDefault.xctoolchain/usr/libexec:/Applications/Xcode.app/Contents/Developer/Platforms/iPhoneSimulator.platform/usr/bin:/Applications/Xcode.app/Contents/Developer/Platforms/iPhoneSimulator.platform/usr/local/bin:/Applications/Xcode.app/Contents/Developer/Platforms/iPhoneSimulator.platform/Developer/usr/bin:/Applications/Xcode.app/Contents/Developer/Platforms/iPhoneSimulator.platform/Developer/usr/local/bin:/Applications/Xcode.app/Contents/Developer/usr/bin:/Applications/Xcode.app/Contents/Developer/usr/local/bin:/Users/myfuckingmacbookair/.local/bin:/Users/myfuckingmacbookair/.npm-global/bin:/usr/local/bin:/System/Cryptexes/App/usr/bin:/usr/bin:/bin:/usr/sbin:/sbin:/var/run/com.apple.security.cryptexd/codex.system/bootstrap/usr/local/bin:/var/run/com.apple.security.cryptexd/codex.system/bootstrap/usr/bin:/var/run/com.apple.security.cryptexd/codex.system/bootstrap/usr/appleinternal/bin:/pkg/env/global/bin:/Library/Apple/usr/bin:/Users/myfuckingmacbookair/.bun/bin:/Users/myfuckingmacbookair/Library/pnpm:/Users/myfuckingmacbookair/Library/Application\ Support/Claude/local-agent-mode-sessions/skills-plugin/8bf2ebc1-a06e-4b18-bf97-856db8c64549/ec19a108-c20c-455d-9708-6a8cfabeb0b8/bin
    export PATH_PREFIXES_EXCLUDED_FROM_HEADER_DEPENDENCIES\=/usr/include\ /usr/local/include\ /System/Library/Frameworks\ /System/Library/PrivateFrameworks\ /Applications/Xcode.app/Contents/Developer/Headers\ /Applications/Xcode.app/Contents/Developer/SDKs\ /Applications/Xcode.app/Contents/Developer/Platforms
    export PER_ARCH_MODULE_FILE_DIR\=/Users/myfuckingmacbookair/Documents/GitHub/bindery/ios/build/Build/Intermediates.noindex/Pods.build/Release-iphonesimulator/hermes-engine.build/Objects-normal/undefined_arch
    export PER_ARCH_OBJECT_FILE_DIR\=/Users/myfuckingmacbookair/Documents/GitHub/bindery/ios/build/Build/Intermediates.noindex/Pods.build/Release-iphonesimulator/hermes-engine.build/Objects-normal/undefined_arch
    export PER_VARIANT_OBJECT_FILE_DIR\=/Users/myfuckingmacbookair/Documents/GitHub/bindery/ios/build/Build/Intermediates.noindex/Pods.build/Release-iphonesimulator/hermes-engine.build/Objects-normal
    export PKGINFO_FILE_PATH\=/Users/myfuckingmacbookair/Documents/GitHub/bindery/ios/build/Build/Intermediates.noindex/Pods.build/Release-iphonesimulator/hermes-engine.build/PkgInfo
    export PLATFORM_DEVELOPER_APPLICATIONS_DIR\=/Applications/Xcode.app/Contents/Developer/Platforms/iPhoneSimulator.platform/Developer/Applications
    export PLATFORM_DEVELOPER_BIN_DIR\=/Applications/Xcode.app/Contents/Developer/Platforms/iPhoneSimulator.platform/Developer/usr/bin
    export PLATFORM_DEVELOPER_LIBRARY_DIR\=/Applications/Xcode.app/Contents/Developer/Platforms/iPhoneSimulator.platform/Developer/Library
    export PLATFORM_DEVELOPER_SDK_DIR\=/Applications/Xcode.app/Contents/Developer/Platforms/iPhoneSimulator.platform/Developer/SDKs
    export PLATFORM_DEVELOPER_TOOLS_DIR\=/Applications/Xcode.app/Contents/Developer/Platforms/iPhoneSimulator.platform/Developer/Tools
    export PLATFORM_DEVELOPER_USR_DIR\=/Applications/Xcode.app/Contents/Developer/Platforms/iPhoneSimulator.platform/Developer/usr
    export PLATFORM_DIR\=/Applications/Xcode.app/Contents/Developer/Platforms/iPhoneSimulator.platform
    export PLATFORM_DISPLAY_NAME\=iOS\ Simulator
    export PLATFORM_FAMILY_NAME\=iOS
    export PLATFORM_NAME\=iphonesimulator
    export PLATFORM_PREFERRED_ARCH\=x86_64
    export PLATFORM_PRODUCT_BUILD_VERSION\=23A339
    export PLATFORM_REQUIRES_SWIFT_AUTOLINK_EXTRACT\=NO
    export PLATFORM_REQUIRES_SWIFT_MODULEWRAP\=NO
    export PLIST_FILE_OUTPUT_FORMAT\=binary
    export PODFILE_DIR\=/Users/myfuckingmacbookair/Documents/GitHub/bindery/ios/Pods/..
    export PODS_BUILD_DIR\=/Users/myfuckingmacbookair/Documents/GitHub/bindery/ios/build/Build/Products
    export PODS_CONFIGURATION_BUILD_DIR\=/Users/myfuckingmacbookair/Documents/GitHub/bindery/ios/build/Build/Products/Release-iphonesimulator
    export PODS_DEVELOPMENT_LANGUAGE\=en
    export PODS_ROOT\=/Users/myfuckingmacbookair/Documents/GitHub/bindery/ios/Pods
    export PODS_TARGET_SRCROOT\=/Users/myfuckingmacbookair/Documents/GitHub/bindery/ios/Pods/hermes-engine
    export PODS_XCFRAMEWORKS_BUILD_DIR\=/Users/myfuckingmacbookair/Documents/GitHub/bindery/ios/build/Build/Products/Release-iphonesimulator/XCFrameworkIntermediates
    export PRECOMPS_INCLUDE_HEADERS_FROM_BUILT_PRODUCTS_DIR\=YES
    export PRECOMP_DESTINATION_DIR\=/Users/myfuckingmacbookair/Documents/GitHub/bindery/ios/build/Build/Intermediates.noindex/Pods.build/Release-iphonesimulator/hermes-engine.build/PrefixHeaders
    export PROCESSED_INFOPLIST_PATH\=/Users/myfuckingmacbookair/Documents/GitHub/bindery/ios/build/Build/Intermediates.noindex/Pods.build/Release-iphonesimulator/hermes-engine.build/Objects-normal/undefined_arch/Processed-Info.plist
    export PRODUCT_BUNDLE_IDENTIFIER\=org.cocoapods.hermes-engine
    export PRODUCT_MODULE_NAME\=hermes_engine
    export PRODUCT_NAME\=hermes-engine
    export PRODUCT_SETTINGS_PATH\=
    export PROFILING_CODE\=NO
    export PROJECT\=Pods
    export PROJECT_DERIVED_FILE_DIR\=/Users/myfuckingmacbookair/Documents/GitHub/bindery/ios/build/Build/Intermediates.noindex/Pods.build/DerivedSources
    export PROJECT_DIR\=/Users/myfuckingmacbookair/Documents/GitHub/bindery/ios/Pods
    export PROJECT_FILE_PATH\=/Users/myfuckingmacbookair/Documents/GitHub/bindery/ios/Pods/Pods.xcodeproj
    export PROJECT_GUID\=8699adb1dd336b26511df848a716bd42
    export PROJECT_NAME\=Pods
    export PROJECT_TEMP_DIR\=/Users/myfuckingmacbookair/Documents/GitHub/bindery/ios/build/Build/Intermediates.noindex/Pods.build
    export PROJECT_TEMP_ROOT\=/Users/myfuckingmacbookair/Documents/GitHub/bindery/ios/build/Build/Intermediates.noindex
    export REACT_NATIVE_PATH\=/Users/myfuckingmacbookair/Documents/GitHub/bindery/ios/Pods/../../node_modules/react-native
    export RECOMMENDED_IPHONEOS_DEPLOYMENT_TARGET\=15.0
    export RECURSIVE_SEARCH_PATHS_FOLLOW_SYMLINKS\=YES
    export REMOVE_CVS_FROM_RESOURCES\=YES
    export REMOVE_GIT_FROM_RESOURCES\=YES
    export REMOVE_HEADERS_FROM_EMBEDDED_BUNDLES\=YES
    export REMOVE_HG_FROM_RESOURCES\=YES
    export REMOVE_STATIC_EXECUTABLES_FROM_EMBEDDED_BUNDLES\=YES
    export REMOVE_SVN_FROM_RESOURCES\=YES
    export RESCHEDULE_INDEPENDENT_HEADERS_PHASES\=YES
    export REZ_COLLECTOR_DIR\=/Users/myfuckingmacbookair/Documents/GitHub/bindery/ios/build/Build/Intermediates.noindex/Pods.build/Release-iphonesimulator/hermes-engine.build/ResourceManagerResources
    export REZ_OBJECTS_DIR\=/Users/myfuckingmacbookair/Documents/GitHub/bindery/ios/build/Build/Intermediates.noindex/Pods.build/Release-iphonesimulator/hermes-engine.build/ResourceManagerResources/Objects
    export RUNTIME_EXCEPTION_ALLOW_DYLD_ENVIRONMENT_VARIABLES\=NO
    export RUNTIME_EXCEPTION_ALLOW_JIT\=NO
    export RUNTIME_EXCEPTION_ALLOW_UNSIGNED_EXECUTABLE_MEMORY\=NO
    export RUNTIME_EXCEPTION_DEBUGGING_TOOL\=NO
    export RUNTIME_EXCEPTION_DISABLE_EXECUTABLE_PAGE_PROTECTION\=NO
    export RUNTIME_EXCEPTION_DISABLE_LIBRARY_VALIDATION\=NO
    export SCAN_ALL_SOURCE_FILES_FOR_INCLUDES\=NO
    export SCRIPT_INPUT_FILE_COUNT\=0
    export SCRIPT_INPUT_FILE_LIST_COUNT\=0
    export SCRIPT_OUTPUT_FILE_COUNT\=0
    export SCRIPT_OUTPUT_FILE_LIST_COUNT\=0
    export SDKROOT\=/Applications/Xcode.app/Contents/Developer/Platforms/iPhoneSimulator.platform/Developer/SDKs/iPhoneSimulator26.0.sdk
    export SDK_DIR\=/Applications/Xcode.app/Contents/Developer/Platforms/iPhoneSimulator.platform/Developer/SDKs/iPhoneSimulator26.0.sdk
    export SDK_DIR_iphonesimulator\=/Applications/Xcode.app/Contents/Developer/Platforms/iPhoneSimulator.platform/Developer/SDKs/iPhoneSimulator26.0.sdk
    export SDK_DIR_iphonesimulator26_0\=/Applications/Xcode.app/Contents/Developer/Platforms/iPhoneSimulator.platform/Developer/SDKs/iPhoneSimulator26.0.sdk
    export SDK_NAME\=iphonesimulator26.0
    export SDK_NAMES\=iphonesimulator26.0
    export SDK_PRODUCT_BUILD_VERSION\=23A339
    export SDK_STAT_CACHE_DIR\=/Users/myfuckingmacbookair/Documents/GitHub/bindery/ios/build
    export SDK_STAT_CACHE_ENABLE\=YES
    export SDK_STAT_CACHE_PATH\=/Users/myfuckingmacbookair/Documents/GitHub/bindery/ios/build/SDKStatCaches.noindex/iphonesimulator26.0-23A339-26257891a6c027eb51374368541b8346.sdkstatcache
    export SDK_VERSION\=26.0
    export SDK_VERSION_ACTUAL\=260000
    export SDK_VERSION_MAJOR\=260000
    export SDK_VERSION_MINOR\=260000
    export SED\=/usr/bin/sed
    export SEPARATE_STRIP\=NO
    export SEPARATE_SYMBOL_EDIT\=NO
    export SET_DIR_MODE_OWNER_GROUP\=YES
    export SET_FILE_MODE_OWNER_GROUP\=NO
    export SHALLOW_BUNDLE\=NO
    export SHARED_DERIVED_FILE_DIR\=/Users/myfuckingmacbookair/Documents/GitHub/bindery/ios/build/Build/Products/Release-iphonesimulator/hermes-engine/DerivedSources
    export SHARED_PRECOMPS_DIR\=/Users/myfuckingmacbookair/Documents/GitHub/bindery/ios/build/Build/Intermediates.noindex/PrecompiledHeaders
    export SKIP_INSTALL\=YES
    export SOURCE_ROOT\=/Users/myfuckingmacbookair/Documents/GitHub/bindery/ios/Pods
    export SRCROOT\=/Users/myfuckingmacbookair/Documents/GitHub/bindery/ios/Pods
    export STRINGSDATA_DIR\=/Users/myfuckingmacbookair/Documents/GitHub/bindery/ios/build/Build/Intermediates.noindex/Pods.build/Release-iphonesimulator/hermes-engine.build/Objects-normal/undefined_arch
    export STRINGSDATA_ROOT\=/Users/myfuckingmacbookair/Documents/GitHub/bindery/ios/build/Build/Intermediates.noindex/Pods.build/Release-iphonesimulator/hermes-engine.build
    export STRINGS_FILE_INFOPLIST_RENAME\=YES
    export STRINGS_FILE_OUTPUT_ENCODING\=binary
    export STRING_CATALOG_GENERATE_SYMBOLS\=NO
    export STRIP_BITCODE_FROM_COPIED_FILES\=NO
    export STRIP_INSTALLED_PRODUCT\=NO
    export STRIP_STYLE\=all
    export STRIP_SWIFT_SYMBOLS\=YES
    export SUPPORTED_DEVICE_FAMILIES\=1,2
    export SUPPORTED_PLATFORMS\=iphoneos\ iphonesimulator
    export SUPPORTS_TEXT_BASED_API\=NO
    export SUPPRESS_WARNINGS\=NO
    export SWIFT_COMPILATION_MODE\=wholemodule
    export SWIFT_EMIT_CONST_VALUE_PROTOCOLS\=AppIntent\ EntityQuery\ AppEntity\ TransientEntity\ AppEnum\ AppShortcutProviding\ AppShortcutsProvider\ AnyResolverProviding\ AppIntentsPackage\ DynamicOptionsProvider\ _IntentValueRepresentable\ _AssistantIntentsProvider\ _GenerativeFunctionExtractable\ IntentValueQuery\ Resolver\ AppExtension\ ExtensionPointDefining
    export SWIFT_EMIT_LOC_STRINGS\=NO
    export SWIFT_EMIT_MODULE_INTERFACE\=NO
    export SWIFT_ENABLE_EXPLICIT_MODULES\=NO
    export SWIFT_OPTIMIZATION_LEVEL\=-O
    export SWIFT_PLATFORM_TARGET_PREFIX\=ios
    export SWIFT_RESPONSE_FILE_PATH_normal_arm64\=/Users/myfuckingmacbookair/Documents/GitHub/bindery/ios/build/Build/Intermediates.noindex/Pods.build/Release-iphonesimulator/hermes-engine.build/Objects-normal/arm64/hermes-engine.SwiftFileList
    export SWIFT_RESPONSE_FILE_PATH_normal_x86_64\=/Users/myfuckingmacbookair/Documents/GitHub/bindery/ios/build/Build/Intermediates.noindex/Pods.build/Release-iphonesimulator/hermes-engine.build/Objects-normal/x86_64/hermes-engine.SwiftFileList
    export SWIFT_VERSION\=5.0
    export SYMROOT\=/Users/myfuckingmacbookair/Documents/GitHub/bindery/ios/build/Build/Products
    export SYSTEM_ADMIN_APPS_DIR\=/Applications/Utilities
    export SYSTEM_APPS_DIR\=/Applications
    export SYSTEM_CORE_SERVICES_DIR\=/System/Library/CoreServices
    export SYSTEM_DEMOS_DIR\=/Applications/Extras
    export SYSTEM_DEVELOPER_APPS_DIR\=/Applications/Xcode.app/Contents/Developer/Applications
    export SYSTEM_DEVELOPER_BIN_DIR\=/Applications/Xcode.app/Contents/Developer/usr/bin
    export SYSTEM_DEVELOPER_DEMOS_DIR\=/Applications/Xcode.app/Contents/Developer/Applications/Utilities/Built\ Examples
    export SYSTEM_DEVELOPER_DIR\=/Applications/Xcode.app/Contents/Developer
    export SYSTEM_DEVELOPER_DOC_DIR\=/Applications/Xcode.app/Contents/Developer/ADC\ Reference\ Library
    export SYSTEM_DEVELOPER_GRAPHICS_TOOLS_DIR\=/Applications/Xcode.app/Contents/Developer/Applications/Graphics\ Tools
    export SYSTEM_DEVELOPER_JAVA_TOOLS_DIR\=/Applications/Xcode.app/Contents/Developer/Applications/Java\ Tools
    export SYSTEM_DEVELOPER_PERFORMANCE_TOOLS_DIR\=/Applications/Xcode.app/Contents/Developer/Applications/Performance\ Tools
    export SYSTEM_DEVELOPER_RELEASENOTES_DIR\=/Applications/Xcode.app/Contents/Developer/ADC\ Reference\ Library/releasenotes
    export SYSTEM_DEVELOPER_TOOLS\=/Applications/Xcode.app/Contents/Developer/Tools
    export SYSTEM_DEVELOPER_TOOLS_DOC_DIR\=/Applications/Xcode.app/Contents/Developer/ADC\ Reference\ Library/documentation/DeveloperTools
    export SYSTEM_DEVELOPER_TOOLS_RELEASENOTES_DIR\=/Applications/Xcode.app/Contents/Developer/ADC\ Reference\ Library/releasenotes/DeveloperTools
    export SYSTEM_DEVELOPER_USR_DIR\=/Applications/Xcode.app/Contents/Developer/usr
    export SYSTEM_DEVELOPER_UTILITIES_DIR\=/Applications/Xcode.app/Contents/Developer/Applications/Utilities
    export SYSTEM_DEXT_INSTALL_PATH\=/System/Library/DriverExtensions
    export SYSTEM_DOCUMENTATION_DIR\=/Library/Documentation
    export SYSTEM_KEXT_INSTALL_PATH\=/System/Library/Extensions
    export SYSTEM_LIBRARY_DIR\=/System/Library
    export TAPI_DEMANGLE\=YES
    export TAPI_ENABLE_PROJECT_HEADERS\=NO
    export TAPI_LANGUAGE\=objective-c
    export TAPI_LANGUAGE_STANDARD\=compiler-default
    export TAPI_USE_SRCROOT\=YES
    export TAPI_VERIFY_MODE\=Pedantic
    export TARGETED_DEVICE_FAMILY\=1,2
    export TARGETNAME\=hermes-engine
    export TARGET_BUILD_DIR\=/Users/myfuckingmacbookair/Documents/GitHub/bindery/ios/build/Build/Products/Release-iphonesimulator/hermes-engine
    export TARGET_DEVICE_IDENTIFIER\=4DC2E649-35BE-4445-9A24-38BD8A88D1BF
    export TARGET_DEVICE_MODEL\=iPhone18,1
    export TARGET_DEVICE_OS_VERSION\=26.0.1
    export TARGET_DEVICE_PLATFORM_NAME\=iphonesimulator
    export TARGET_NAME\=hermes-engine
    export TARGET_TEMP_DIR\=/Users/myfuckingmacbookair/Documents/GitHub/bindery/ios/build/Build/Intermediates.noindex/Pods.build/Release-iphonesimulator/hermes-engine.build
    export TEMP_DIR\=/Users/myfuckingmacbookair/Documents/GitHub/bindery/ios/build/Build/Intermediates.noindex/Pods.build/Release-iphonesimulator/hermes-engine.build
    export TEMP_FILES_DIR\=/Users/myfuckingmacbookair/Documents/GitHub/bindery/ios/build/Build/Intermediates.noindex/Pods.build/Release-iphonesimulator/hermes-engine.build
    export TEMP_FILE_DIR\=/Users/myfuckingmacbookair/Documents/GitHub/bindery/ios/build/Build/Intermediates.noindex/Pods.build/Release-iphonesimulator/hermes-engine.build
    export TEMP_ROOT\=/Users/myfuckingmacbookair/Documents/GitHub/bindery/ios/build/Build/Intermediates.noindex
    export TEMP_SANDBOX_DIR\=/Users/myfuckingmacbookair/Documents/GitHub/bindery/ios/build/Build/Intermediates.noindex/TemporaryTaskSandboxes
    export TEST_FRAMEWORK_SEARCH_PATHS\=\ /Applications/Xcode.app/Contents/Developer/Platforms/iPhoneSimulator.platform/Developer/Library/Frameworks\ /Applications/Xcode.app/Contents/Developer/Platforms/iPhoneSimulator.platform/Developer/SDKs/iPhoneSimulator26.0.sdk/Developer/Library/Frameworks
    export TEST_LIBRARY_SEARCH_PATHS\=\ /Applications/Xcode.app/Contents/Developer/Platforms/iPhoneSimulator.platform/Developer/usr/lib
    export TOOLCHAINS\=com.apple.dt.toolchain.XcodeDefault
    export TOOLCHAIN_DIR\=/Applications/Xcode.app/Contents/Developer/Toolchains/XcodeDefault.xctoolchain
    export TREAT_MISSING_BASELINES_AS_TEST_FAILURES\=NO
    export TREAT_MISSING_SCRIPT_PHASE_OUTPUTS_AS_ERRORS\=NO
    export UID\=501
    export UNINSTALLED_PRODUCTS_DIR\=/Users/myfuckingmacbookair/Documents/GitHub/bindery/ios/build/Build/Intermediates.noindex/UninstalledProducts
    export UNSTRIPPED_PRODUCT\=NO
    export USER\=myfuckingmacbookair
    export USER_APPS_DIR\=/Users/myfuckingmacbookair/Applications
    export USER_LIBRARY_DIR\=/Users/myfuckingmacbookair/Library
    export USE_DYNAMIC_NO_PIC\=YES
    export USE_HEADERMAP\=YES
    export USE_HEADER_SYMLINKS\=NO
    export USE_HERMES\=true
    export USE_RECURSIVE_SCRIPT_INPUTS_IN_SCRIPT_PHASES\=YES
    export VALIDATE_DEVELOPMENT_ASSET_PATHS\=YES_ERROR
    export VALIDATE_PRODUCT\=YES
    export VALID_ARCHS\=arm64\ x86_64
    export VERBOSE_PBXCP\=NO
    export VERSION_INFO_BUILDER\=myfuckingmacbookair
    export VERSION_INFO_FILE\=hermes-engine_vers.c
    export VERSION_INFO_STRING\=\"@\(\#\)PROGRAM:hermes-engine\ \ PROJECT:Pods-\"
    export WORKSPACE_DIR\=/Users/myfuckingmacbookair/Documents/GitHub/bindery/ios
    export WRAP_ASSET_PACKS_IN_SEPARATE_DIRECTORIES\=NO
    export XCODE_APP_SUPPORT_DIR\=/Applications/Xcode.app/Contents/Developer/Library/Xcode
    export XCODE_PRODUCT_BUILD_VERSION\=17A400
    export XCODE_VERSION_ACTUAL\=2601
    export XCODE_VERSION_MAJOR\=2600
    export XCODE_VERSION_MINOR\=2600
    export XPCSERVICES_FOLDER_PATH\=/XPCServices
    export YACC\=yacc
    export _DISCOVER_COMMAND_LINE_LINKER_INPUTS\=YES
    export _DISCOVER_COMMAND_LINE_LINKER_INPUTS_INCLUDE_WL\=YES
    export _LD_MULTIARCH\=YES
    export __DIAGNOSE_DEPRECATED_ARCHS\=YES
    export arch\=undefined_arch
    export variant\=normal
    /bin/sh -c /Users/myfuckingmacbookair/Documents/GitHub/bindery/ios/build/Build/Intermediates.noindex/Pods.build/Release-iphonesimulator/hermes-engine.build/Script-46EB2E0001B5E0.sh
Node found at: /usr/local/bin/node
Found .last_build_configuration file
Same config of the previous build. No need to replace Hermes engine

note: Run script build phase '[CP-User] [RNDeps] Replace React Native Dependencies for the right configuration, if needed' will be run during every build because the option to run the script phase "Based on dependency analysis" is unchecked. (in target 'ReactNativeDependencies' from project 'Pods')
PhaseScriptExecution [CP-User]\ [RNDeps]\ Replace\ React\ Native\ Dependencies\ for\ the\ right\ configuration,\ if\ needed /Users/myfuckingmacbookair/Documents/GitHub/bindery/ios/build/Build/Intermediates.noindex/Pods.build/Release-iphonesimulator/ReactNativeDependencies.build/Script-46EB2E0001B5C0.sh (in target 'ReactNativeDependencies' from project 'Pods')
    cd /Users/myfuckingmacbookair/Documents/GitHub/bindery/ios/Pods
    export ACTION\=build
    export AD_HOC_CODE_SIGNING_ALLOWED\=YES
    export ALLOW_BUILD_REQUEST_OVERRIDES\=NO
    export ALLOW_TARGET_PLATFORM_SPECIALIZATION\=NO
    export ALTERNATE_GROUP\=staff
    export ALTERNATE_MODE\=u+w,go-w,a+rX
    export ALTERNATE_OWNER\=myfuckingmacbookair
    export ALTERNATIVE_DISTRIBUTION_WEB\=NO
    export ALWAYS_EMBED_SWIFT_STANDARD_LIBRARIES\=NO
    export ALWAYS_SEARCH_USER_PATHS\=NO
    export ALWAYS_USE_SEPARATE_HEADERMAPS\=NO
    export ANDROID_DEPLOYMENT_TARGET\=21.0
    export APPLICATION_EXTENSION_API_ONLY\=NO
    export APPLY_RULES_IN_COPY_FILES\=NO
    export APPLY_RULES_IN_COPY_HEADERS\=NO
    export APP_SHORTCUTS_ENABLE_FLEXIBLE_MATCHING\=YES
    export ARCHS\=arm64\ x86_64
    export ARCHS_STANDARD\=arm64\ x86_64
    export ARCHS_STANDARD_32_64_BIT\=arm64\ x86_64
    export ARCHS_STANDARD_64_BIT\=arm64\ x86_64
    export ARCHS_STANDARD_INCLUDING_64_BIT\=arm64\ x86_64
    export ARCHS_UNIVERSAL_IPHONE_OS\=arm64\ x86_64
    export ASSETCATALOG_COMPILER_APPICON_NAME\=AppIcon
    export ASSETCATALOG_COMPILER_GLOBAL_ACCENT_COLOR_NAME\=AccentColor
    export ASSETCATALOG_FILTER_FOR_DEVICE_MODEL\=iPhone18,1
    export ASSETCATALOG_FILTER_FOR_DEVICE_OS_VERSION\=26.0.1
    export ASSETCATALOG_FILTER_FOR_THINNING_DEVICE_CONFIGURATION\=iPhone18,1
    export AUTOMATICALLY_MERGE_DEPENDENCIES\=NO
    export AUTOMATION_APPLE_EVENTS\=NO
    export AVAILABLE_PLATFORMS\=android\ appletvos\ appletvsimulator\ driverkit\ iphoneos\ iphonesimulator\ macosx\ qnx\ watchos\ watchsimulator\ webassembly\ xros\ xrsimulator
    export BUILD_ACTIVE_RESOURCES_ONLY\=YES
    export BUILD_COMPONENTS\=headers\ build
    export BUILD_DIR\=/Users/myfuckingmacbookair/Documents/GitHub/bindery/ios/build/Build/Products
    export BUILD_LIBRARY_FOR_DISTRIBUTION\=NO
    export BUILD_ROOT\=/Users/myfuckingmacbookair/Documents/GitHub/bindery/ios/build/Build/Products
    export BUILD_STYLE\=
    export BUILD_VARIANTS\=normal
    export BUILT_PRODUCTS_DIR\=/Users/myfuckingmacbookair/Documents/GitHub/bindery/ios/build/Build/Products/Release-iphonesimulator/ReactNativeDependencies
    export BUNDLE_CONTENTS_FOLDER_PATH_deep\=Contents/
    export BUNDLE_EXECUTABLE_FOLDER_NAME_deep\=MacOS
    export BUNDLE_EXTENSIONS_FOLDER_PATH\=Extensions
    export BUNDLE_FORMAT\=shallow
    export BUNDLE_FRAMEWORKS_FOLDER_PATH\=Frameworks
    export BUNDLE_PLUGINS_FOLDER_PATH\=PlugIns
    export BUNDLE_PRIVATE_HEADERS_FOLDER_PATH\=PrivateHeaders
    export BUNDLE_PUBLIC_HEADERS_FOLDER_PATH\=Headers
    export CACHE_ROOT\=/var/folders/p3/qv3pwhyn1njgqlcyk_px59gr0000gn/C/com.apple.DeveloperTools/26.0.1-17A400/Xcode
    export CCHROOT\=/var/folders/p3/qv3pwhyn1njgqlcyk_px59gr0000gn/C/com.apple.DeveloperTools/26.0.1-17A400/Xcode
    export CHMOD\=/bin/chmod
    export CHOWN\=/usr/sbin/chown
    export CLANG_ANALYZER_LOCALIZABILITY_NONLOCALIZED\=YES
    export CLANG_ANALYZER_NONNULL\=YES
    export CLANG_ANALYZER_NUMBER_OBJECT_CONVERSION\=YES_AGGRESSIVE
    export CLANG_CACHE_FINE_GRAINED_OUTPUTS\=YES
    export CLANG_CXX_LANGUAGE_STANDARD\=c++20
    export CLANG_CXX_LIBRARY\=libc++
    export CLANG_ENABLE_EXPLICIT_MODULES\=YES
    export CLANG_ENABLE_MODULES\=YES
    export CLANG_ENABLE_OBJC_ARC\=YES
    export CLANG_ENABLE_OBJC_WEAK\=NO
    export CLANG_MODULES_BUILD_SESSION_FILE\=/Users/myfuckingmacbookair/Documents/GitHub/bindery/ios/build/ModuleCache.noindex/Session.modulevalidation
    export CLANG_WARN_BLOCK_CAPTURE_AUTORELEASING\=YES
    export CLANG_WARN_BOOL_CONVERSION\=YES
    export CLANG_WARN_COMMA\=YES
    export CLANG_WARN_CONSTANT_CONVERSION\=YES
    export CLANG_WARN_DEPRECATED_OBJC_IMPLEMENTATIONS\=YES
    export CLANG_WARN_DIRECT_OBJC_ISA_USAGE\=YES_ERROR
    export CLANG_WARN_DOCUMENTATION_COMMENTS\=YES
    export CLANG_WARN_EMPTY_BODY\=YES
    export CLANG_WARN_ENUM_CONVERSION\=YES
    export CLANG_WARN_INFINITE_RECURSION\=YES
    export CLANG_WARN_INT_CONVERSION\=YES
    export CLANG_WARN_NON_LITERAL_NULL_CONVERSION\=YES
    export CLANG_WARN_OBJC_IMPLICIT_RETAIN_SELF\=YES
    export CLANG_WARN_OBJC_LITERAL_CONVERSION\=YES
    export CLANG_WARN_OBJC_ROOT_CLASS\=YES_ERROR
    export CLANG_WARN_QUOTED_INCLUDE_IN_FRAMEWORK_HEADER\=NO
    export CLANG_WARN_RANGE_LOOP_ANALYSIS\=YES
    export CLANG_WARN_STRICT_PROTOTYPES\=YES
    export CLANG_WARN_SUSPICIOUS_MOVE\=YES
    export CLANG_WARN_UNGUARDED_AVAILABILITY\=YES_AGGRESSIVE
    export CLANG_WARN_UNREACHABLE_CODE\=YES
    export CLANG_WARN__DUPLICATE_METHOD_MATCH\=YES
    export CLASS_FILE_DIR\=/Users/myfuckingmacbookair/Documents/GitHub/bindery/ios/build/Build/Intermediates.noindex/Pods.build/Release-iphonesimulator/ReactNativeDependencies.build/JavaClasses
    export CLEAN_PRECOMPS\=YES
    export CLONE_HEADERS\=NO
    export CODESIGNING_FOLDER_PATH\=/Users/myfuckingmacbookair/Documents/GitHub/bindery/ios/build/Build/Products/Release-iphonesimulator/ReactNativeDependencies/
    export CODE_SIGNING_ALLOWED\=NO
    export CODE_SIGNING_REQUIRED\=YES
    export CODE_SIGN_CONTEXT_CLASS\=XCiPhoneSimulatorCodeSignContext
    export CODE_SIGN_IDENTITY\=-
    export CODE_SIGN_INJECT_BASE_ENTITLEMENTS\=YES
    export COLOR_DIAGNOSTICS\=NO
    export COMBINE_HIDPI_IMAGES\=NO
    export COMPILATION_CACHE_CAS_PATH\=/Users/myfuckingmacbookair/Documents/GitHub/bindery/ios/build/CompilationCache.noindex
    export COMPILATION_CACHE_KEEP_CAS_DIRECTORY\=YES
    export COMPILER_INDEX_STORE_ENABLE\=Default
    export COMPOSITE_SDK_DIRS\=/Users/myfuckingmacbookair/Documents/GitHub/bindery/ios/build/Build/Intermediates.noindex/CompositeSDKs
    export COMPRESS_PNG_FILES\=YES
    export CONFIGURATION\=Release
    export CONFIGURATION_BUILD_DIR\=/Users/myfuckingmacbookair/Documents/GitHub/bindery/ios/build/Build/Products/Release-iphonesimulator/ReactNativeDependencies
    export CONFIGURATION_TEMP_DIR\=/Users/myfuckingmacbookair/Documents/GitHub/bindery/ios/build/Build/Intermediates.noindex/Pods.build/Release-iphonesimulator
    export COPYING_PRESERVES_HFS_DATA\=NO
    export COPY_HEADERS_RUN_UNIFDEF\=NO
    export COPY_PHASE_STRIP\=NO
    export CORRESPONDING_DEVICE_PLATFORM_DIR\=/Applications/Xcode.app/Contents/Developer/Platforms/iPhoneOS.platform
    export CORRESPONDING_DEVICE_PLATFORM_NAME\=iphoneos
    export CORRESPONDING_DEVICE_SDK_DIR\=/Applications/Xcode.app/Contents/Developer/Platforms/iPhoneOS.platform/Developer/SDKs/iPhoneOS26.0.sdk
    export CORRESPONDING_DEVICE_SDK_NAME\=iphoneos26.0
    export CP\=/bin/cp
    export CREATE_INFOPLIST_SECTION_IN_BINARY\=NO
    export CURRENT_ARCH\=undefined_arch
    export CURRENT_VARIANT\=normal
    export DEAD_CODE_STRIPPING\=YES
    export DEBUGGING_SYMBOLS\=YES
    export DEBUG_INFORMATION_FORMAT\=dwarf-with-dsym
    export DEBUG_INFORMATION_VERSION\=compiler-default
    export DEFAULT_COMPILER\=com.apple.compilers.llvm.clang.1_0
    export DEFAULT_DEXT_INSTALL_PATH\=/System/Library/DriverExtensions
    export DEFAULT_KEXT_INSTALL_PATH\=/System/Library/Extensions
    export DEFINES_MODULE\=NO
    export DEPLOYMENT_LOCATION\=NO
    export DEPLOYMENT_POSTPROCESSING\=NO
    export DEPLOYMENT_TARGET_SETTING_NAME\=IPHONEOS_DEPLOYMENT_TARGET
    export DEPLOYMENT_TARGET_SUGGESTED_VALUES\=12.0\ 12.1\ 12.2\ 12.3\ 12.4\ 13.0\ 13.1\ 13.2\ 13.3\ 13.4\ 13.5\ 13.6\ 14.0\ 14.1\ 14.2\ 14.3\ 14.4\ 14.5\ 14.6\ 14.7\ 15.0\ 15.1\ 15.2\ 15.3\ 15.4\ 15.5\ 15.6\ 16.0\ 16.1\ 16.2\ 16.3\ 16.4\ 16.5\ 16.6\ 17.0\ 17.1\ 17.2\ 17.3\ 17.4\ 17.5\ 17.6\ 18.0\ 18.1\ 18.2\ 18.3\ 18.4\ 18.5\ 18.6\ 26.0
    export DERIVED_FILES_DIR\=/Users/myfuckingmacbookair/Documents/GitHub/bindery/ios/build/Build/Intermediates.noindex/Pods.build/Release-iphonesimulator/ReactNativeDependencies.build/DerivedSources
    export DERIVED_FILE_DIR\=/Users/myfuckingmacbookair/Documents/GitHub/bindery/ios/build/Build/Intermediates.noindex/Pods.build/Release-iphonesimulator/ReactNativeDependencies.build/DerivedSources
    export DERIVED_SOURCES_DIR\=/Users/myfuckingmacbookair/Documents/GitHub/bindery/ios/build/Build/Intermediates.noindex/Pods.build/Release-iphonesimulator/ReactNativeDependencies.build/DerivedSources
    export DEVELOPER_APPLICATIONS_DIR\=/Applications/Xcode.app/Contents/Developer/Applications
    export DEVELOPER_BIN_DIR\=/Applications/Xcode.app/Contents/Developer/usr/bin
    export DEVELOPER_DIR\=/Applications/Xcode.app/Contents/Developer
    export DEVELOPER_FRAMEWORKS_DIR\=/Applications/Xcode.app/Contents/Developer/Library/Frameworks
    export DEVELOPER_FRAMEWORKS_DIR_QUOTED\=/Applications/Xcode.app/Contents/Developer/Library/Frameworks
    export DEVELOPER_LIBRARY_DIR\=/Applications/Xcode.app/Contents/Developer/Library
    export DEVELOPER_SDK_DIR\=/Applications/Xcode.app/Contents/Developer/Platforms/MacOSX.platform/Developer/SDKs
    export DEVELOPER_TOOLS_DIR\=/Applications/Xcode.app/Contents/Developer/Tools
    export DEVELOPER_USR_DIR\=/Applications/Xcode.app/Contents/Developer/usr
    export DEVELOPMENT_LANGUAGE\=en
    export DIAGNOSE_MISSING_TARGET_DEPENDENCIES\=YES
    export DIFF\=/usr/bin/diff
    export DONT_GENERATE_INFOPLIST_FILE\=NO
    export DSTROOT\=/tmp/Pods.dst
    export DT_TOOLCHAIN_DIR\=/Applications/Xcode.app/Contents/Developer/Toolchains/XcodeDefault.xctoolchain
    export DWARF_DSYM_FILE_NAME\=.dSYM
    export DWARF_DSYM_FILE_SHOULD_ACCOMPANY_PRODUCT\=NO
    export DWARF_DSYM_FOLDER_PATH\=/Users/myfuckingmacbookair/Documents/GitHub/bindery/ios/build/Build/Products/Release-iphonesimulator/ReactNativeDependencies
    export DYNAMIC_LIBRARY_EXTENSION\=dylib
    export EAGER_COMPILATION_ALLOW_SCRIPTS\=NO
    export EAGER_LINKING\=NO
    export EFFECTIVE_PLATFORM_NAME\=-iphonesimulator
    export EMBEDDED_CONTENT_CONTAINS_SWIFT\=NO
    export EMBED_ASSET_PACKS_IN_PRODUCT_BUNDLE\=NO
    export ENABLE_APP_SANDBOX\=NO
    export ENABLE_CODE_COVERAGE\=YES
    export ENABLE_CPLUSPLUS_BOUNDS_SAFE_BUFFERS\=NO
    export ENABLE_C_BOUNDS_SAFETY\=NO
    export ENABLE_DEBUG_DYLIB\=NO
    export ENABLE_DEFAULT_HEADER_SEARCH_PATHS\=YES
    export ENABLE_DEFAULT_SEARCH_PATHS\=YES
    export ENABLE_ENHANCED_SECURITY\=NO
    export ENABLE_HARDENED_RUNTIME\=NO
    export ENABLE_HEADER_DEPENDENCIES\=YES
    export ENABLE_INCOMING_NETWORK_CONNECTIONS\=NO
    export ENABLE_NS_ASSERTIONS\=NO
    export ENABLE_ON_DEMAND_RESOURCES\=NO
    export ENABLE_OUTGOING_NETWORK_CONNECTIONS\=NO
    export ENABLE_POINTER_AUTHENTICATION\=NO
    export ENABLE_PREVIEWS\=NO
    export ENABLE_RESOURCE_ACCESS_AUDIO_INPUT\=NO
    export ENABLE_RESOURCE_ACCESS_BLUETOOTH\=NO
    export ENABLE_RESOURCE_ACCESS_CALENDARS\=NO
    export ENABLE_RESOURCE_ACCESS_CAMERA\=NO
    export ENABLE_RESOURCE_ACCESS_CONTACTS\=NO
    export ENABLE_RESOURCE_ACCESS_LOCATION\=NO
    export ENABLE_RESOURCE_ACCESS_PHOTO_LIBRARY\=NO
    export ENABLE_RESOURCE_ACCESS_PRINTING\=NO
    export ENABLE_RESOURCE_ACCESS_USB\=NO
    export ENABLE_SDK_IMPORTS\=NO
    export ENABLE_SECURITY_COMPILER_WARNINGS\=NO
    export ENABLE_STRICT_OBJC_MSGSEND\=YES
    export ENABLE_TESTABILITY\=NO
    export ENABLE_TESTING_SEARCH_PATHS\=NO
    export ENABLE_USER_SCRIPT_SANDBOXING\=NO
    export ENABLE_XOJIT_PREVIEWS\=NO
    export ENFORCE_VALID_ARCHS\=YES
    export ENTITLEMENTS_DESTINATION\=__entitlements
    export ENTITLEMENTS_REQUIRED\=YES
    export EXCLUDED_INSTALLSRC_SUBDIRECTORY_PATTERNS\=.DS_Store\ .svn\ .git\ .hg\ CVS
    export EXCLUDED_RECURSIVE_SEARCH_PATH_SUBDIRECTORIES\=\*.nib\ \*.lproj\ \*.framework\ \*.gch\ \*.xcode\*\ \*.xcassets\ \*.icon\ \(\*\)\ .DS_Store\ CVS\ .svn\ .git\ .hg\ \*.pbproj\ \*.pbxproj
    export FILE_LIST\=/Users/myfuckingmacbookair/Documents/GitHub/bindery/ios/build/Build/Intermediates.noindex/Pods.build/Release-iphonesimulator/ReactNativeDependencies.build/Objects/LinkFileList
    export FIXED_FILES_DIR\=/Users/myfuckingmacbookair/Documents/GitHub/bindery/ios/build/Build/Intermediates.noindex/Pods.build/Release-iphonesimulator/ReactNativeDependencies.build/FixedFiles
    export FRAMEWORK_SEARCH_PATHS\=\ \"/Users/myfuckingmacbookair/Documents/GitHub/bindery/ios/Pods/ReactNativeDependencies/framework/packages/react-native\"\ \"/Users/myfuckingmacbookair/Documents/GitHub/bindery/ios/build/Build/Products/Release-iphonesimulator/XCFrameworkIntermediates/ReactNativeDependencies\"
    export FRAMEWORK_VERSION\=A
    export FUSE_BUILD_PHASES\=YES
    export FUSE_BUILD_SCRIPT_PHASES\=NO
    export GCC3_VERSION\=3.3
    export GCC_C_LANGUAGE_STANDARD\=gnu11
    export GCC_NO_COMMON_BLOCKS\=YES
    export GCC_OBJC_LEGACY_DISPATCH\=YES
    export GCC_PFE_FILE_C_DIALECTS\=c\ objective-c\ c++\ objective-c++
    export GCC_PREPROCESSOR_DEFINITIONS\=POD_CONFIGURATION_RELEASE\=1\ \ COCOAPODS\=1
    export GCC_TREAT_WARNINGS_AS_ERRORS\=NO
    export GCC_VERSION\=com.apple.compilers.llvm.clang.1_0
    export GCC_VERSION_IDENTIFIER\=com_apple_compilers_llvm_clang_1_0
    export GCC_WARN_64_TO_32_BIT_CONVERSION\=YES
    export GCC_WARN_ABOUT_RETURN_TYPE\=YES_ERROR
    export GCC_WARN_UNDECLARED_SELECTOR\=YES
    export GCC_WARN_UNINITIALIZED_AUTOS\=YES_AGGRESSIVE
    export GCC_WARN_UNUSED_FUNCTION\=YES
    export GCC_WARN_UNUSED_VARIABLE\=YES
    export GENERATED_MODULEMAP_DIR\=/Users/myfuckingmacbookair/Documents/GitHub/bindery/ios/build/Build/Intermediates.noindex/GeneratedModuleMaps-iphonesimulator
    export GENERATE_INFOPLIST_FILE\=NO
    export GENERATE_INTERMEDIATE_TEXT_BASED_STUBS\=YES
    export GENERATE_PKGINFO_FILE\=NO
    export GENERATE_PRELINK_OBJECT_FILE\=NO
    export GENERATE_PROFILING_CODE\=NO
    export GENERATE_TEXT_BASED_STUBS\=NO
    export GID\=20
    export GROUP\=staff
    export HEADERMAP_INCLUDES_FLAT_ENTRIES_FOR_TARGET_BEING_BUILT\=YES
    export HEADERMAP_INCLUDES_FRAMEWORK_ENTRIES_FOR_ALL_PRODUCT_TYPES\=YES
    export HEADERMAP_INCLUDES_FRAMEWORK_ENTRIES_FOR_TARGETS_NOT_BEING_BUILT\=YES
    export HEADERMAP_INCLUDES_NONPUBLIC_NONPRIVATE_HEADERS\=YES
    export HEADERMAP_INCLUDES_PROJECT_HEADERS\=YES
    export HEADERMAP_USES_FRAMEWORK_PREFIX_ENTRIES\=YES
    export HEADERMAP_USES_VFS\=NO
    export HEADER_SEARCH_PATHS\=\ \"/Users/myfuckingmacbookair/Documents/GitHub/bindery/ios/Pods/Headers/Private\"\ \"/Users/myfuckingmacbookair/Documents/GitHub/bindery/ios/Pods/Headers/Private/ReactNativeDependencies\"\ \"/Users/myfuckingmacbookair/Documents/GitHub/bindery/ios/Pods/Headers/Public\"\ \"/Users/myfuckingmacbookair/Documents/GitHub/bindery/ios/Pods/Headers/Public/ReactNativeDependencies\"\ \"/Users/myfuckingmacbookair/Documents/GitHub/bindery/ios/Pods/ExpoModulesCore/ExpoModulesCore.xcframework/ios-arm64_x86_64-simulator/ExpoModulesCore.framework/Headers\"\ \"/Users/myfuckingmacbookair/Documents/GitHub/bindery/ios/Pods/ExpoModulesCore/ExpoModulesCore.xcframework/ios-arm64/ExpoModulesCore.framework/Headers\"\ \"/Users/myfuckingmacbookair/Documents/GitHub/bindery/ios/Pods/ExpoModulesCore/ExpoModulesCore.xcframework/ios-arm64_x86_64-simulator/ExpoModulesCore.framework/Headers\"\ \"/Users/myfuckingmacbookair/Documents/GitHub/bindery/ios/Pods/ExpoModulesCore/ExpoModulesCore.xcframework/ios-arm64/ExpoModulesCore.framework/Headers\"
    export HOME\=/Users/myfuckingmacbookair
    export HOST_ARCH\=x86_64
    export HOST_PLATFORM\=macosx
    export ICONV\=/usr/bin/iconv
    export IMPLICIT_DEPENDENCY_DOMAIN\=default
    export INFOPLIST_ENABLE_CFBUNDLEICONS_MERGE\=YES
    export INFOPLIST_EXPAND_BUILD_SETTINGS\=YES
    export INFOPLIST_OUTPUT_FORMAT\=binary
    export INFOPLIST_PREPROCESS\=NO
    export INLINE_PRIVATE_FRAMEWORKS\=NO
    export INSTALLAPI_IGNORE_SKIP_INSTALL\=YES
    export INSTALLHDRS_COPY_PHASE\=NO
    export INSTALLHDRS_SCRIPT_PHASE\=NO
    export INSTALL_DIR\=/tmp/Pods.dst
    export INSTALL_GROUP\=staff
    export INSTALL_MODE_FLAG\=u+w,go-w,a+rX
    export INSTALL_OWNER\=myfuckingmacbookair
    export INSTALL_ROOT\=/tmp/Pods.dst
    export IPHONEOS_DEPLOYMENT_TARGET\=15.1
    export IS_UNOPTIMIZED_BUILD\=NO
    export JAVAC_DEFAULT_FLAGS\=-J-Xms64m\ -J-XX:NewSize\=4M\ -J-Dfile.encoding\=UTF8
    export JAVA_APP_STUB\=/System/Library/Frameworks/JavaVM.framework/Resources/MacOS/JavaApplicationStub
    export JAVA_ARCHIVE_CLASSES\=YES
    export JAVA_ARCHIVE_TYPE\=JAR
    export JAVA_COMPILER\=/usr/bin/javac
    export JAVA_FRAMEWORK_RESOURCES_DIRS\=Resources
    export JAVA_JAR_FLAGS\=cv
    export JAVA_SOURCE_SUBDIR\=.
    export JAVA_USE_DEPENDENCIES\=YES
    export JAVA_ZIP_FLAGS\=-urg
    export JIKES_DEFAULT_FLAGS\=+E\ +OLDCSO
    export KEEP_PRIVATE_EXTERNS\=NO
    export LD_DEPENDENCY_INFO_FILE\=/Users/myfuckingmacbookair/Documents/GitHub/bindery/ios/build/Build/Intermediates.noindex/Pods.build/Release-iphonesimulator/ReactNativeDependencies.build/Objects-normal/undefined_arch/ReactNativeDependencies_dependency_info.dat
    export LD_EXPORT_SYMBOLS\=YES
    export LD_GENERATE_MAP_FILE\=NO
    export LD_MAP_FILE_PATH\=/Users/myfuckingmacbookair/Documents/GitHub/bindery/ios/build/Build/Intermediates.noindex/Pods.build/Release-iphonesimulator/ReactNativeDependencies.build/ReactNativeDependencies-LinkMap-normal-undefined_arch.txt
    export LD_NO_PIE\=NO
    export LD_QUOTE_LINKER_ARGUMENTS_FOR_COMPILER_DRIVER\=YES
    export LD_RUNPATH_SEARCH_PATHS\=\ @executable_path/Frameworks
    export LD_SHARED_CACHE_ELIGIBLE\=Automatic
    export LD_WARN_DUPLICATE_LIBRARIES\=NO
    export LD_WARN_UNUSED_DYLIBS\=NO
    export LEGACY_DEVELOPER_DIR\=/Applications/Xcode.app/Contents/PlugIns/Xcode3Core.ideplugin/Contents/SharedSupport/Developer
    export LEX\=lex
    export LIBRARY_DEXT_INSTALL_PATH\=/Library/DriverExtensions
    export LIBRARY_FLAG_NOSPACE\=YES
    export LIBRARY_KEXT_INSTALL_PATH\=/Library/Extensions
    export LINKER_DISPLAYS_MANGLED_NAMES\=NO
    export LINK_FILE_LIST_normal_arm64\=/Users/myfuckingmacbookair/Documents/GitHub/bindery/ios/build/Build/Intermediates.noindex/Pods.build/Release-iphonesimulator/ReactNativeDependencies.build/Objects-normal/arm64/ReactNativeDependencies.LinkFileList
    export LINK_FILE_LIST_normal_x86_64\=/Users/myfuckingmacbookair/Documents/GitHub/bindery/ios/build/Build/Intermediates.noindex/Pods.build/Release-iphonesimulator/ReactNativeDependencies.build/Objects-normal/x86_64/ReactNativeDependencies.LinkFileList
    export LINK_OBJC_RUNTIME\=YES
    export LINK_WITH_STANDARD_LIBRARIES\=YES
    export LLVM_TARGET_TRIPLE_OS_VERSION\=ios15.1
    export LLVM_TARGET_TRIPLE_SUFFIX\=-simulator
    export LLVM_TARGET_TRIPLE_VENDOR\=apple
    export LM_AUX_CONST_METADATA_LIST_PATH_normal_arm64\=/Users/myfuckingmacbookair/Documents/GitHub/bindery/ios/build/Build/Intermediates.noindex/Pods.build/Release-iphonesimulator/ReactNativeDependencies.build/Objects-normal/arm64/ReactNativeDependencies.SwiftConstValuesFileList
    export LM_AUX_CONST_METADATA_LIST_PATH_normal_x86_64\=/Users/myfuckingmacbookair/Documents/GitHub/bindery/ios/build/Build/Intermediates.noindex/Pods.build/Release-iphonesimulator/ReactNativeDependencies.build/Objects-normal/x86_64/ReactNativeDependencies.SwiftConstValuesFileList
    export LOCALIZATION_EXPORT_SUPPORTED\=YES
    export LOCALIZATION_PREFERS_STRING_CATALOGS\=NO
    export LOCALIZED_STRING_MACRO_NAMES\=NSLocalizedString\ CFCopyLocalizedString
    export LOCALIZED_STRING_SWIFTUI_SUPPORT\=YES
    export LOCAL_ADMIN_APPS_DIR\=/Applications/Utilities
    export LOCAL_APPS_DIR\=/Applications
    export LOCAL_DEVELOPER_DIR\=/Library/Developer
    export LOCAL_LIBRARY_DIR\=/Library
    export LOCROOT\=/Users/myfuckingmacbookair/Documents/GitHub/bindery/ios/Pods
    export LOCSYMROOT\=/Users/myfuckingmacbookair/Documents/GitHub/bindery/ios/Pods
    export MAC_OS_X_PRODUCT_BUILD_VERSION\=25F80
    export MAC_OS_X_VERSION_ACTUAL\=260501
    export MAC_OS_X_VERSION_MAJOR\=260000
    export MAC_OS_X_VERSION_MINOR\=260500
    export MAKE_MERGEABLE\=NO
    export MERGEABLE_LIBRARY\=NO
    export MERGED_BINARY_TYPE\=none
    export MERGE_LINKED_LIBRARIES\=NO
    export METAL_LIBRARY_FILE_BASE\=default
    export METAL_LIBRARY_OUTPUT_DIR\=/Users/myfuckingmacbookair/Documents/GitHub/bindery/ios/build/Build/Products/Release-iphonesimulator/ReactNativeDependencies/
    export MODULE_CACHE_DIR\=/Users/myfuckingmacbookair/Documents/GitHub/bindery/ios/build/ModuleCache.noindex
    export MTL_ENABLE_DEBUG_INFO\=NO
    export MTL_FAST_MATH\=YES
    export NATIVE_ARCH\=x86_64
    export NATIVE_ARCH_32_BIT\=i386
    export NATIVE_ARCH_64_BIT\=x86_64
    export NATIVE_ARCH_ACTUAL\=x86_64
    export NO_COMMON\=YES
    export OBJC_ABI_VERSION\=2
    export OBJECT_FILE_DIR\=/Users/myfuckingmacbookair/Documents/GitHub/bindery/ios/build/Build/Intermediates.noindex/Pods.build/Release-iphonesimulator/ReactNativeDependencies.build/Objects
    export OBJECT_FILE_DIR_normal\=/Users/myfuckingmacbookair/Documents/GitHub/bindery/ios/build/Build/Intermediates.noindex/Pods.build/Release-iphonesimulator/ReactNativeDependencies.build/Objects-normal
    export OBJROOT\=/Users/myfuckingmacbookair/Documents/GitHub/bindery/ios/build/Build/Intermediates.noindex
    export ONLY_ACTIVE_ARCH\=NO
    export OS\=MACOS
    export OSAC\=/usr/bin/osacompile
    export OTHER_CFLAGS\=\ -DRCT_REMOVE_LEGACY_ARCH\=1\ -ivfsoverlay\ \"/Users/myfuckingmacbookair/Documents/GitHub/bindery/ios/Pods/React-Core-prebuilt/React-VFS.yaml\"\ -DNDEBUG
    export OTHER_CPLUSPLUSFLAGS\=\ -DRCT_REMOVE_LEGACY_ARCH\=1\ -ivfsoverlay\ \"/Users/myfuckingmacbookair/Documents/GitHub/bindery/ios/Pods/React-Core-prebuilt/React-VFS.yaml\"\ -DNDEBUG\ -DRCT_REMOVE_LEGACY_ARCH\=1\ -ivfsoverlay\ \"/Users/myfuckingmacbookair/Documents/GitHub/bindery/ios/Pods/React-Core-prebuilt/React-VFS.yaml\"\ -DNDEBUG
    export OTHER_SWIFT_FLAGS\=\ -Xcc\ -ivfsoverlay\ -Xcc\ \"/Users/myfuckingmacbookair/Documents/GitHub/bindery/ios/Pods/React-Core-prebuilt/React-VFS.yaml\"\ -Xcc\ -Wno-incomplete-umbrella
    export PASCAL_STRINGS\=YES
    export PATH\=/Applications/Xcode.app/Contents/SharedFrameworks/SwiftBuild.framework/Versions/A/PlugIns/SWBBuildService.bundle/Contents/PlugIns/SWBUniversalPlatformPlugin.bundle/Contents/Frameworks/SWBUniversalPlatform.framework/Resources:/Applications/Xcode.app/Contents/Developer/Toolchains/XcodeDefault.xctoolchain/usr/bin:/Applications/Xcode.app/Contents/Developer/Toolchains/XcodeDefault.xctoolchain/usr/local/bin:/Applications/Xcode.app/Contents/Developer/Toolchains/XcodeDefault.xctoolchain/usr/libexec:/Applications/Xcode.app/Contents/Developer/Platforms/iPhoneSimulator.platform/usr/bin:/Applications/Xcode.app/Contents/Developer/Platforms/iPhoneSimulator.platform/usr/local/bin:/Applications/Xcode.app/Contents/Developer/Platforms/iPhoneSimulator.platform/Developer/usr/bin:/Applications/Xcode.app/Contents/Developer/Platforms/iPhoneSimulator.platform/Developer/usr/local/bin:/Applications/Xcode.app/Contents/Developer/usr/bin:/Applications/Xcode.app/Contents/Developer/usr/local/bin:/Users/myfuckingmacbookair/.local/bin:/Users/myfuckingmacbookair/.npm-global/bin:/usr/local/bin:/System/Cryptexes/App/usr/bin:/usr/bin:/bin:/usr/sbin:/sbin:/var/run/com.apple.security.cryptexd/codex.system/bootstrap/usr/local/bin:/var/run/com.apple.security.cryptexd/codex.system/bootstrap/usr/bin:/var/run/com.apple.security.cryptexd/codex.system/bootstrap/usr/appleinternal/bin:/pkg/env/global/bin:/Library/Apple/usr/bin:/Users/myfuckingmacbookair/.bun/bin:/Users/myfuckingmacbookair/Library/pnpm:/Users/myfuckingmacbookair/Library/Application\ Support/Claude/local-agent-mode-sessions/skills-plugin/8bf2ebc1-a06e-4b18-bf97-856db8c64549/ec19a108-c20c-455d-9708-6a8cfabeb0b8/bin
    export PATH_PREFIXES_EXCLUDED_FROM_HEADER_DEPENDENCIES\=/usr/include\ /usr/local/include\ /System/Library/Frameworks\ /System/Library/PrivateFrameworks\ /Applications/Xcode.app/Contents/Developer/Headers\ /Applications/Xcode.app/Contents/Developer/SDKs\ /Applications/Xcode.app/Contents/Developer/Platforms
    export PER_ARCH_MODULE_FILE_DIR\=/Users/myfuckingmacbookair/Documents/GitHub/bindery/ios/build/Build/Intermediates.noindex/Pods.build/Release-iphonesimulator/ReactNativeDependencies.build/Objects-normal/undefined_arch
    export PER_ARCH_OBJECT_FILE_DIR\=/Users/myfuckingmacbookair/Documents/GitHub/bindery/ios/build/Build/Intermediates.noindex/Pods.build/Release-iphonesimulator/ReactNativeDependencies.build/Objects-normal/undefined_arch
    export PER_VARIANT_OBJECT_FILE_DIR\=/Users/myfuckingmacbookair/Documents/GitHub/bindery/ios/build/Build/Intermediates.noindex/Pods.build/Release-iphonesimulator/ReactNativeDependencies.build/Objects-normal
    export PKGINFO_FILE_PATH\=/Users/myfuckingmacbookair/Documents/GitHub/bindery/ios/build/Build/Intermediates.noindex/Pods.build/Release-iphonesimulator/ReactNativeDependencies.build/PkgInfo
    export PLATFORM_DEVELOPER_APPLICATIONS_DIR\=/Applications/Xcode.app/Contents/Developer/Platforms/iPhoneSimulator.platform/Developer/Applications
    export PLATFORM_DEVELOPER_BIN_DIR\=/Applications/Xcode.app/Contents/Developer/Platforms/iPhoneSimulator.platform/Developer/usr/bin
    export PLATFORM_DEVELOPER_LIBRARY_DIR\=/Applications/Xcode.app/Contents/Developer/Platforms/iPhoneSimulator.platform/Developer/Library
    export PLATFORM_DEVELOPER_SDK_DIR\=/Applications/Xcode.app/Contents/Developer/Platforms/iPhoneSimulator.platform/Developer/SDKs
    export PLATFORM_DEVELOPER_TOOLS_DIR\=/Applications/Xcode.app/Contents/Developer/Platforms/iPhoneSimulator.platform/Developer/Tools
    export PLATFORM_DEVELOPER_USR_DIR\=/Applications/Xcode.app/Contents/Developer/Platforms/iPhoneSimulator.platform/Developer/usr
    export PLATFORM_DIR\=/Applications/Xcode.app/Contents/Developer/Platforms/iPhoneSimulator.platform
    export PLATFORM_DISPLAY_NAME\=iOS\ Simulator
    export PLATFORM_FAMILY_NAME\=iOS
    export PLATFORM_NAME\=iphonesimulator
    export PLATFORM_PREFERRED_ARCH\=x86_64
    export PLATFORM_PRODUCT_BUILD_VERSION\=23A339
    export PLATFORM_REQUIRES_SWIFT_AUTOLINK_EXTRACT\=NO
    export PLATFORM_REQUIRES_SWIFT_MODULEWRAP\=NO
    export PLIST_FILE_OUTPUT_FORMAT\=binary
    export PODFILE_DIR\=/Users/myfuckingmacbookair/Documents/GitHub/bindery/ios/Pods/..
    export PODS_BUILD_DIR\=/Users/myfuckingmacbookair/Documents/GitHub/bindery/ios/build/Build/Products
    export PODS_CONFIGURATION_BUILD_DIR\=/Users/myfuckingmacbookair/Documents/GitHub/bindery/ios/build/Build/Products/Release-iphonesimulator
    export PODS_DEVELOPMENT_LANGUAGE\=en
    export PODS_ROOT\=/Users/myfuckingmacbookair/Documents/GitHub/bindery/ios/Pods
    export PODS_TARGET_SRCROOT\=/Users/myfuckingmacbookair/Documents/GitHub/bindery/ios/Pods/ReactNativeDependencies
    export PODS_XCFRAMEWORKS_BUILD_DIR\=/Users/myfuckingmacbookair/Documents/GitHub/bindery/ios/build/Build/Products/Release-iphonesimulator/XCFrameworkIntermediates
    export PRECOMPS_INCLUDE_HEADERS_FROM_BUILT_PRODUCTS_DIR\=YES
    export PRECOMP_DESTINATION_DIR\=/Users/myfuckingmacbookair/Documents/GitHub/bindery/ios/build/Build/Intermediates.noindex/Pods.build/Release-iphonesimulator/ReactNativeDependencies.build/PrefixHeaders
    export PROCESSED_INFOPLIST_PATH\=/Users/myfuckingmacbookair/Documents/GitHub/bindery/ios/build/Build/Intermediates.noindex/Pods.build/Release-iphonesimulator/ReactNativeDependencies.build/Objects-normal/undefined_arch/Processed-Info.plist
    export PRODUCT_BUNDLE_IDENTIFIER\=org.cocoapods.ReactNativeDependencies
    export PRODUCT_MODULE_NAME\=ReactNativeDependencies
    export PRODUCT_NAME\=ReactNativeDependencies
    export PRODUCT_SETTINGS_PATH\=
    export PROFILING_CODE\=NO
    export PROJECT\=Pods
    export PROJECT_DERIVED_FILE_DIR\=/Users/myfuckingmacbookair/Documents/GitHub/bindery/ios/build/Build/Intermediates.noindex/Pods.build/DerivedSources
    export PROJECT_DIR\=/Users/myfuckingmacbookair/Documents/GitHub/bindery/ios/Pods
    export PROJECT_FILE_PATH\=/Users/myfuckingmacbookair/Documents/GitHub/bindery/ios/Pods/Pods.xcodeproj
    export PROJECT_GUID\=8699adb1dd336b26511df848a716bd42
    export PROJECT_NAME\=Pods
    export PROJECT_TEMP_DIR\=/Users/myfuckingmacbookair/Documents/GitHub/bindery/ios/build/Build/Intermediates.noindex/Pods.build
    export PROJECT_TEMP_ROOT\=/Users/myfuckingmacbookair/Documents/GitHub/bindery/ios/build/Build/Intermediates.noindex
    export REACT_NATIVE_PATH\=/Users/myfuckingmacbookair/Documents/GitHub/bindery/ios/Pods/../../node_modules/react-native
    export RECOMMENDED_IPHONEOS_DEPLOYMENT_TARGET\=15.0
    export RECURSIVE_SEARCH_PATHS_FOLLOW_SYMLINKS\=YES
    export REMOVE_CVS_FROM_RESOURCES\=YES
    export REMOVE_GIT_FROM_RESOURCES\=YES
    export REMOVE_HEADERS_FROM_EMBEDDED_BUNDLES\=YES
    export REMOVE_HG_FROM_RESOURCES\=YES
    export REMOVE_STATIC_EXECUTABLES_FROM_EMBEDDED_BUNDLES\=YES
    export REMOVE_SVN_FROM_RESOURCES\=YES
    export RESCHEDULE_INDEPENDENT_HEADERS_PHASES\=YES
    export REZ_COLLECTOR_DIR\=/Users/myfuckingmacbookair/Documents/GitHub/bindery/ios/build/Build/Intermediates.noindex/Pods.build/Release-iphonesimulator/ReactNativeDependencies.build/ResourceManagerResources
    export REZ_OBJECTS_DIR\=/Users/myfuckingmacbookair/Documents/GitHub/bindery/ios/build/Build/Intermediates.noindex/Pods.build/Release-iphonesimulator/ReactNativeDependencies.build/ResourceManagerResources/Objects
    export RUNTIME_EXCEPTION_ALLOW_DYLD_ENVIRONMENT_VARIABLES\=NO
    export RUNTIME_EXCEPTION_ALLOW_JIT\=NO
    export RUNTIME_EXCEPTION_ALLOW_UNSIGNED_EXECUTABLE_MEMORY\=NO
    export RUNTIME_EXCEPTION_DEBUGGING_TOOL\=NO
    export RUNTIME_EXCEPTION_DISABLE_EXECUTABLE_PAGE_PROTECTION\=NO
    export RUNTIME_EXCEPTION_DISABLE_LIBRARY_VALIDATION\=NO
    export SCAN_ALL_SOURCE_FILES_FOR_INCLUDES\=NO
    export SCRIPT_INPUT_FILE_COUNT\=0
    export SCRIPT_INPUT_FILE_LIST_COUNT\=0
    export SCRIPT_OUTPUT_FILE_COUNT\=0
    export SCRIPT_OUTPUT_FILE_LIST_COUNT\=0
    export SDKROOT\=/Applications/Xcode.app/Contents/Developer/Platforms/iPhoneSimulator.platform/Developer/SDKs/iPhoneSimulator26.0.sdk
    export SDK_DIR\=/Applications/Xcode.app/Contents/Developer/Platforms/iPhoneSimulator.platform/Developer/SDKs/iPhoneSimulator26.0.sdk
    export SDK_DIR_iphonesimulator\=/Applications/Xcode.app/Contents/Developer/Platforms/iPhoneSimulator.platform/Developer/SDKs/iPhoneSimulator26.0.sdk
    export SDK_DIR_iphonesimulator26_0\=/Applications/Xcode.app/Contents/Developer/Platforms/iPhoneSimulator.platform/Developer/SDKs/iPhoneSimulator26.0.sdk
    export SDK_NAME\=iphonesimulator26.0
    export SDK_NAMES\=iphonesimulator26.0
    export SDK_PRODUCT_BUILD_VERSION\=23A339
    export SDK_STAT_CACHE_DIR\=/Users/myfuckingmacbookair/Documents/GitHub/bindery/ios/build
    export SDK_STAT_CACHE_ENABLE\=YES
    export SDK_STAT_CACHE_PATH\=/Users/myfuckingmacbookair/Documents/GitHub/bindery/ios/build/SDKStatCaches.noindex/iphonesimulator26.0-23A339-26257891a6c027eb51374368541b8346.sdkstatcache
    export SDK_VERSION\=26.0
    export SDK_VERSION_ACTUAL\=260000
    export SDK_VERSION_MAJOR\=260000
    export SDK_VERSION_MINOR\=260000
    export SED\=/usr/bin/sed
    export SEPARATE_STRIP\=NO
    export SEPARATE_SYMBOL_EDIT\=NO
    export SET_DIR_MODE_OWNER_GROUP\=YES
    export SET_FILE_MODE_OWNER_GROUP\=NO
    export SHALLOW_BUNDLE\=NO
    export SHARED_DERIVED_FILE_DIR\=/Users/myfuckingmacbookair/Documents/GitHub/bindery/ios/build/Build/Products/Release-iphonesimulator/ReactNativeDependencies/DerivedSources
    export SHARED_PRECOMPS_DIR\=/Users/myfuckingmacbookair/Documents/GitHub/bindery/ios/build/Build/Intermediates.noindex/PrecompiledHeaders
    export SKIP_INSTALL\=YES
    export SOURCE_ROOT\=/Users/myfuckingmacbookair/Documents/GitHub/bindery/ios/Pods
    export SRCROOT\=/Users/myfuckingmacbookair/Documents/GitHub/bindery/ios/Pods
    export STRINGSDATA_DIR\=/Users/myfuckingmacbookair/Documents/GitHub/bindery/ios/build/Build/Intermediates.noindex/Pods.build/Release-iphonesimulator/ReactNativeDependencies.build/Objects-normal/undefined_arch
    export STRINGSDATA_ROOT\=/Users/myfuckingmacbookair/Documents/GitHub/bindery/ios/build/Build/Intermediates.noindex/Pods.build/Release-iphonesimulator/ReactNativeDependencies.build
    export STRINGS_FILE_INFOPLIST_RENAME\=YES
    export STRINGS_FILE_OUTPUT_ENCODING\=binary
    export STRING_CATALOG_GENERATE_SYMBOLS\=NO
    export STRIP_BITCODE_FROM_COPIED_FILES\=NO
    export STRIP_INSTALLED_PRODUCT\=NO
    export STRIP_STYLE\=all
    export STRIP_SWIFT_SYMBOLS\=YES
    export SUPPORTED_DEVICE_FAMILIES\=1,2
    export SUPPORTED_PLATFORMS\=iphoneos\ iphonesimulator
    export SUPPORTS_TEXT_BASED_API\=NO
    export SUPPRESS_WARNINGS\=NO
    export SWIFT_COMPILATION_MODE\=wholemodule
    export SWIFT_EMIT_CONST_VALUE_PROTOCOLS\=AppIntent\ EntityQuery\ AppEntity\ TransientEntity\ AppEnum\ AppShortcutProviding\ AppShortcutsProvider\ AnyResolverProviding\ AppIntentsPackage\ DynamicOptionsProvider\ _IntentValueRepresentable\ _AssistantIntentsProvider\ _GenerativeFunctionExtractable\ IntentValueQuery\ Resolver\ AppExtension\ ExtensionPointDefining
    export SWIFT_EMIT_LOC_STRINGS\=NO
    export SWIFT_EMIT_MODULE_INTERFACE\=NO
    export SWIFT_ENABLE_EXPLICIT_MODULES\=NO
    export SWIFT_OPTIMIZATION_LEVEL\=-O
    export SWIFT_PLATFORM_TARGET_PREFIX\=ios
    export SWIFT_RESPONSE_FILE_PATH_normal_arm64\=/Users/myfuckingmacbookair/Documents/GitHub/bindery/ios/build/Build/Intermediates.noindex/Pods.build/Release-iphonesimulator/ReactNativeDependencies.build/Objects-normal/arm64/ReactNativeDependencies.SwiftFileList
    export SWIFT_RESPONSE_FILE_PATH_normal_x86_64\=/Users/myfuckingmacbookair/Documents/GitHub/bindery/ios/build/Build/Intermediates.noindex/Pods.build/Release-iphonesimulator/ReactNativeDependencies.build/Objects-normal/x86_64/ReactNativeDependencies.SwiftFileList
    export SWIFT_VERSION\=5.0
    export SYMROOT\=/Users/myfuckingmacbookair/Documents/GitHub/bindery/ios/build/Build/Products
    export SYSTEM_ADMIN_APPS_DIR\=/Applications/Utilities
    export SYSTEM_APPS_DIR\=/Applications
    export SYSTEM_CORE_SERVICES_DIR\=/System/Library/CoreServices
    export SYSTEM_DEMOS_DIR\=/Applications/Extras
    export SYSTEM_DEVELOPER_APPS_DIR\=/Applications/Xcode.app/Contents/Developer/Applications
    export SYSTEM_DEVELOPER_BIN_DIR\=/Applications/Xcode.app/Contents/Developer/usr/bin
    export SYSTEM_DEVELOPER_DEMOS_DIR\=/Applications/Xcode.app/Contents/Developer/Applications/Utilities/Built\ Examples
    export SYSTEM_DEVELOPER_DIR\=/Applications/Xcode.app/Contents/Developer
    export SYSTEM_DEVELOPER_DOC_DIR\=/Applications/Xcode.app/Contents/Developer/ADC\ Reference\ Library
    export SYSTEM_DEVELOPER_GRAPHICS_TOOLS_DIR\=/Applications/Xcode.app/Contents/Developer/Applications/Graphics\ Tools
    export SYSTEM_DEVELOPER_JAVA_TOOLS_DIR\=/Applications/Xcode.app/Contents/Developer/Applications/Java\ Tools
    export SYSTEM_DEVELOPER_PERFORMANCE_TOOLS_DIR\=/Applications/Xcode.app/Contents/Developer/Applications/Performance\ Tools
    export SYSTEM_DEVELOPER_RELEASENOTES_DIR\=/Applications/Xcode.app/Contents/Developer/ADC\ Reference\ Library/releasenotes
    export SYSTEM_DEVELOPER_TOOLS\=/Applications/Xcode.app/Contents/Developer/Tools
    export SYSTEM_DEVELOPER_TOOLS_DOC_DIR\=/Applications/Xcode.app/Contents/Developer/ADC\ Reference\ Library/documentation/DeveloperTools
    export SYSTEM_DEVELOPER_TOOLS_RELEASENOTES_DIR\=/Applications/Xcode.app/Contents/Developer/ADC\ Reference\ Library/releasenotes/DeveloperTools
    export SYSTEM_DEVELOPER_USR_DIR\=/Applications/Xcode.app/Contents/Developer/usr
    export SYSTEM_DEVELOPER_UTILITIES_DIR\=/Applications/Xcode.app/Contents/Developer/Applications/Utilities
    export SYSTEM_DEXT_INSTALL_PATH\=/System/Library/DriverExtensions
    export SYSTEM_DOCUMENTATION_DIR\=/Library/Documentation
    export SYSTEM_KEXT_INSTALL_PATH\=/System/Library/Extensions
    export SYSTEM_LIBRARY_DIR\=/System/Library
    export TAPI_DEMANGLE\=YES
    export TAPI_ENABLE_PROJECT_HEADERS\=NO
    export TAPI_LANGUAGE\=objective-c
    export TAPI_LANGUAGE_STANDARD\=compiler-default
    export TAPI_USE_SRCROOT\=YES
    export TAPI_VERIFY_MODE\=Pedantic
    export TARGETED_DEVICE_FAMILY\=1,2
    export TARGETNAME\=ReactNativeDependencies
    export TARGET_BUILD_DIR\=/Users/myfuckingmacbookair/Documents/GitHub/bindery/ios/build/Build/Products/Release-iphonesimulator/ReactNativeDependencies
    export TARGET_DEVICE_IDENTIFIER\=4DC2E649-35BE-4445-9A24-38BD8A88D1BF
    export TARGET_DEVICE_MODEL\=iPhone18,1
    export TARGET_DEVICE_OS_VERSION\=26.0.1
    export TARGET_DEVICE_PLATFORM_NAME\=iphonesimulator
    export TARGET_NAME\=ReactNativeDependencies
    export TARGET_TEMP_DIR\=/Users/myfuckingmacbookair/Documents/GitHub/bindery/ios/build/Build/Intermediates.noindex/Pods.build/Release-iphonesimulator/ReactNativeDependencies.build
    export TEMP_DIR\=/Users/myfuckingmacbookair/Documents/GitHub/bindery/ios/build/Build/Intermediates.noindex/Pods.build/Release-iphonesimulator/ReactNativeDependencies.build
    export TEMP_FILES_DIR\=/Users/myfuckingmacbookair/Documents/GitHub/bindery/ios/build/Build/Intermediates.noindex/Pods.build/Release-iphonesimulator/ReactNativeDependencies.build
    export TEMP_FILE_DIR\=/Users/myfuckingmacbookair/Documents/GitHub/bindery/ios/build/Build/Intermediates.noindex/Pods.build/Release-iphonesimulator/ReactNativeDependencies.build
    export TEMP_ROOT\=/Users/myfuckingmacbookair/Documents/GitHub/bindery/ios/build/Build/Intermediates.noindex
    export TEMP_SANDBOX_DIR\=/Users/myfuckingmacbookair/Documents/GitHub/bindery/ios/build/Build/Intermediates.noindex/TemporaryTaskSandboxes
    export TEST_FRAMEWORK_SEARCH_PATHS\=\ /Applications/Xcode.app/Contents/Developer/Platforms/iPhoneSimulator.platform/Developer/Library/Frameworks\ /Applications/Xcode.app/Contents/Developer/Platforms/iPhoneSimulator.platform/Developer/SDKs/iPhoneSimulator26.0.sdk/Developer/Library/Frameworks
    export TEST_LIBRARY_SEARCH_PATHS\=\ /Applications/Xcode.app/Contents/Developer/Platforms/iPhoneSimulator.platform/Developer/usr/lib
    export TOOLCHAINS\=com.apple.dt.toolchain.XcodeDefault
    export TOOLCHAIN_DIR\=/Applications/Xcode.app/Contents/Developer/Toolchains/XcodeDefault.xctoolchain
    export TREAT_MISSING_BASELINES_AS_TEST_FAILURES\=NO
    export TREAT_MISSING_SCRIPT_PHASE_OUTPUTS_AS_ERRORS\=NO
    export UID\=501
    export UNINSTALLED_PRODUCTS_DIR\=/Users/myfuckingmacbookair/Documents/GitHub/bindery/ios/build/Build/Intermediates.noindex/UninstalledProducts
    export UNSTRIPPED_PRODUCT\=NO
    export USER\=myfuckingmacbookair
    export USER_APPS_DIR\=/Users/myfuckingmacbookair/Applications
    export USER_LIBRARY_DIR\=/Users/myfuckingmacbookair/Library
    export USE_DYNAMIC_NO_PIC\=YES
    export USE_HEADERMAP\=YES
    export USE_HEADER_SYMLINKS\=NO
    export USE_HERMES\=true
    export USE_RECURSIVE_SCRIPT_INPUTS_IN_SCRIPT_PHASES\=YES
    export VALIDATE_DEVELOPMENT_ASSET_PATHS\=YES_ERROR
    export VALIDATE_PRODUCT\=YES
    export VALID_ARCHS\=arm64\ x86_64
    export VERBOSE_PBXCP\=NO
    export VERSION_INFO_BUILDER\=myfuckingmacbookair
    export VERSION_INFO_FILE\=ReactNativeDependencies_vers.c
    export VERSION_INFO_STRING\=\"@\(\#\)PROGRAM:ReactNativeDependencies\ \ PROJECT:Pods-\"
    export WORKSPACE_DIR\=/Users/myfuckingmacbookair/Documents/GitHub/bindery/ios
    export WRAP_ASSET_PACKS_IN_SEPARATE_DIRECTORIES\=NO
    export XCODE_APP_SUPPORT_DIR\=/Applications/Xcode.app/Contents/Developer/Library/Xcode
    export XCODE_PRODUCT_BUILD_VERSION\=17A400
    export XCODE_VERSION_ACTUAL\=2601
    export XCODE_VERSION_MAJOR\=2600
    export XCODE_VERSION_MINOR\=2600
    export XPCSERVICES_FOLDER_PATH\=/XPCServices
    export YACC\=yacc
    export _DISCOVER_COMMAND_LINE_LINKER_INPUTS\=YES
    export _DISCOVER_COMMAND_LINE_LINKER_INPUTS_INCLUDE_WL\=YES
    export _LD_MULTIARCH\=YES
    export __DIAGNOSE_DEPRECATED_ARCHS\=YES
    export arch\=undefined_arch
    export variant\=normal
    /bin/sh -c /Users/myfuckingmacbookair/Documents/GitHub/bindery/ios/build/Build/Intermediates.noindex/Pods.build/Release-iphonesimulator/ReactNativeDependencies.build/Script-46EB2E0001B5C0.sh
Node found at: /usr/local/bin/node
Found ReactNativeDependencies/.last_build_configuration file
Same config of the previous build. No need to replace RNDeps

note: Run script build phase '[CP-User] [RNCore] Replace React Native Core for the right configuration, if needed' will be run during every build because the option to run the script phase "Based on dependency analysis" is unchecked. (in target 'React-Core-prebuilt' from project 'Pods')
PhaseScriptExecution [CP-User]\ [RNCore]\ Replace\ React\ Native\ Core\ for\ the\ right\ configuration,\ if\ needed /Users/myfuckingmacbookair/Documents/GitHub/bindery/ios/build/Build/Intermediates.noindex/Pods.build/Release-iphonesimulator/React-Core-prebuilt.build/Script-46EB2E0001B580.sh (in target 'React-Core-prebuilt' from project 'Pods')
    cd /Users/myfuckingmacbookair/Documents/GitHub/bindery/ios/Pods
    export ACTION\=build
    export AD_HOC_CODE_SIGNING_ALLOWED\=YES
    export ALLOW_BUILD_REQUEST_OVERRIDES\=NO
    export ALLOW_TARGET_PLATFORM_SPECIALIZATION\=NO
    export ALTERNATE_GROUP\=staff
    export ALTERNATE_MODE\=u+w,go-w,a+rX
    export ALTERNATE_OWNER\=myfuckingmacbookair
    export ALTERNATIVE_DISTRIBUTION_WEB\=NO
    export ALWAYS_EMBED_SWIFT_STANDARD_LIBRARIES\=NO
    export ALWAYS_SEARCH_USER_PATHS\=NO
    export ALWAYS_USE_SEPARATE_HEADERMAPS\=NO
    export ANDROID_DEPLOYMENT_TARGET\=21.0
    export APPLICATION_EXTENSION_API_ONLY\=NO
    export APPLY_RULES_IN_COPY_FILES\=NO
    export APPLY_RULES_IN_COPY_HEADERS\=NO
    export APP_SHORTCUTS_ENABLE_FLEXIBLE_MATCHING\=YES
    export ARCHS\=arm64\ x86_64
    export ARCHS_STANDARD\=arm64\ x86_64
    export ARCHS_STANDARD_32_64_BIT\=arm64\ x86_64
    export ARCHS_STANDARD_64_BIT\=arm64\ x86_64
    export ARCHS_STANDARD_INCLUDING_64_BIT\=arm64\ x86_64
    export ARCHS_UNIVERSAL_IPHONE_OS\=arm64\ x86_64
    export ASSETCATALOG_COMPILER_APPICON_NAME\=AppIcon
    export ASSETCATALOG_COMPILER_GLOBAL_ACCENT_COLOR_NAME\=AccentColor
    export ASSETCATALOG_FILTER_FOR_DEVICE_MODEL\=iPhone18,1
    export ASSETCATALOG_FILTER_FOR_DEVICE_OS_VERSION\=26.0.1
    export ASSETCATALOG_FILTER_FOR_THINNING_DEVICE_CONFIGURATION\=iPhone18,1
    export AUTOMATICALLY_MERGE_DEPENDENCIES\=NO
    export AUTOMATION_APPLE_EVENTS\=NO
    export AVAILABLE_PLATFORMS\=android\ appletvos\ appletvsimulator\ driverkit\ iphoneos\ iphonesimulator\ macosx\ qnx\ watchos\ watchsimulator\ webassembly\ xros\ xrsimulator
    export BUILD_ACTIVE_RESOURCES_ONLY\=YES
    export BUILD_COMPONENTS\=headers\ build
    export BUILD_DIR\=/Users/myfuckingmacbookair/Documents/GitHub/bindery/ios/build/Build/Products
    export BUILD_LIBRARY_FOR_DISTRIBUTION\=NO
    export BUILD_ROOT\=/Users/myfuckingmacbookair/Documents/GitHub/bindery/ios/build/Build/Products
    export BUILD_STYLE\=
    export BUILD_VARIANTS\=normal
    export BUILT_PRODUCTS_DIR\=/Users/myfuckingmacbookair/Documents/GitHub/bindery/ios/build/Build/Products/Release-iphonesimulator/React-Core-prebuilt
    export BUNDLE_CONTENTS_FOLDER_PATH_deep\=Contents/
    export BUNDLE_EXECUTABLE_FOLDER_NAME_deep\=MacOS
    export BUNDLE_EXTENSIONS_FOLDER_PATH\=Extensions
    export BUNDLE_FORMAT\=shallow
    export BUNDLE_FRAMEWORKS_FOLDER_PATH\=Frameworks
    export BUNDLE_PLUGINS_FOLDER_PATH\=PlugIns
    export BUNDLE_PRIVATE_HEADERS_FOLDER_PATH\=PrivateHeaders
    export BUNDLE_PUBLIC_HEADERS_FOLDER_PATH\=Headers
    export CACHE_ROOT\=/var/folders/p3/qv3pwhyn1njgqlcyk_px59gr0000gn/C/com.apple.DeveloperTools/26.0.1-17A400/Xcode
    export CCHROOT\=/var/folders/p3/qv3pwhyn1njgqlcyk_px59gr0000gn/C/com.apple.DeveloperTools/26.0.1-17A400/Xcode
    export CHMOD\=/bin/chmod
    export CHOWN\=/usr/sbin/chown
    export CLANG_ANALYZER_LOCALIZABILITY_NONLOCALIZED\=YES
    export CLANG_ANALYZER_NONNULL\=YES
    export CLANG_ANALYZER_NUMBER_OBJECT_CONVERSION\=YES_AGGRESSIVE
    export CLANG_CACHE_FINE_GRAINED_OUTPUTS\=YES
    export CLANG_CXX_LANGUAGE_STANDARD\=c++20
    export CLANG_CXX_LIBRARY\=libc++
    export CLANG_ENABLE_EXPLICIT_MODULES\=YES
    export CLANG_ENABLE_MODULES\=YES
    export CLANG_ENABLE_OBJC_ARC\=YES
    export CLANG_ENABLE_OBJC_WEAK\=NO
    export CLANG_MODULES_BUILD_SESSION_FILE\=/Users/myfuckingmacbookair/Documents/GitHub/bindery/ios/build/ModuleCache.noindex/Session.modulevalidation
    export CLANG_WARN_BLOCK_CAPTURE_AUTORELEASING\=YES
    export CLANG_WARN_BOOL_CONVERSION\=YES
    export CLANG_WARN_COMMA\=YES
    export CLANG_WARN_CONSTANT_CONVERSION\=YES
    export CLANG_WARN_DEPRECATED_OBJC_IMPLEMENTATIONS\=YES
    export CLANG_WARN_DIRECT_OBJC_ISA_USAGE\=YES_ERROR
    export CLANG_WARN_DOCUMENTATION_COMMENTS\=YES
    export CLANG_WARN_EMPTY_BODY\=YES
    export CLANG_WARN_ENUM_CONVERSION\=YES
    export CLANG_WARN_INFINITE_RECURSION\=YES
    export CLANG_WARN_INT_CONVERSION\=YES
    export CLANG_WARN_NON_LITERAL_NULL_CONVERSION\=YES
    export CLANG_WARN_OBJC_IMPLICIT_RETAIN_SELF\=YES
    export CLANG_WARN_OBJC_LITERAL_CONVERSION\=YES
    export CLANG_WARN_OBJC_ROOT_CLASS\=YES_ERROR
    export CLANG_WARN_QUOTED_INCLUDE_IN_FRAMEWORK_HEADER\=NO
    export CLANG_WARN_RANGE_LOOP_ANALYSIS\=YES
    export CLANG_WARN_STRICT_PROTOTYPES\=YES
    export CLANG_WARN_SUSPICIOUS_MOVE\=YES
    export CLANG_WARN_UNGUARDED_AVAILABILITY\=YES_AGGRESSIVE
    export CLANG_WARN_UNREACHABLE_CODE\=YES
    export CLANG_WARN__DUPLICATE_METHOD_MATCH\=YES
    export CLASS_FILE_DIR\=/Users/myfuckingmacbookair/Documents/GitHub/bindery/ios/build/Build/Intermediates.noindex/Pods.build/Release-iphonesimulator/React-Core-prebuilt.build/JavaClasses
    export CLEAN_PRECOMPS\=YES
    export CLONE_HEADERS\=NO
    export CODESIGNING_FOLDER_PATH\=/Users/myfuckingmacbookair/Documents/GitHub/bindery/ios/build/Build/Products/Release-iphonesimulator/React-Core-prebuilt/
    export CODE_SIGNING_ALLOWED\=NO
    export CODE_SIGNING_REQUIRED\=YES
    export CODE_SIGN_CONTEXT_CLASS\=XCiPhoneSimulatorCodeSignContext
    export CODE_SIGN_IDENTITY\=-
    export CODE_SIGN_INJECT_BASE_ENTITLEMENTS\=YES
    export COLOR_DIAGNOSTICS\=NO
    export COMBINE_HIDPI_IMAGES\=NO
    export COMPILATION_CACHE_CAS_PATH\=/Users/myfuckingmacbookair/Documents/GitHub/bindery/ios/build/CompilationCache.noindex
    export COMPILATION_CACHE_KEEP_CAS_DIRECTORY\=YES
    export COMPILER_INDEX_STORE_ENABLE\=Default
    export COMPOSITE_SDK_DIRS\=/Users/myfuckingmacbookair/Documents/GitHub/bindery/ios/build/Build/Intermediates.noindex/CompositeSDKs
    export COMPRESS_PNG_FILES\=YES
    export CONFIGURATION\=Release
    export CONFIGURATION_BUILD_DIR\=/Users/myfuckingmacbookair/Documents/GitHub/bindery/ios/build/Build/Products/Release-iphonesimulator/React-Core-prebuilt
    export CONFIGURATION_TEMP_DIR\=/Users/myfuckingmacbookair/Documents/GitHub/bindery/ios/build/Build/Intermediates.noindex/Pods.build/Release-iphonesimulator
    export COPYING_PRESERVES_HFS_DATA\=NO
    export COPY_HEADERS_RUN_UNIFDEF\=NO
    export COPY_PHASE_STRIP\=NO
    export CORRESPONDING_DEVICE_PLATFORM_DIR\=/Applications/Xcode.app/Contents/Developer/Platforms/iPhoneOS.platform
    export CORRESPONDING_DEVICE_PLATFORM_NAME\=iphoneos
    export CORRESPONDING_DEVICE_SDK_DIR\=/Applications/Xcode.app/Contents/Developer/Platforms/iPhoneOS.platform/Developer/SDKs/iPhoneOS26.0.sdk
    export CORRESPONDING_DEVICE_SDK_NAME\=iphoneos26.0
    export CP\=/bin/cp
    export CREATE_INFOPLIST_SECTION_IN_BINARY\=NO
    export CURRENT_ARCH\=undefined_arch
    export CURRENT_VARIANT\=normal
    export DEAD_CODE_STRIPPING\=YES
    export DEBUGGING_SYMBOLS\=YES
    export DEBUG_INFORMATION_FORMAT\=dwarf-with-dsym
    export DEBUG_INFORMATION_VERSION\=compiler-default
    export DEFAULT_COMPILER\=com.apple.compilers.llvm.clang.1_0
    export DEFAULT_DEXT_INSTALL_PATH\=/System/Library/DriverExtensions
    export DEFAULT_KEXT_INSTALL_PATH\=/System/Library/Extensions
    export DEFINES_MODULE\=NO
    export DEPLOYMENT_LOCATION\=NO
    export DEPLOYMENT_POSTPROCESSING\=NO
    export DEPLOYMENT_TARGET_SETTING_NAME\=IPHONEOS_DEPLOYMENT_TARGET
    export DEPLOYMENT_TARGET_SUGGESTED_VALUES\=12.0\ 12.1\ 12.2\ 12.3\ 12.4\ 13.0\ 13.1\ 13.2\ 13.3\ 13.4\ 13.5\ 13.6\ 14.0\ 14.1\ 14.2\ 14.3\ 14.4\ 14.5\ 14.6\ 14.7\ 15.0\ 15.1\ 15.2\ 15.3\ 15.4\ 15.5\ 15.6\ 16.0\ 16.1\ 16.2\ 16.3\ 16.4\ 16.5\ 16.6\ 17.0\ 17.1\ 17.2\ 17.3\ 17.4\ 17.5\ 17.6\ 18.0\ 18.1\ 18.2\ 18.3\ 18.4\ 18.5\ 18.6\ 26.0
    export DERIVED_FILES_DIR\=/Users/myfuckingmacbookair/Documents/GitHub/bindery/ios/build/Build/Intermediates.noindex/Pods.build/Release-iphonesimulator/React-Core-prebuilt.build/DerivedSources
    export DERIVED_FILE_DIR\=/Users/myfuckingmacbookair/Documents/GitHub/bindery/ios/build/Build/Intermediates.noindex/Pods.build/Release-iphonesimulator/React-Core-prebuilt.build/DerivedSources
    export DERIVED_SOURCES_DIR\=/Users/myfuckingmacbookair/Documents/GitHub/bindery/ios/build/Build/Intermediates.noindex/Pods.build/Release-iphonesimulator/React-Core-prebuilt.build/DerivedSources
    export DEVELOPER_APPLICATIONS_DIR\=/Applications/Xcode.app/Contents/Developer/Applications
    export DEVELOPER_BIN_DIR\=/Applications/Xcode.app/Contents/Developer/usr/bin
    export DEVELOPER_DIR\=/Applications/Xcode.app/Contents/Developer
    export DEVELOPER_FRAMEWORKS_DIR\=/Applications/Xcode.app/Contents/Developer/Library/Frameworks
    export DEVELOPER_FRAMEWORKS_DIR_QUOTED\=/Applications/Xcode.app/Contents/Developer/Library/Frameworks
    export DEVELOPER_LIBRARY_DIR\=/Applications/Xcode.app/Contents/Developer/Library
    export DEVELOPER_SDK_DIR\=/Applications/Xcode.app/Contents/Developer/Platforms/MacOSX.platform/Developer/SDKs
    export DEVELOPER_TOOLS_DIR\=/Applications/Xcode.app/Contents/Developer/Tools
    export DEVELOPER_USR_DIR\=/Applications/Xcode.app/Contents/Developer/usr
    export DEVELOPMENT_LANGUAGE\=en
    export DIAGNOSE_MISSING_TARGET_DEPENDENCIES\=YES
    export DIFF\=/usr/bin/diff
    export DONT_GENERATE_INFOPLIST_FILE\=NO
    export DSTROOT\=/tmp/Pods.dst
    export DT_TOOLCHAIN_DIR\=/Applications/Xcode.app/Contents/Developer/Toolchains/XcodeDefault.xctoolchain
    export DWARF_DSYM_FILE_NAME\=.dSYM
    export DWARF_DSYM_FILE_SHOULD_ACCOMPANY_PRODUCT\=NO
    export DWARF_DSYM_FOLDER_PATH\=/Users/myfuckingmacbookair/Documents/GitHub/bindery/ios/build/Build/Products/Release-iphonesimulator/React-Core-prebuilt
    export DYNAMIC_LIBRARY_EXTENSION\=dylib
    export EAGER_COMPILATION_ALLOW_SCRIPTS\=NO
    export EAGER_LINKING\=NO
    export EFFECTIVE_PLATFORM_NAME\=-iphonesimulator
    export EMBEDDED_CONTENT_CONTAINS_SWIFT\=NO
    export EMBED_ASSET_PACKS_IN_PRODUCT_BUNDLE\=NO
    export ENABLE_APP_SANDBOX\=NO
    export ENABLE_CODE_COVERAGE\=YES
    export ENABLE_CPLUSPLUS_BOUNDS_SAFE_BUFFERS\=NO
    export ENABLE_C_BOUNDS_SAFETY\=NO
    export ENABLE_DEBUG_DYLIB\=NO
    export ENABLE_DEFAULT_HEADER_SEARCH_PATHS\=YES
    export ENABLE_DEFAULT_SEARCH_PATHS\=YES
    export ENABLE_ENHANCED_SECURITY\=NO
    export ENABLE_HARDENED_RUNTIME\=NO
    export ENABLE_HEADER_DEPENDENCIES\=YES
    export ENABLE_INCOMING_NETWORK_CONNECTIONS\=NO
    export ENABLE_NS_ASSERTIONS\=NO
    export ENABLE_ON_DEMAND_RESOURCES\=NO
    export ENABLE_OUTGOING_NETWORK_CONNECTIONS\=NO
    export ENABLE_POINTER_AUTHENTICATION\=NO
    export ENABLE_PREVIEWS\=NO
    export ENABLE_RESOURCE_ACCESS_AUDIO_INPUT\=NO
    export ENABLE_RESOURCE_ACCESS_BLUETOOTH\=NO
    export ENABLE_RESOURCE_ACCESS_CALENDARS\=NO
    export ENABLE_RESOURCE_ACCESS_CAMERA\=NO
    export ENABLE_RESOURCE_ACCESS_CONTACTS\=NO
    export ENABLE_RESOURCE_ACCESS_LOCATION\=NO
    export ENABLE_RESOURCE_ACCESS_PHOTO_LIBRARY\=NO
    export ENABLE_RESOURCE_ACCESS_PRINTING\=NO
    export ENABLE_RESOURCE_ACCESS_USB\=NO
    export ENABLE_SDK_IMPORTS\=NO
    export ENABLE_SECURITY_COMPILER_WARNINGS\=NO
    export ENABLE_STRICT_OBJC_MSGSEND\=YES
    export ENABLE_TESTABILITY\=NO
    export ENABLE_TESTING_SEARCH_PATHS\=NO
    export ENABLE_USER_SCRIPT_SANDBOXING\=NO
    export ENABLE_XOJIT_PREVIEWS\=NO
    export ENFORCE_VALID_ARCHS\=YES
    export ENTITLEMENTS_DESTINATION\=__entitlements
    export ENTITLEMENTS_REQUIRED\=YES
    export EXCLUDED_INSTALLSRC_SUBDIRECTORY_PATTERNS\=.DS_Store\ .svn\ .git\ .hg\ CVS
    export EXCLUDED_RECURSIVE_SEARCH_PATH_SUBDIRECTORIES\=\*.nib\ \*.lproj\ \*.framework\ \*.gch\ \*.xcode\*\ \*.xcassets\ \*.icon\ \(\*\)\ .DS_Store\ CVS\ .svn\ .git\ .hg\ \*.pbproj\ \*.pbxproj
    export FILE_LIST\=/Users/myfuckingmacbookair/Documents/GitHub/bindery/ios/build/Build/Intermediates.noindex/Pods.build/Release-iphonesimulator/React-Core-prebuilt.build/Objects/LinkFileList
    export FIXED_FILES_DIR\=/Users/myfuckingmacbookair/Documents/GitHub/bindery/ios/build/Build/Intermediates.noindex/Pods.build/Release-iphonesimulator/React-Core-prebuilt.build/FixedFiles
    export FRAMEWORK_SEARCH_PATHS\=\ \"/Users/myfuckingmacbookair/Documents/GitHub/bindery/ios/Pods/React-Core-prebuilt\"\ \"/Users/myfuckingmacbookair/Documents/GitHub/bindery/ios/Pods/ReactNativeDependencies/framework/packages/react-native\"\ \"/Users/myfuckingmacbookair/Documents/GitHub/bindery/ios/build/Build/Products/Release-iphonesimulator/XCFrameworkIntermediates/React-Core-prebuilt\"\ \"/Users/myfuckingmacbookair/Documents/GitHub/bindery/ios/build/Build/Products/Release-iphonesimulator/XCFrameworkIntermediates/ReactNativeDependencies\"
    export FRAMEWORK_VERSION\=A
    export FUSE_BUILD_PHASES\=YES
    export FUSE_BUILD_SCRIPT_PHASES\=NO
    export GCC3_VERSION\=3.3
    export GCC_C_LANGUAGE_STANDARD\=gnu11
    export GCC_NO_COMMON_BLOCKS\=YES
    export GCC_OBJC_LEGACY_DISPATCH\=YES
    export GCC_PFE_FILE_C_DIALECTS\=c\ objective-c\ c++\ objective-c++
    export GCC_PREPROCESSOR_DEFINITIONS\=POD_CONFIGURATION_RELEASE\=1\ \ COCOAPODS\=1
    export GCC_TREAT_WARNINGS_AS_ERRORS\=NO
    export GCC_VERSION\=com.apple.compilers.llvm.clang.1_0
    export GCC_VERSION_IDENTIFIER\=com_apple_compilers_llvm_clang_1_0
    export GCC_WARN_64_TO_32_BIT_CONVERSION\=YES
    export GCC_WARN_ABOUT_RETURN_TYPE\=YES_ERROR
    export GCC_WARN_UNDECLARED_SELECTOR\=YES
    export GCC_WARN_UNINITIALIZED_AUTOS\=YES_AGGRESSIVE
    export GCC_WARN_UNUSED_FUNCTION\=YES
    export GCC_WARN_UNUSED_VARIABLE\=YES
    export GENERATED_MODULEMAP_DIR\=/Users/myfuckingmacbookair/Documents/GitHub/bindery/ios/build/Build/Intermediates.noindex/GeneratedModuleMaps-iphonesimulator
    export GENERATE_INFOPLIST_FILE\=NO
    export GENERATE_INTERMEDIATE_TEXT_BASED_STUBS\=YES
    export GENERATE_PKGINFO_FILE\=NO
    export GENERATE_PRELINK_OBJECT_FILE\=NO
    export GENERATE_PROFILING_CODE\=NO
    export GENERATE_TEXT_BASED_STUBS\=NO
    export GID\=20
    export GROUP\=staff
    export HEADERMAP_INCLUDES_FLAT_ENTRIES_FOR_TARGET_BEING_BUILT\=YES
    export HEADERMAP_INCLUDES_FRAMEWORK_ENTRIES_FOR_ALL_PRODUCT_TYPES\=YES
    export HEADERMAP_INCLUDES_FRAMEWORK_ENTRIES_FOR_TARGETS_NOT_BEING_BUILT\=YES
    export HEADERMAP_INCLUDES_NONPUBLIC_NONPRIVATE_HEADERS\=YES
    export HEADERMAP_INCLUDES_PROJECT_HEADERS\=YES
    export HEADERMAP_USES_FRAMEWORK_PREFIX_ENTRIES\=YES
    export HEADERMAP_USES_VFS\=NO
    export HEADER_SEARCH_PATHS\=\ \"/Users/myfuckingmacbookair/Documents/GitHub/bindery/ios/Pods/Headers/Private\"\ \"/Users/myfuckingmacbookair/Documents/GitHub/bindery/ios/Pods/Headers/Private/React-Core-prebuilt\"\ \"/Users/myfuckingmacbookair/Documents/GitHub/bindery/ios/Pods/Headers/Public\"\ \"/Users/myfuckingmacbookair/Documents/GitHub/bindery/ios/Pods/Headers/Public/React-Core-prebuilt\"\ \"/Users/myfuckingmacbookair/Documents/GitHub/bindery/ios/Pods/Headers/Public/ReactNativeDependencies\"\ /Users/myfuckingmacbookair/Documents/GitHub/bindery/ios/Pods/ReactNativeDependencies\ \"/Users/myfuckingmacbookair/Documents/GitHub/bindery/ios/Pods/ExpoModulesCore/ExpoModulesCore.xcframework/ios-arm64_x86_64-simulator/ExpoModulesCore.framework/Headers\"\ \"/Users/myfuckingmacbookair/Documents/GitHub/bindery/ios/Pods/ExpoModulesCore/ExpoModulesCore.xcframework/ios-arm64/ExpoModulesCore.framework/Headers\"\ \"/Users/myfuckingmacbookair/Documents/GitHub/bindery/ios/Pods/ExpoModulesCore/ExpoModulesCore.xcframework/ios-arm64_x86_64-simulator/ExpoModulesCore.framework/Headers\"\ \"/Users/myfuckingmacbookair/Documents/GitHub/bindery/ios/Pods/ExpoModulesCore/ExpoModulesCore.xcframework/ios-arm64/ExpoModulesCore.framework/Headers\"
    export HOME\=/Users/myfuckingmacbookair
    export HOST_ARCH\=x86_64
    export HOST_PLATFORM\=macosx
    export ICONV\=/usr/bin/iconv
    export IMPLICIT_DEPENDENCY_DOMAIN\=default
    export INFOPLIST_ENABLE_CFBUNDLEICONS_MERGE\=YES
    export INFOPLIST_EXPAND_BUILD_SETTINGS\=YES
    export INFOPLIST_OUTPUT_FORMAT\=binary
    export INFOPLIST_PREPROCESS\=NO
    export INLINE_PRIVATE_FRAMEWORKS\=NO
    export INSTALLAPI_IGNORE_SKIP_INSTALL\=YES
    export INSTALLHDRS_COPY_PHASE\=NO
    export INSTALLHDRS_SCRIPT_PHASE\=NO
    export INSTALL_DIR\=/tmp/Pods.dst
    export INSTALL_GROUP\=staff
    export INSTALL_MODE_FLAG\=u+w,go-w,a+rX
    export INSTALL_OWNER\=myfuckingmacbookair
    export INSTALL_ROOT\=/tmp/Pods.dst
    export IPHONEOS_DEPLOYMENT_TARGET\=15.1
    export IS_UNOPTIMIZED_BUILD\=NO
    export JAVAC_DEFAULT_FLAGS\=-J-Xms64m\ -J-XX:NewSize\=4M\ -J-Dfile.encoding\=UTF8
    export JAVA_APP_STUB\=/System/Library/Frameworks/JavaVM.framework/Resources/MacOS/JavaApplicationStub
    export JAVA_ARCHIVE_CLASSES\=YES
    export JAVA_ARCHIVE_TYPE\=JAR
    export JAVA_COMPILER\=/usr/bin/javac
    export JAVA_FRAMEWORK_RESOURCES_DIRS\=Resources
    export JAVA_JAR_FLAGS\=cv
    export JAVA_SOURCE_SUBDIR\=.
    export JAVA_USE_DEPENDENCIES\=YES
    export JAVA_ZIP_FLAGS\=-urg
    export JIKES_DEFAULT_FLAGS\=+E\ +OLDCSO
    export KEEP_PRIVATE_EXTERNS\=NO
    export LD_DEPENDENCY_INFO_FILE\=/Users/myfuckingmacbookair/Documents/GitHub/bindery/ios/build/Build/Intermediates.noindex/Pods.build/Release-iphonesimulator/React-Core-prebuilt.build/Objects-normal/undefined_arch/React-Core-prebuilt_dependency_info.dat
    export LD_EXPORT_SYMBOLS\=YES
    export LD_GENERATE_MAP_FILE\=NO
    export LD_MAP_FILE_PATH\=/Users/myfuckingmacbookair/Documents/GitHub/bindery/ios/build/Build/Intermediates.noindex/Pods.build/Release-iphonesimulator/React-Core-prebuilt.build/React-Core-prebuilt-LinkMap-normal-undefined_arch.txt
    export LD_NO_PIE\=NO
    export LD_QUOTE_LINKER_ARGUMENTS_FOR_COMPILER_DRIVER\=YES
    export LD_RUNPATH_SEARCH_PATHS\=\ @executable_path/Frameworks
    export LD_SHARED_CACHE_ELIGIBLE\=Automatic
    export LD_WARN_DUPLICATE_LIBRARIES\=NO
    export LD_WARN_UNUSED_DYLIBS\=NO
    export LEGACY_DEVELOPER_DIR\=/Applications/Xcode.app/Contents/PlugIns/Xcode3Core.ideplugin/Contents/SharedSupport/Developer
    export LEX\=lex
    export LIBRARY_DEXT_INSTALL_PATH\=/Library/DriverExtensions
    export LIBRARY_FLAG_NOSPACE\=YES
    export LIBRARY_KEXT_INSTALL_PATH\=/Library/Extensions
    export LINKER_DISPLAYS_MANGLED_NAMES\=NO
    export LINK_FILE_LIST_normal_arm64\=/Users/myfuckingmacbookair/Documents/GitHub/bindery/ios/build/Build/Intermediates.noindex/Pods.build/Release-iphonesimulator/React-Core-prebuilt.build/Objects-normal/arm64/React-Core-prebuilt.LinkFileList
    export LINK_FILE_LIST_normal_x86_64\=/Users/myfuckingmacbookair/Documents/GitHub/bindery/ios/build/Build/Intermediates.noindex/Pods.build/Release-iphonesimulator/React-Core-prebuilt.build/Objects-normal/x86_64/React-Core-prebuilt.LinkFileList
    export LINK_OBJC_RUNTIME\=YES
    export LINK_WITH_STANDARD_LIBRARIES\=YES
    export LLVM_TARGET_TRIPLE_OS_VERSION\=ios15.1
    export LLVM_TARGET_TRIPLE_SUFFIX\=-simulator
    export LLVM_TARGET_TRIPLE_VENDOR\=apple
    export LM_AUX_CONST_METADATA_LIST_PATH_normal_arm64\=/Users/myfuckingmacbookair/Documents/GitHub/bindery/ios/build/Build/Intermediates.noindex/Pods.build/Release-iphonesimulator/React-Core-prebuilt.build/Objects-normal/arm64/React-Core-prebuilt.SwiftConstValuesFileList
    export LM_AUX_CONST_METADATA_LIST_PATH_normal_x86_64\=/Users/myfuckingmacbookair/Documents/GitHub/bindery/ios/build/Build/Intermediates.noindex/Pods.build/Release-iphonesimulator/React-Core-prebuilt.build/Objects-normal/x86_64/React-Core-prebuilt.SwiftConstValuesFileList
    export LOCALIZATION_EXPORT_SUPPORTED\=YES
    export LOCALIZATION_PREFERS_STRING_CATALOGS\=NO
    export LOCALIZED_STRING_MACRO_NAMES\=NSLocalizedString\ CFCopyLocalizedString
    export LOCALIZED_STRING_SWIFTUI_SUPPORT\=YES
    export LOCAL_ADMIN_APPS_DIR\=/Applications/Utilities
    export LOCAL_APPS_DIR\=/Applications
    export LOCAL_DEVELOPER_DIR\=/Library/Developer
    export LOCAL_LIBRARY_DIR\=/Library
    export LOCROOT\=/Users/myfuckingmacbookair/Documents/GitHub/bindery/ios/Pods
    export LOCSYMROOT\=/Users/myfuckingmacbookair/Documents/GitHub/bindery/ios/Pods
    export MAC_OS_X_PRODUCT_BUILD_VERSION\=25F80
    export MAC_OS_X_VERSION_ACTUAL\=260501
    export MAC_OS_X_VERSION_MAJOR\=260000
    export MAC_OS_X_VERSION_MINOR\=260500
    export MAKE_MERGEABLE\=NO
    export MERGEABLE_LIBRARY\=NO
    export MERGED_BINARY_TYPE\=none
    export MERGE_LINKED_LIBRARIES\=NO
    export METAL_LIBRARY_FILE_BASE\=default
    export METAL_LIBRARY_OUTPUT_DIR\=/Users/myfuckingmacbookair/Documents/GitHub/bindery/ios/build/Build/Products/Release-iphonesimulator/React-Core-prebuilt/
    export MODULE_CACHE_DIR\=/Users/myfuckingmacbookair/Documents/GitHub/bindery/ios/build/ModuleCache.noindex
    export MTL_ENABLE_DEBUG_INFO\=NO
    export MTL_FAST_MATH\=YES
    export NATIVE_ARCH\=x86_64
    export NATIVE_ARCH_32_BIT\=i386
    export NATIVE_ARCH_64_BIT\=x86_64
    export NATIVE_ARCH_ACTUAL\=x86_64
    export NO_COMMON\=YES
    export OBJC_ABI_VERSION\=2
    export OBJECT_FILE_DIR\=/Users/myfuckingmacbookair/Documents/GitHub/bindery/ios/build/Build/Intermediates.noindex/Pods.build/Release-iphonesimulator/React-Core-prebuilt.build/Objects
    export OBJECT_FILE_DIR_normal\=/Users/myfuckingmacbookair/Documents/GitHub/bindery/ios/build/Build/Intermediates.noindex/Pods.build/Release-iphonesimulator/React-Core-prebuilt.build/Objects-normal
    export OBJROOT\=/Users/myfuckingmacbookair/Documents/GitHub/bindery/ios/build/Build/Intermediates.noindex
    export ONLY_ACTIVE_ARCH\=NO
    export OS\=MACOS
    export OSAC\=/usr/bin/osacompile
    export OTHER_CFLAGS\=\ -DRCT_REMOVE_LEGACY_ARCH\=1\ -ivfsoverlay\ \"/Users/myfuckingmacbookair/Documents/GitHub/bindery/ios/Pods/React-Core-prebuilt/React-VFS.yaml\"\ -DNDEBUG
    export OTHER_CPLUSPLUSFLAGS\=\ -DRCT_REMOVE_LEGACY_ARCH\=1\ -ivfsoverlay\ \"/Users/myfuckingmacbookair/Documents/GitHub/bindery/ios/Pods/React-Core-prebuilt/React-VFS.yaml\"\ -DNDEBUG\ -DRCT_REMOVE_LEGACY_ARCH\=1\ -ivfsoverlay\ \"/Users/myfuckingmacbookair/Documents/GitHub/bindery/ios/Pods/React-Core-prebuilt/React-VFS.yaml\"\ -DNDEBUG\ \ -DRCT_NEW_ARCH_ENABLED\=1\ 
    export OTHER_SWIFT_FLAGS\=\ -Xcc\ -ivfsoverlay\ -Xcc\ \"/Users/myfuckingmacbookair/Documents/GitHub/bindery/ios/Pods/React-Core-prebuilt/React-VFS.yaml\"\ -Xcc\ -Wno-incomplete-umbrella
    export PASCAL_STRINGS\=YES
    export PATH\=/Applications/Xcode.app/Contents/SharedFrameworks/SwiftBuild.framework/Versions/A/PlugIns/SWBBuildService.bundle/Contents/PlugIns/SWBUniversalPlatformPlugin.bundle/Contents/Frameworks/SWBUniversalPlatform.framework/Resources:/Applications/Xcode.app/Contents/Developer/Toolchains/XcodeDefault.xctoolchain/usr/bin:/Applications/Xcode.app/Contents/Developer/Toolchains/XcodeDefault.xctoolchain/usr/local/bin:/Applications/Xcode.app/Contents/Developer/Toolchains/XcodeDefault.xctoolchain/usr/libexec:/Applications/Xcode.app/Contents/Developer/Platforms/iPhoneSimulator.platform/usr/bin:/Applications/Xcode.app/Contents/Developer/Platforms/iPhoneSimulator.platform/usr/local/bin:/Applications/Xcode.app/Contents/Developer/Platforms/iPhoneSimulator.platform/Developer/usr/bin:/Applications/Xcode.app/Contents/Developer/Platforms/iPhoneSimulator.platform/Developer/usr/local/bin:/Applications/Xcode.app/Contents/Developer/usr/bin:/Applications/Xcode.app/Contents/Developer/usr/local/bin:/Users/myfuckingmacbookair/.local/bin:/Users/myfuckingmacbookair/.npm-global/bin:/usr/local/bin:/System/Cryptexes/App/usr/bin:/usr/bin:/bin:/usr/sbin:/sbin:/var/run/com.apple.security.cryptexd/codex.system/bootstrap/usr/local/bin:/var/run/com.apple.security.cryptexd/codex.system/bootstrap/usr/bin:/var/run/com.apple.security.cryptexd/codex.system/bootstrap/usr/appleinternal/bin:/pkg/env/global/bin:/Library/Apple/usr/bin:/Users/myfuckingmacbookair/.bun/bin:/Users/myfuckingmacbookair/Library/pnpm:/Users/myfuckingmacbookair/Library/Application\ Support/Claude/local-agent-mode-sessions/skills-plugin/8bf2ebc1-a06e-4b18-bf97-856db8c64549/ec19a108-c20c-455d-9708-6a8cfabeb0b8/bin
    export PATH_PREFIXES_EXCLUDED_FROM_HEADER_DEPENDENCIES\=/usr/include\ /usr/local/include\ /System/Library/Frameworks\ /System/Library/PrivateFrameworks\ /Applications/Xcode.app/Contents/Developer/Headers\ /Applications/Xcode.app/Contents/Developer/SDKs\ /Applications/Xcode.app/Contents/Developer/Platforms
    export PER_ARCH_MODULE_FILE_DIR\=/Users/myfuckingmacbookair/Documents/GitHub/bindery/ios/build/Build/Intermediates.noindex/Pods.build/Release-iphonesimulator/React-Core-prebuilt.build/Objects-normal/undefined_arch
    export PER_ARCH_OBJECT_FILE_DIR\=/Users/myfuckingmacbookair/Documents/GitHub/bindery/ios/build/Build/Intermediates.noindex/Pods.build/Release-iphonesimulator/React-Core-prebuilt.build/Objects-normal/undefined_arch
    export PER_VARIANT_OBJECT_FILE_DIR\=/Users/myfuckingmacbookair/Documents/GitHub/bindery/ios/build/Build/Intermediates.noindex/Pods.build/Release-iphonesimulator/React-Core-prebuilt.build/Objects-normal
    export PKGINFO_FILE_PATH\=/Users/myfuckingmacbookair/Documents/GitHub/bindery/ios/build/Build/Intermediates.noindex/Pods.build/Release-iphonesimulator/React-Core-prebuilt.build/PkgInfo
    export PLATFORM_DEVELOPER_APPLICATIONS_DIR\=/Applications/Xcode.app/Contents/Developer/Platforms/iPhoneSimulator.platform/Developer/Applications
    export PLATFORM_DEVELOPER_BIN_DIR\=/Applications/Xcode.app/Contents/Developer/Platforms/iPhoneSimulator.platform/Developer/usr/bin
    export PLATFORM_DEVELOPER_LIBRARY_DIR\=/Applications/Xcode.app/Contents/Developer/Platforms/iPhoneSimulator.platform/Developer/Library
    export PLATFORM_DEVELOPER_SDK_DIR\=/Applications/Xcode.app/Contents/Developer/Platforms/iPhoneSimulator.platform/Developer/SDKs
    export PLATFORM_DEVELOPER_TOOLS_DIR\=/Applications/Xcode.app/Contents/Developer/Platforms/iPhoneSimulator.platform/Developer/Tools
    export PLATFORM_DEVELOPER_USR_DIR\=/Applications/Xcode.app/Contents/Developer/Platforms/iPhoneSimulator.platform/Developer/usr
    export PLATFORM_DIR\=/Applications/Xcode.app/Contents/Developer/Platforms/iPhoneSimulator.platform
    export PLATFORM_DISPLAY_NAME\=iOS\ Simulator
    export PLATFORM_FAMILY_NAME\=iOS
    export PLATFORM_NAME\=iphonesimulator
    export PLATFORM_PREFERRED_ARCH\=x86_64
    export PLATFORM_PRODUCT_BUILD_VERSION\=23A339
    export PLATFORM_REQUIRES_SWIFT_AUTOLINK_EXTRACT\=NO
    export PLATFORM_REQUIRES_SWIFT_MODULEWRAP\=NO
    export PLIST_FILE_OUTPUT_FORMAT\=binary
    export PODFILE_DIR\=/Users/myfuckingmacbookair/Documents/GitHub/bindery/ios/Pods/..
    export PODS_BUILD_DIR\=/Users/myfuckingmacbookair/Documents/GitHub/bindery/ios/build/Build/Products
    export PODS_CONFIGURATION_BUILD_DIR\=/Users/myfuckingmacbookair/Documents/GitHub/bindery/ios/build/Build/Products/Release-iphonesimulator
    export PODS_DEVELOPMENT_LANGUAGE\=en
    export PODS_ROOT\=/Users/myfuckingmacbookair/Documents/GitHub/bindery/ios/Pods
    export PODS_TARGET_SRCROOT\=/Users/myfuckingmacbookair/Documents/GitHub/bindery/ios/Pods/React-Core-prebuilt
    export PODS_XCFRAMEWORKS_BUILD_DIR\=/Users/myfuckingmacbookair/Documents/GitHub/bindery/ios/build/Build/Products/Release-iphonesimulator/XCFrameworkIntermediates
    export PRECOMPS_INCLUDE_HEADERS_FROM_BUILT_PRODUCTS_DIR\=YES
    export PRECOMP_DESTINATION_DIR\=/Users/myfuckingmacbookair/Documents/GitHub/bindery/ios/build/Build/Intermediates.noindex/Pods.build/Release-iphonesimulator/React-Core-prebuilt.build/PrefixHeaders
    export PROCESSED_INFOPLIST_PATH\=/Users/myfuckingmacbookair/Documents/GitHub/bindery/ios/build/Build/Intermediates.noindex/Pods.build/Release-iphonesimulator/React-Core-prebuilt.build/Objects-normal/undefined_arch/Processed-Info.plist
    export PRODUCT_BUNDLE_IDENTIFIER\=org.cocoapods.React-Core-prebuilt
    export PRODUCT_MODULE_NAME\=React_Core_prebuilt
    export PRODUCT_NAME\=React-Core-prebuilt
    export PRODUCT_SETTINGS_PATH\=
    export PROFILING_CODE\=NO
    export PROJECT\=Pods
    export PROJECT_DERIVED_FILE_DIR\=/Users/myfuckingmacbookair/Documents/GitHub/bindery/ios/build/Build/Intermediates.noindex/Pods.build/DerivedSources
    export PROJECT_DIR\=/Users/myfuckingmacbookair/Documents/GitHub/bindery/ios/Pods
    export PROJECT_FILE_PATH\=/Users/myfuckingmacbookair/Documents/GitHub/bindery/ios/Pods/Pods.xcodeproj
    export PROJECT_GUID\=8699adb1dd336b26511df848a716bd42
    export PROJECT_NAME\=Pods
    export PROJECT_TEMP_DIR\=/Users/myfuckingmacbookair/Documents/GitHub/bindery/ios/build/Build/Intermediates.noindex/Pods.build
    export PROJECT_TEMP_ROOT\=/Users/myfuckingmacbookair/Documents/GitHub/bindery/ios/build/Build/Intermediates.noindex
    export REACT_NATIVE_PATH\=/Users/myfuckingmacbookair/Documents/GitHub/bindery/ios/Pods/../../node_modules/react-native
    export RECOMMENDED_IPHONEOS_DEPLOYMENT_TARGET\=15.0
    export RECURSIVE_SEARCH_PATHS_FOLLOW_SYMLINKS\=YES
    export REMOVE_CVS_FROM_RESOURCES\=YES
    export REMOVE_GIT_FROM_RESOURCES\=YES
    export REMOVE_HEADERS_FROM_EMBEDDED_BUNDLES\=YES
    export REMOVE_HG_FROM_RESOURCES\=YES
    export REMOVE_STATIC_EXECUTABLES_FROM_EMBEDDED_BUNDLES\=YES
    export REMOVE_SVN_FROM_RESOURCES\=YES
    export RESCHEDULE_INDEPENDENT_HEADERS_PHASES\=YES
    export REZ_COLLECTOR_DIR\=/Users/myfuckingmacbookair/Documents/GitHub/bindery/ios/build/Build/Intermediates.noindex/Pods.build/Release-iphonesimulator/React-Core-prebuilt.build/ResourceManagerResources
    export REZ_OBJECTS_DIR\=/Users/myfuckingmacbookair/Documents/GitHub/bindery/ios/build/Build/Intermediates.noindex/Pods.build/Release-iphonesimulator/React-Core-prebuilt.build/ResourceManagerResources/Objects
    export RUNTIME_EXCEPTION_ALLOW_DYLD_ENVIRONMENT_VARIABLES\=NO
    export RUNTIME_EXCEPTION_ALLOW_JIT\=NO
    export RUNTIME_EXCEPTION_ALLOW_UNSIGNED_EXECUTABLE_MEMORY\=NO
    export RUNTIME_EXCEPTION_DEBUGGING_TOOL\=NO
    export RUNTIME_EXCEPTION_DISABLE_EXECUTABLE_PAGE_PROTECTION\=NO
    export RUNTIME_EXCEPTION_DISABLE_LIBRARY_VALIDATION\=NO
    export SCAN_ALL_SOURCE_FILES_FOR_INCLUDES\=NO
    export SCRIPT_INPUT_FILE_COUNT\=0
    export SCRIPT_INPUT_FILE_LIST_COUNT\=0
    export SCRIPT_OUTPUT_FILE_COUNT\=0
    export SCRIPT_OUTPUT_FILE_LIST_COUNT\=0
    export SDKROOT\=/Applications/Xcode.app/Contents/Developer/Platforms/iPhoneSimulator.platform/Developer/SDKs/iPhoneSimulator26.0.sdk
    export SDK_DIR\=/Applications/Xcode.app/Contents/Developer/Platforms/iPhoneSimulator.platform/Developer/SDKs/iPhoneSimulator26.0.sdk
    export SDK_DIR_iphonesimulator\=/Applications/Xcode.app/Contents/Developer/Platforms/iPhoneSimulator.platform/Developer/SDKs/iPhoneSimulator26.0.sdk
    export SDK_DIR_iphonesimulator26_0\=/Applications/Xcode.app/Contents/Developer/Platforms/iPhoneSimulator.platform/Developer/SDKs/iPhoneSimulator26.0.sdk
    export SDK_NAME\=iphonesimulator26.0
    export SDK_NAMES\=iphonesimulator26.0
    export SDK_PRODUCT_BUILD_VERSION\=23A339
    export SDK_STAT_CACHE_DIR\=/Users/myfuckingmacbookair/Documents/GitHub/bindery/ios/build
    export SDK_STAT_CACHE_ENABLE\=YES
    export SDK_STAT_CACHE_PATH\=/Users/myfuckingmacbookair/Documents/GitHub/bindery/ios/build/SDKStatCaches.noindex/iphonesimulator26.0-23A339-26257891a6c027eb51374368541b8346.sdkstatcache
    export SDK_VERSION\=26.0
    export SDK_VERSION_ACTUAL\=260000
    export SDK_VERSION_MAJOR\=260000
    export SDK_VERSION_MINOR\=260000
    export SED\=/usr/bin/sed
    export SEPARATE_STRIP\=NO
    export SEPARATE_SYMBOL_EDIT\=NO
    export SET_DIR_MODE_OWNER_GROUP\=YES
    export SET_FILE_MODE_OWNER_GROUP\=NO
    export SHALLOW_BUNDLE\=NO
    export SHARED_DERIVED_FILE_DIR\=/Users/myfuckingmacbookair/Documents/GitHub/bindery/ios/build/Build/Products/Release-iphonesimulator/React-Core-prebuilt/DerivedSources
    export SHARED_PRECOMPS_DIR\=/Users/myfuckingmacbookair/Documents/GitHub/bindery/ios/build/Build/Intermediates.noindex/PrecompiledHeaders
    export SKIP_INSTALL\=YES
    export SOURCE_ROOT\=/Users/myfuckingmacbookair/Documents/GitHub/bindery/ios/Pods
    export SRCROOT\=/Users/myfuckingmacbookair/Documents/GitHub/bindery/ios/Pods
    export STRINGSDATA_DIR\=/Users/myfuckingmacbookair/Documents/GitHub/bindery/ios/build/Build/Intermediates.noindex/Pods.build/Release-iphonesimulator/React-Core-prebuilt.build/Objects-normal/undefined_arch
    export STRINGSDATA_ROOT\=/Users/myfuckingmacbookair/Documents/GitHub/bindery/ios/build/Build/Intermediates.noindex/Pods.build/Release-iphonesimulator/React-Core-prebuilt.build
    export STRINGS_FILE_INFOPLIST_RENAME\=YES
    export STRINGS_FILE_OUTPUT_ENCODING\=binary
    export STRING_CATALOG_GENERATE_SYMBOLS\=NO
    export STRIP_BITCODE_FROM_COPIED_FILES\=NO
    export STRIP_INSTALLED_PRODUCT\=NO
    export STRIP_STYLE\=all
    export STRIP_SWIFT_SYMBOLS\=YES
    export SUPPORTED_DEVICE_FAMILIES\=1,2
    export SUPPORTED_PLATFORMS\=iphoneos\ iphonesimulator
    export SUPPORTS_TEXT_BASED_API\=NO
    export SUPPRESS_WARNINGS\=NO
    export SWIFT_COMPILATION_MODE\=wholemodule
    export SWIFT_EMIT_CONST_VALUE_PROTOCOLS\=AppIntent\ EntityQuery\ AppEntity\ TransientEntity\ AppEnum\ AppShortcutProviding\ AppShortcutsProvider\ AnyResolverProviding\ AppIntentsPackage\ DynamicOptionsProvider\ _IntentValueRepresentable\ _AssistantIntentsProvider\ _GenerativeFunctionExtractable\ IntentValueQuery\ Resolver\ AppExtension\ ExtensionPointDefining
    export SWIFT_EMIT_LOC_STRINGS\=NO
    export SWIFT_EMIT_MODULE_INTERFACE\=NO
    export SWIFT_ENABLE_EXPLICIT_MODULES\=NO
    export SWIFT_OPTIMIZATION_LEVEL\=-O
    export SWIFT_PLATFORM_TARGET_PREFIX\=ios
    export SWIFT_RESPONSE_FILE_PATH_normal_arm64\=/Users/myfuckingmacbookair/Documents/GitHub/bindery/ios/build/Build/Intermediates.noindex/Pods.build/Release-iphonesimulator/React-Core-prebuilt.build/Objects-normal/arm64/React-Core-prebuilt.SwiftFileList
    export SWIFT_RESPONSE_FILE_PATH_normal_x86_64\=/Users/myfuckingmacbookair/Documents/GitHub/bindery/ios/build/Build/Intermediates.noindex/Pods.build/Release-iphonesimulator/React-Core-prebuilt.build/Objects-normal/x86_64/React-Core-prebuilt.SwiftFileList
    export SWIFT_VERSION\=5.0
    export SYMROOT\=/Users/myfuckingmacbookair/Documents/GitHub/bindery/ios/build/Build/Products
    export SYSTEM_ADMIN_APPS_DIR\=/Applications/Utilities
    export SYSTEM_APPS_DIR\=/Applications
    export SYSTEM_CORE_SERVICES_DIR\=/System/Library/CoreServices
    export SYSTEM_DEMOS_DIR\=/Applications/Extras
    export SYSTEM_DEVELOPER_APPS_DIR\=/Applications/Xcode.app/Contents/Developer/Applications
    export SYSTEM_DEVELOPER_BIN_DIR\=/Applications/Xcode.app/Contents/Developer/usr/bin
    export SYSTEM_DEVELOPER_DEMOS_DIR\=/Applications/Xcode.app/Contents/Developer/Applications/Utilities/Built\ Examples
    export SYSTEM_DEVELOPER_DIR\=/Applications/Xcode.app/Contents/Developer
    export SYSTEM_DEVELOPER_DOC_DIR\=/Applications/Xcode.app/Contents/Developer/ADC\ Reference\ Library
    export SYSTEM_DEVELOPER_GRAPHICS_TOOLS_DIR\=/Applications/Xcode.app/Contents/Developer/Applications/Graphics\ Tools
    export SYSTEM_DEVELOPER_JAVA_TOOLS_DIR\=/Applications/Xcode.app/Contents/Developer/Applications/Java\ Tools
    export SYSTEM_DEVELOPER_PERFORMANCE_TOOLS_DIR\=/Applications/Xcode.app/Contents/Developer/Applications/Performance\ Tools
    export SYSTEM_DEVELOPER_RELEASENOTES_DIR\=/Applications/Xcode.app/Contents/Developer/ADC\ Reference\ Library/releasenotes
    export SYSTEM_DEVELOPER_TOOLS\=/Applications/Xcode.app/Contents/Developer/Tools
    export SYSTEM_DEVELOPER_TOOLS_DOC_DIR\=/Applications/Xcode.app/Contents/Developer/ADC\ Reference\ Library/documentation/DeveloperTools
    export SYSTEM_DEVELOPER_TOOLS_RELEASENOTES_DIR\=/Applications/Xcode.app/Contents/Developer/ADC\ Reference\ Library/releasenotes/DeveloperTools
    export SYSTEM_DEVELOPER_USR_DIR\=/Applications/Xcode.app/Contents/Developer/usr
    export SYSTEM_DEVELOPER_UTILITIES_DIR\=/Applications/Xcode.app/Contents/Developer/Applications/Utilities
    export SYSTEM_DEXT_INSTALL_PATH\=/System/Library/DriverExtensions
    export SYSTEM_DOCUMENTATION_DIR\=/Library/Documentation
    export SYSTEM_KEXT_INSTALL_PATH\=/System/Library/Extensions
    export SYSTEM_LIBRARY_DIR\=/System/Library
    export TAPI_DEMANGLE\=YES
    export TAPI_ENABLE_PROJECT_HEADERS\=NO
    export TAPI_LANGUAGE\=objective-c
    export TAPI_LANGUAGE_STANDARD\=compiler-default
    export TAPI_USE_SRCROOT\=YES
    export TAPI_VERIFY_MODE\=Pedantic
    export TARGETED_DEVICE_FAMILY\=1,2
    export TARGETNAME\=React-Core-prebuilt
    export TARGET_BUILD_DIR\=/Users/myfuckingmacbookair/Documents/GitHub/bindery/ios/build/Build/Products/Release-iphonesimulator/React-Core-prebuilt
    export TARGET_DEVICE_IDENTIFIER\=4DC2E649-35BE-4445-9A24-38BD8A88D1BF
    export TARGET_DEVICE_MODEL\=iPhone18,1
    export TARGET_DEVICE_OS_VERSION\=26.0.1
    export TARGET_DEVICE_PLATFORM_NAME\=iphonesimulator
    export TARGET_NAME\=React-Core-prebuilt
    export TARGET_TEMP_DIR\=/Users/myfuckingmacbookair/Documents/GitHub/bindery/ios/build/Build/Intermediates.noindex/Pods.build/Release-iphonesimulator/React-Core-prebuilt.build
    export TEMP_DIR\=/Users/myfuckingmacbookair/Documents/GitHub/bindery/ios/build/Build/Intermediates.noindex/Pods.build/Release-iphonesimulator/React-Core-prebuilt.build
    export TEMP_FILES_DIR\=/Users/myfuckingmacbookair/Documents/GitHub/bindery/ios/build/Build/Intermediates.noindex/Pods.build/Release-iphonesimulator/React-Core-prebuilt.build
    export TEMP_FILE_DIR\=/Users/myfuckingmacbookair/Documents/GitHub/bindery/ios/build/Build/Intermediates.noindex/Pods.build/Release-iphonesimulator/React-Core-prebuilt.build
    export TEMP_ROOT\=/Users/myfuckingmacbookair/Documents/GitHub/bindery/ios/build/Build/Intermediates.noindex
    export TEMP_SANDBOX_DIR\=/Users/myfuckingmacbookair/Documents/GitHub/bindery/ios/build/Build/Intermediates.noindex/TemporaryTaskSandboxes
    export TEST_FRAMEWORK_SEARCH_PATHS\=\ /Applications/Xcode.app/Contents/Developer/Platforms/iPhoneSimulator.platform/Developer/Library/Frameworks\ /Applications/Xcode.app/Contents/Developer/Platforms/iPhoneSimulator.platform/Developer/SDKs/iPhoneSimulator26.0.sdk/Developer/Library/Frameworks
    export TEST_LIBRARY_SEARCH_PATHS\=\ /Applications/Xcode.app/Contents/Developer/Platforms/iPhoneSimulator.platform/Developer/usr/lib
    export TOOLCHAINS\=com.apple.dt.toolchain.XcodeDefault
    export TOOLCHAIN_DIR\=/Applications/Xcode.app/Contents/Developer/Toolchains/XcodeDefault.xctoolchain
    export TREAT_MISSING_BASELINES_AS_TEST_FAILURES\=NO
    export TREAT_MISSING_SCRIPT_PHASE_OUTPUTS_AS_ERRORS\=NO
    export UID\=501
    export UNINSTALLED_PRODUCTS_DIR\=/Users/myfuckingmacbookair/Documents/GitHub/bindery/ios/build/Build/Intermediates.noindex/UninstalledProducts
    export UNSTRIPPED_PRODUCT\=NO
    export USER\=myfuckingmacbookair
    export USER_APPS_DIR\=/Users/myfuckingmacbookair/Applications
    export USER_LIBRARY_DIR\=/Users/myfuckingmacbookair/Library
    export USE_DYNAMIC_NO_PIC\=YES
    export USE_HEADERMAP\=YES
    export USE_HEADER_SYMLINKS\=NO
    export USE_HERMES\=true
    export USE_RECURSIVE_SCRIPT_INPUTS_IN_SCRIPT_PHASES\=YES
    export VALIDATE_DEVELOPMENT_ASSET_PATHS\=YES_ERROR
    export VALIDATE_PRODUCT\=YES
    export VALID_ARCHS\=arm64\ x86_64
    export VERBOSE_PBXCP\=NO
    export VERSION_INFO_BUILDER\=myfuckingmacbookair
    export VERSION_INFO_FILE\=React-Core-prebuilt_vers.c
    export VERSION_INFO_STRING\=\"@\(\#\)PROGRAM:React-Core-prebuilt\ \ PROJECT:Pods-\"
    export WORKSPACE_DIR\=/Users/myfuckingmacbookair/Documents/GitHub/bindery/ios
    export WRAP_ASSET_PACKS_IN_SEPARATE_DIRECTORIES\=NO
    export XCODE_APP_SUPPORT_DIR\=/Applications/Xcode.app/Contents/Developer/Library/Xcode
    export XCODE_PRODUCT_BUILD_VERSION\=17A400
    export XCODE_VERSION_ACTUAL\=2601
    export XCODE_VERSION_MAJOR\=2600
    export XCODE_VERSION_MINOR\=2600
    export XPCSERVICES_FOLDER_PATH\=/XPCServices
    export YACC\=yacc
    export _DISCOVER_COMMAND_LINE_LINKER_INPUTS\=YES
    export _DISCOVER_COMMAND_LINE_LINKER_INPUTS_INCLUDE_WL\=YES
    export _LD_MULTIARCH\=YES
    export __DIAGNOSE_DEPRECATED_ARCHS\=YES
    export arch\=undefined_arch
    export variant\=normal
    /bin/sh -c /Users/myfuckingmacbookair/Documents/GitHub/bindery/ios/build/Build/Intermediates.noindex/Pods.build/Release-iphonesimulator/React-Core-prebuilt.build/Script-46EB2E0001B580.sh
Node found at: /usr/local/bin/node
Found React-Core-prebuilt/.last_build_configuration file
Same config of the previous build. No need to replace React-Core-prebuilt

note: Run script build phase '[CP-User] Build ExpoModulesJSI xcframework' will be run during every build because the option to run the script phase "Based on dependency analysis" is unchecked. (in target 'ExpoModulesJSI' from project 'Pods')
PhaseScriptExecution [CP-User]\ Build\ ExpoModulesJSI\ xcframework /Users/myfuckingmacbookair/Documents/GitHub/bindery/ios/build/Build/Intermediates.noindex/Pods.build/Release-iphonesimulator/ExpoModulesJSI.build/Script-46EB2E0001B530.sh (in target 'ExpoModulesJSI' from project 'Pods')
    cd /Users/myfuckingmacbookair/Documents/GitHub/bindery/ios/Pods
    export ACTION\=build
    export AD_HOC_CODE_SIGNING_ALLOWED\=YES
    export ALLOW_BUILD_REQUEST_OVERRIDES\=NO
    export ALLOW_TARGET_PLATFORM_SPECIALIZATION\=NO
    export ALTERNATE_GROUP\=staff
    export ALTERNATE_MODE\=u+w,go-w,a+rX
    export ALTERNATE_OWNER\=myfuckingmacbookair
    export ALTERNATIVE_DISTRIBUTION_WEB\=NO
    export ALWAYS_EMBED_SWIFT_STANDARD_LIBRARIES\=NO
    export ALWAYS_SEARCH_USER_PATHS\=NO
    export ALWAYS_USE_SEPARATE_HEADERMAPS\=NO
    export ANDROID_DEPLOYMENT_TARGET\=21.0
    export APPLICATION_EXTENSION_API_ONLY\=NO
    export APPLY_RULES_IN_COPY_FILES\=NO
    export APPLY_RULES_IN_COPY_HEADERS\=NO
    export APP_SHORTCUTS_ENABLE_FLEXIBLE_MATCHING\=YES
    export ARCHS\=arm64\ x86_64
    export ARCHS_STANDARD\=arm64\ x86_64
    export ARCHS_STANDARD_32_64_BIT\=arm64\ x86_64
    export ARCHS_STANDARD_64_BIT\=arm64\ x86_64
    export ARCHS_STANDARD_INCLUDING_64_BIT\=arm64\ x86_64
    export ARCHS_UNIVERSAL_IPHONE_OS\=arm64\ x86_64
    export ASSETCATALOG_COMPILER_APPICON_NAME\=AppIcon
    export ASSETCATALOG_COMPILER_GLOBAL_ACCENT_COLOR_NAME\=AccentColor
    export ASSETCATALOG_FILTER_FOR_DEVICE_MODEL\=iPhone18,1
    export ASSETCATALOG_FILTER_FOR_DEVICE_OS_VERSION\=26.0.1
    export ASSETCATALOG_FILTER_FOR_THINNING_DEVICE_CONFIGURATION\=iPhone18,1
    export AUTOMATICALLY_MERGE_DEPENDENCIES\=NO
    export AUTOMATION_APPLE_EVENTS\=NO
    export AVAILABLE_PLATFORMS\=android\ appletvos\ appletvsimulator\ driverkit\ iphoneos\ iphonesimulator\ macosx\ qnx\ watchos\ watchsimulator\ webassembly\ xros\ xrsimulator
    export BUILD_ACTIVE_RESOURCES_ONLY\=YES
    export BUILD_COMPONENTS\=headers\ build
    export BUILD_DIR\=/Users/myfuckingmacbookair/Documents/GitHub/bindery/ios/build/Build/Products
    export BUILD_LIBRARY_FOR_DISTRIBUTION\=NO
    export BUILD_ROOT\=/Users/myfuckingmacbookair/Documents/GitHub/bindery/ios/build/Build/Products
    export BUILD_STYLE\=
    export BUILD_VARIANTS\=normal
    export BUILT_PRODUCTS_DIR\=/Users/myfuckingmacbookair/Documents/GitHub/bindery/ios/build/Build/Products/Release-iphonesimulator/ExpoModulesJSI
    export BUNDLE_CONTENTS_FOLDER_PATH_deep\=Contents/
    export BUNDLE_EXECUTABLE_FOLDER_NAME_deep\=MacOS
    export BUNDLE_EXTENSIONS_FOLDER_PATH\=Extensions
    export BUNDLE_FORMAT\=shallow
    export BUNDLE_FRAMEWORKS_FOLDER_PATH\=Frameworks
    export BUNDLE_PLUGINS_FOLDER_PATH\=PlugIns
    export BUNDLE_PRIVATE_HEADERS_FOLDER_PATH\=PrivateHeaders
    export BUNDLE_PUBLIC_HEADERS_FOLDER_PATH\=Headers
    export CACHE_ROOT\=/var/folders/p3/qv3pwhyn1njgqlcyk_px59gr0000gn/C/com.apple.DeveloperTools/26.0.1-17A400/Xcode
    export CCHROOT\=/var/folders/p3/qv3pwhyn1njgqlcyk_px59gr0000gn/C/com.apple.DeveloperTools/26.0.1-17A400/Xcode
    export CHMOD\=/bin/chmod
    export CHOWN\=/usr/sbin/chown
    export CLANG_ANALYZER_LOCALIZABILITY_NONLOCALIZED\=YES
    export CLANG_ANALYZER_NONNULL\=YES
    export CLANG_ANALYZER_NUMBER_OBJECT_CONVERSION\=YES_AGGRESSIVE
    export CLANG_CACHE_FINE_GRAINED_OUTPUTS\=YES
    export CLANG_CXX_LANGUAGE_STANDARD\=c++20
    export CLANG_CXX_LIBRARY\=libc++
    export CLANG_ENABLE_EXPLICIT_MODULES\=YES
    export CLANG_ENABLE_MODULES\=YES
    export CLANG_ENABLE_OBJC_ARC\=YES
    export CLANG_ENABLE_OBJC_WEAK\=NO
    export CLANG_MODULES_BUILD_SESSION_FILE\=/Users/myfuckingmacbookair/Documents/GitHub/bindery/ios/build/ModuleCache.noindex/Session.modulevalidation
    export CLANG_WARN_BLOCK_CAPTURE_AUTORELEASING\=YES
    export CLANG_WARN_BOOL_CONVERSION\=YES
    export CLANG_WARN_COMMA\=YES
    export CLANG_WARN_CONSTANT_CONVERSION\=YES
    export CLANG_WARN_DEPRECATED_OBJC_IMPLEMENTATIONS\=YES
    export CLANG_WARN_DIRECT_OBJC_ISA_USAGE\=YES_ERROR
    export CLANG_WARN_DOCUMENTATION_COMMENTS\=YES
    export CLANG_WARN_EMPTY_BODY\=YES
    export CLANG_WARN_ENUM_CONVERSION\=YES
    export CLANG_WARN_INFINITE_RECURSION\=YES
    export CLANG_WARN_INT_CONVERSION\=YES
    export CLANG_WARN_NON_LITERAL_NULL_CONVERSION\=YES
    export CLANG_WARN_OBJC_IMPLICIT_RETAIN_SELF\=YES
    export CLANG_WARN_OBJC_LITERAL_CONVERSION\=YES
    export CLANG_WARN_OBJC_ROOT_CLASS\=YES_ERROR
    export CLANG_WARN_QUOTED_INCLUDE_IN_FRAMEWORK_HEADER\=NO
    export CLANG_WARN_RANGE_LOOP_ANALYSIS\=YES
    export CLANG_WARN_STRICT_PROTOTYPES\=YES
    export CLANG_WARN_SUSPICIOUS_MOVE\=YES
    export CLANG_WARN_UNGUARDED_AVAILABILITY\=YES_AGGRESSIVE
    export CLANG_WARN_UNREACHABLE_CODE\=YES
    export CLANG_WARN__DUPLICATE_METHOD_MATCH\=YES
    export CLASS_FILE_DIR\=/Users/myfuckingmacbookair/Documents/GitHub/bindery/ios/build/Build/Intermediates.noindex/Pods.build/Release-iphonesimulator/ExpoModulesJSI.build/JavaClasses
    export CLEAN_PRECOMPS\=YES
    export CLONE_HEADERS\=NO
    export CODESIGNING_FOLDER_PATH\=/Users/myfuckingmacbookair/Documents/GitHub/bindery/ios/build/Build/Products/Release-iphonesimulator/ExpoModulesJSI/
    export CODE_SIGNING_ALLOWED\=NO
    export CODE_SIGNING_REQUIRED\=YES
    export CODE_SIGN_CONTEXT_CLASS\=XCiPhoneSimulatorCodeSignContext
    export CODE_SIGN_IDENTITY\=-
    export CODE_SIGN_INJECT_BASE_ENTITLEMENTS\=YES
    export COLOR_DIAGNOSTICS\=NO
    export COMBINE_HIDPI_IMAGES\=NO
    export COMPILATION_CACHE_CAS_PATH\=/Users/myfuckingmacbookair/Documents/GitHub/bindery/ios/build/CompilationCache.noindex
    export COMPILATION_CACHE_KEEP_CAS_DIRECTORY\=YES
    export COMPILER_INDEX_STORE_ENABLE\=Default
    export COMPOSITE_SDK_DIRS\=/Users/myfuckingmacbookair/Documents/GitHub/bindery/ios/build/Build/Intermediates.noindex/CompositeSDKs
    export COMPRESS_PNG_FILES\=YES
    export CONFIGURATION\=Release
    export CONFIGURATION_BUILD_DIR\=/Users/myfuckingmacbookair/Documents/GitHub/bindery/ios/build/Build/Products/Release-iphonesimulator/ExpoModulesJSI
    export CONFIGURATION_TEMP_DIR\=/Users/myfuckingmacbookair/Documents/GitHub/bindery/ios/build/Build/Intermediates.noindex/Pods.build/Release-iphonesimulator
    export COPYING_PRESERVES_HFS_DATA\=NO
    export COPY_HEADERS_RUN_UNIFDEF\=NO
    export COPY_PHASE_STRIP\=NO
    export CORRESPONDING_DEVICE_PLATFORM_DIR\=/Applications/Xcode.app/Contents/Developer/Platforms/iPhoneOS.platform
    export CORRESPONDING_DEVICE_PLATFORM_NAME\=iphoneos
    export CORRESPONDING_DEVICE_SDK_DIR\=/Applications/Xcode.app/Contents/Developer/Platforms/iPhoneOS.platform/Developer/SDKs/iPhoneOS26.0.sdk
    export CORRESPONDING_DEVICE_SDK_NAME\=iphoneos26.0
    export CP\=/bin/cp
    export CREATE_INFOPLIST_SECTION_IN_BINARY\=NO
    export CURRENT_ARCH\=undefined_arch
    export CURRENT_VARIANT\=normal
    export DEAD_CODE_STRIPPING\=YES
    export DEBUGGING_SYMBOLS\=YES
    export DEBUG_INFORMATION_FORMAT\=dwarf-with-dsym
    export DEBUG_INFORMATION_VERSION\=compiler-default
    export DEFAULT_COMPILER\=com.apple.compilers.llvm.clang.1_0
    export DEFAULT_DEXT_INSTALL_PATH\=/System/Library/DriverExtensions
    export DEFAULT_KEXT_INSTALL_PATH\=/System/Library/Extensions
    export DEFINES_MODULE\=YES
    export DEPLOYMENT_LOCATION\=NO
    export DEPLOYMENT_POSTPROCESSING\=NO
    export DEPLOYMENT_TARGET_SETTING_NAME\=IPHONEOS_DEPLOYMENT_TARGET
    export DEPLOYMENT_TARGET_SUGGESTED_VALUES\=12.0\ 12.1\ 12.2\ 12.3\ 12.4\ 13.0\ 13.1\ 13.2\ 13.3\ 13.4\ 13.5\ 13.6\ 14.0\ 14.1\ 14.2\ 14.3\ 14.4\ 14.5\ 14.6\ 14.7\ 15.0\ 15.1\ 15.2\ 15.3\ 15.4\ 15.5\ 15.6\ 16.0\ 16.1\ 16.2\ 16.3\ 16.4\ 16.5\ 16.6\ 17.0\ 17.1\ 17.2\ 17.3\ 17.4\ 17.5\ 17.6\ 18.0\ 18.1\ 18.2\ 18.3\ 18.4\ 18.5\ 18.6\ 26.0
    export DERIVED_FILES_DIR\=/Users/myfuckingmacbookair/Documents/GitHub/bindery/ios/build/Build/Intermediates.noindex/Pods.build/Release-iphonesimulator/ExpoModulesJSI.build/DerivedSources
    export DERIVED_FILE_DIR\=/Users/myfuckingmacbookair/Documents/GitHub/bindery/ios/build/Build/Intermediates.noindex/Pods.build/Release-iphonesimulator/ExpoModulesJSI.build/DerivedSources
    export DERIVED_SOURCES_DIR\=/Users/myfuckingmacbookair/Documents/GitHub/bindery/ios/build/Build/Intermediates.noindex/Pods.build/Release-iphonesimulator/ExpoModulesJSI.build/DerivedSources
    export DEVELOPER_APPLICATIONS_DIR\=/Applications/Xcode.app/Contents/Developer/Applications
    export DEVELOPER_BIN_DIR\=/Applications/Xcode.app/Contents/Developer/usr/bin
    export DEVELOPER_DIR\=/Applications/Xcode.app/Contents/Developer
    export DEVELOPER_FRAMEWORKS_DIR\=/Applications/Xcode.app/Contents/Developer/Library/Frameworks
    export DEVELOPER_FRAMEWORKS_DIR_QUOTED\=/Applications/Xcode.app/Contents/Developer/Library/Frameworks
    export DEVELOPER_LIBRARY_DIR\=/Applications/Xcode.app/Contents/Developer/Library
    export DEVELOPER_SDK_DIR\=/Applications/Xcode.app/Contents/Developer/Platforms/MacOSX.platform/Developer/SDKs
    export DEVELOPER_TOOLS_DIR\=/Applications/Xcode.app/Contents/Developer/Tools
    export DEVELOPER_USR_DIR\=/Applications/Xcode.app/Contents/Developer/usr
    export DEVELOPMENT_LANGUAGE\=en
    export DIAGNOSE_MISSING_TARGET_DEPENDENCIES\=YES
    export DIFF\=/usr/bin/diff
    export DONT_GENERATE_INFOPLIST_FILE\=NO
    export DSTROOT\=/tmp/Pods.dst
    export DT_TOOLCHAIN_DIR\=/Applications/Xcode.app/Contents/Developer/Toolchains/XcodeDefault.xctoolchain
    export DWARF_DSYM_FILE_NAME\=.dSYM
    export DWARF_DSYM_FILE_SHOULD_ACCOMPANY_PRODUCT\=NO
    export DWARF_DSYM_FOLDER_PATH\=/Users/myfuckingmacbookair/Documents/GitHub/bindery/ios/build/Build/Products/Release-iphonesimulator/ExpoModulesJSI
    export DYNAMIC_LIBRARY_EXTENSION\=dylib
    export EAGER_COMPILATION_ALLOW_SCRIPTS\=NO
    export EAGER_LINKING\=NO
    export EFFECTIVE_PLATFORM_NAME\=-iphonesimulator
    export EMBEDDED_CONTENT_CONTAINS_SWIFT\=NO
    export EMBED_ASSET_PACKS_IN_PRODUCT_BUNDLE\=NO
    export ENABLE_APP_SANDBOX\=NO
    export ENABLE_CODE_COVERAGE\=YES
    export ENABLE_CPLUSPLUS_BOUNDS_SAFE_BUFFERS\=NO
    export ENABLE_C_BOUNDS_SAFETY\=NO
    export ENABLE_DEBUG_DYLIB\=NO
    export ENABLE_DEFAULT_HEADER_SEARCH_PATHS\=YES
    export ENABLE_DEFAULT_SEARCH_PATHS\=YES
    export ENABLE_ENHANCED_SECURITY\=NO
    export ENABLE_HARDENED_RUNTIME\=NO
    export ENABLE_HEADER_DEPENDENCIES\=YES
    export ENABLE_INCOMING_NETWORK_CONNECTIONS\=NO
    export ENABLE_NS_ASSERTIONS\=NO
    export ENABLE_ON_DEMAND_RESOURCES\=NO
    export ENABLE_OUTGOING_NETWORK_CONNECTIONS\=NO
    export ENABLE_POINTER_AUTHENTICATION\=NO
    export ENABLE_PREVIEWS\=NO
    export ENABLE_RESOURCE_ACCESS_AUDIO_INPUT\=NO
    export ENABLE_RESOURCE_ACCESS_BLUETOOTH\=NO
    export ENABLE_RESOURCE_ACCESS_CALENDARS\=NO
    export ENABLE_RESOURCE_ACCESS_CAMERA\=NO
    export ENABLE_RESOURCE_ACCESS_CONTACTS\=NO
    export ENABLE_RESOURCE_ACCESS_LOCATION\=NO
    export ENABLE_RESOURCE_ACCESS_PHOTO_LIBRARY\=NO
    export ENABLE_RESOURCE_ACCESS_PRINTING\=NO
    export ENABLE_RESOURCE_ACCESS_USB\=NO
    export ENABLE_SDK_IMPORTS\=NO
    export ENABLE_SECURITY_COMPILER_WARNINGS\=NO
    export ENABLE_STRICT_OBJC_MSGSEND\=YES
    export ENABLE_TESTABILITY\=NO
    export ENABLE_TESTING_SEARCH_PATHS\=NO
    export ENABLE_USER_SCRIPT_SANDBOXING\=NO
    export ENABLE_XOJIT_PREVIEWS\=NO
    export ENFORCE_VALID_ARCHS\=YES
    export ENTITLEMENTS_DESTINATION\=__entitlements
    export ENTITLEMENTS_REQUIRED\=YES
    export EXCLUDED_INSTALLSRC_SUBDIRECTORY_PATTERNS\=.DS_Store\ .svn\ .git\ .hg\ CVS
    export EXCLUDED_RECURSIVE_SEARCH_PATH_SUBDIRECTORIES\=\*.nib\ \*.lproj\ \*.framework\ \*.gch\ \*.xcode\*\ \*.xcassets\ \*.icon\ \(\*\)\ .DS_Store\ CVS\ .svn\ .git\ .hg\ \*.pbproj\ \*.pbxproj
    export FILE_LIST\=/Users/myfuckingmacbookair/Documents/GitHub/bindery/ios/build/Build/Intermediates.noindex/Pods.build/Release-iphonesimulator/ExpoModulesJSI.build/Objects/LinkFileList
    export FIXED_FILES_DIR\=/Users/myfuckingmacbookair/Documents/GitHub/bindery/ios/build/Build/Intermediates.noindex/Pods.build/Release-iphonesimulator/ExpoModulesJSI.build/FixedFiles
    export FRAMEWORK_SEARCH_PATHS\=\ \"/Users/myfuckingmacbookair/Documents/GitHub/bindery/ios/Pods/../../node_modules/expo-modules-jsi/apple/Products\"\ \"/Users/myfuckingmacbookair/Documents/GitHub/bindery/ios/Pods/React-Core-prebuilt\"\ \"/Users/myfuckingmacbookair/Documents/GitHub/bindery/ios/Pods/ReactNativeDependencies/framework/packages/react-native\"\ \"/Users/myfuckingmacbookair/Documents/GitHub/bindery/ios/Pods/hermes-engine/destroot/Library/Frameworks/universal\"\ \"/Users/myfuckingmacbookair/Documents/GitHub/bindery/ios/build/Build/Products/Release-iphonesimulator/XCFrameworkIntermediates/ExpoModulesJSI\"\ \"/Users/myfuckingmacbookair/Documents/GitHub/bindery/ios/build/Build/Products/Release-iphonesimulator/XCFrameworkIntermediates/React-Core-prebuilt\"\ \"/Users/myfuckingmacbookair/Documents/GitHub/bindery/ios/build/Build/Products/Release-iphonesimulator/XCFrameworkIntermediates/ReactNativeDependencies\"\ \"/Users/myfuckingmacbookair/Documents/GitHub/bindery/ios/build/Build/Products/Release-iphonesimulator/XCFrameworkIntermediates/hermes-engine/Pre-built\"\ \"/Users/myfuckingmacbookair/Documents/GitHub/bindery/ios/build/Build/Products/Release-iphonesimulator/XCFrameworkIntermediates/ExpoModulesJSI\"
    export FRAMEWORK_VERSION\=A
    export FUSE_BUILD_PHASES\=YES
    export FUSE_BUILD_SCRIPT_PHASES\=NO
    export GCC3_VERSION\=3.3
    export GCC_C_LANGUAGE_STANDARD\=gnu11
    export GCC_NO_COMMON_BLOCKS\=YES
    export GCC_OBJC_LEGACY_DISPATCH\=YES
    export GCC_PFE_FILE_C_DIALECTS\=c\ objective-c\ c++\ objective-c++
    export GCC_PREPROCESSOR_DEFINITIONS\=POD_CONFIGURATION_RELEASE\=1\ \ COCOAPODS\=1
    export GCC_TREAT_WARNINGS_AS_ERRORS\=NO
    export GCC_VERSION\=com.apple.compilers.llvm.clang.1_0
    export GCC_VERSION_IDENTIFIER\=com_apple_compilers_llvm_clang_1_0
    export GCC_WARN_64_TO_32_BIT_CONVERSION\=YES
    export GCC_WARN_ABOUT_RETURN_TYPE\=YES_ERROR
    export GCC_WARN_UNDECLARED_SELECTOR\=YES
    export GCC_WARN_UNINITIALIZED_AUTOS\=YES_AGGRESSIVE
    export GCC_WARN_UNUSED_FUNCTION\=YES
    export GCC_WARN_UNUSED_VARIABLE\=YES
    export GENERATED_MODULEMAP_DIR\=/Users/myfuckingmacbookair/Documents/GitHub/bindery/ios/build/Build/Intermediates.noindex/GeneratedModuleMaps-iphonesimulator
    export GENERATE_INFOPLIST_FILE\=NO
    export GENERATE_INTERMEDIATE_TEXT_BASED_STUBS\=YES
    export GENERATE_PKGINFO_FILE\=NO
    export GENERATE_PRELINK_OBJECT_FILE\=NO
    export GENERATE_PROFILING_CODE\=NO
    export GENERATE_TEXT_BASED_STUBS\=NO
    export GID\=20
    export GROUP\=staff
    export HEADERMAP_INCLUDES_FLAT_ENTRIES_FOR_TARGET_BEING_BUILT\=YES
    export HEADERMAP_INCLUDES_FRAMEWORK_ENTRIES_FOR_ALL_PRODUCT_TYPES\=YES
    export HEADERMAP_INCLUDES_FRAMEWORK_ENTRIES_FOR_TARGETS_NOT_BEING_BUILT\=YES
    export HEADERMAP_INCLUDES_NONPUBLIC_NONPRIVATE_HEADERS\=YES
    export HEADERMAP_INCLUDES_PROJECT_HEADERS\=YES
    export HEADERMAP_USES_FRAMEWORK_PREFIX_ENTRIES\=YES
    export HEADERMAP_USES_VFS\=YES
    export HEADER_SEARCH_PATHS\=\ \"/Users/myfuckingmacbookair/Documents/GitHub/bindery/ios/Pods/Headers/Public\"\ \"/Users/myfuckingmacbookair/Documents/GitHub/bindery/ios/Pods/Headers/Public/React-Core\"\ \"/Users/myfuckingmacbookair/Documents/GitHub/bindery/ios/Pods/Headers/Public/React-Core-prebuilt\"\ \"/Users/myfuckingmacbookair/Documents/GitHub/bindery/ios/Pods/Headers/Public/React-callinvoker\"\ \"/Users/myfuckingmacbookair/Documents/GitHub/bindery/ios/Pods/Headers/Public/React-cxxreact\"\ \"/Users/myfuckingmacbookair/Documents/GitHub/bindery/ios/Pods/Headers/Public/React-debug\"\ \"/Users/myfuckingmacbookair/Documents/GitHub/bindery/ios/Pods/Headers/Public/React-featureflags\"\ \"/Users/myfuckingmacbookair/Documents/GitHub/bindery/ios/Pods/Headers/Public/React-hermes\"\ \"/Users/myfuckingmacbookair/Documents/GitHub/bindery/ios/Pods/Headers/Public/React-jserrorhandler\"\ \"/Users/myfuckingmacbookair/Documents/GitHub/bindery/ios/Pods/Headers/Public/React-jsi\"\ \"/Users/myfuckingmacbookair/Documents/GitHub/bindery/ios/Pods/Headers/Public/React-jsiexecutor\"\ \"/Users/myfuckingmacbookair/Documents/GitHub/bindery/ios/Pods/Headers/Public/React-jsinspector\"\ \"/Users/myfuckingmacbookair/Documents/GitHub/bindery/ios/Pods/Headers/Public/React-jsinspectorcdp\"\ \"/Users/myfuckingmacbookair/Documents/GitHub/bindery/ios/Pods/Headers/Public/React-jsinspectornetwork\"\ \"/Users/myfuckingmacbookair/Documents/GitHub/bindery/ios/Pods/Headers/Public/React-jsinspectortracing\"\ \"/Users/myfuckingmacbookair/Documents/GitHub/bindery/ios/Pods/Headers/Public/React-jsitooling\"\ \"/Users/myfuckingmacbookair/Documents/GitHub/bindery/ios/Pods/Headers/Public/React-logger\"\ \"/Users/myfuckingmacbookair/Documents/GitHub/bindery/ios/Pods/Headers/Public/React-oscompat\"\ \"/Users/myfuckingmacbookair/Documents/GitHub/bindery/ios/Pods/Headers/Public/React-perflogger\"\ \"/Users/myfuckingmacbookair/Documents/GitHub/bindery/ios/Pods/Headers/Public/React-performancetimeline\"\ \"/Users/myfuckingmacbookair/Documents/GitHub/bindery/ios/Pods/Headers/Public/React-rendererconsistency\"\ \"/Users/myfuckingmacbookair/Documents/GitHub/bindery/ios/Pods/Headers/Public/React-rendererdebug\"\ \"/Users/myfuckingmacbookair/Documents/GitHub/bindery/ios/Pods/Headers/Public/React-runtimeexecutor\"\ \"/Users/myfuckingmacbookair/Documents/GitHub/bindery/ios/Pods/Headers/Public/React-runtimescheduler\"\ \"/Users/myfuckingmacbookair/Documents/GitHub/bindery/ios/Pods/Headers/Public/React-timing\"\ \"/Users/myfuckingmacbookair/Documents/GitHub/bindery/ios/Pods/Headers/Public/React-utils\"\ \"/Users/myfuckingmacbookair/Documents/GitHub/bindery/ios/Pods/Headers/Public/ReactCommon\"\ \"/Users/myfuckingmacbookair/Documents/GitHub/bindery/ios/Pods/Headers/Public/ReactNativeDependencies\"\ \"/Users/myfuckingmacbookair/Documents/GitHub/bindery/ios/Pods/Headers/Public/Yoga\"\ \"/Users/myfuckingmacbookair/Documents/GitHub/bindery/ios/Pods/Headers/Public/hermes-engine\"\ \"/Users/myfuckingmacbookair/Documents/GitHub/bindery/ios/Pods/ExpoModulesCore/ExpoModulesCore.xcframework/ios-arm64_x86_64-simulator/ExpoModulesCore.framework/Headers\"\ \"/Users/myfuckingmacbookair/Documents/GitHub/bindery/ios/Pods/ExpoModulesCore/ExpoModulesCore.xcframework/ios-arm64/ExpoModulesCore.framework/Headers\"\ \"/Users/myfuckingmacbookair/Documents/GitHub/bindery/ios/Pods/ExpoModulesCore/ExpoModulesCore.xcframework/ios-arm64_x86_64-simulator/ExpoModulesCore.framework/Headers\"\ \"/Users/myfuckingmacbookair/Documents/GitHub/bindery/ios/Pods/ExpoModulesCore/ExpoModulesCore.xcframework/ios-arm64/ExpoModulesCore.framework/Headers\"
    export HOME\=/Users/myfuckingmacbookair
    export HOST_ARCH\=x86_64
    export HOST_PLATFORM\=macosx
    export ICONV\=/usr/bin/iconv
    export IMPLICIT_DEPENDENCY_DOMAIN\=default
    export INFOPLIST_ENABLE_CFBUNDLEICONS_MERGE\=YES
    export INFOPLIST_EXPAND_BUILD_SETTINGS\=YES
    export INFOPLIST_OUTPUT_FORMAT\=binary
    export INFOPLIST_PREPROCESS\=NO
    export INLINE_PRIVATE_FRAMEWORKS\=NO
    export INSTALLAPI_IGNORE_SKIP_INSTALL\=YES
    export INSTALLHDRS_COPY_PHASE\=NO
    export INSTALLHDRS_SCRIPT_PHASE\=NO
    export INSTALL_DIR\=/tmp/Pods.dst
    export INSTALL_GROUP\=staff
    export INSTALL_MODE_FLAG\=u+w,go-w,a+rX
    export INSTALL_OWNER\=myfuckingmacbookair
    export INSTALL_ROOT\=/tmp/Pods.dst
    export IPHONEOS_DEPLOYMENT_TARGET\=16.4
    export IS_UNOPTIMIZED_BUILD\=NO
    export JAVAC_DEFAULT_FLAGS\=-J-Xms64m\ -J-XX:NewSize\=4M\ -J-Dfile.encoding\=UTF8
    export JAVA_APP_STUB\=/System/Library/Frameworks/JavaVM.framework/Resources/MacOS/JavaApplicationStub
    export JAVA_ARCHIVE_CLASSES\=YES
    export JAVA_ARCHIVE_TYPE\=JAR
    export JAVA_COMPILER\=/usr/bin/javac
    export JAVA_FRAMEWORK_RESOURCES_DIRS\=Resources
    export JAVA_JAR_FLAGS\=cv
    export JAVA_SOURCE_SUBDIR\=.
    export JAVA_USE_DEPENDENCIES\=YES
    export JAVA_ZIP_FLAGS\=-urg
    export JIKES_DEFAULT_FLAGS\=+E\ +OLDCSO
    export KEEP_PRIVATE_EXTERNS\=NO
    export LD_DEPENDENCY_INFO_FILE\=/Users/myfuckingmacbookair/Documents/GitHub/bindery/ios/build/Build/Intermediates.noindex/Pods.build/Release-iphonesimulator/ExpoModulesJSI.build/Objects-normal/undefined_arch/ExpoModulesJSI_dependency_info.dat
    export LD_EXPORT_SYMBOLS\=YES
    export LD_GENERATE_MAP_FILE\=NO
    export LD_MAP_FILE_PATH\=/Users/myfuckingmacbookair/Documents/GitHub/bindery/ios/build/Build/Intermediates.noindex/Pods.build/Release-iphonesimulator/ExpoModulesJSI.build/ExpoModulesJSI-LinkMap-normal-undefined_arch.txt
    export LD_NO_PIE\=NO
    export LD_QUOTE_LINKER_ARGUMENTS_FOR_COMPILER_DRIVER\=YES
    export LD_RUNPATH_SEARCH_PATHS\=\ @executable_path/Frameworks
    export LD_SHARED_CACHE_ELIGIBLE\=Automatic
    export LD_WARN_DUPLICATE_LIBRARIES\=NO
    export LD_WARN_UNUSED_DYLIBS\=NO
    export LEGACY_DEVELOPER_DIR\=/Applications/Xcode.app/Contents/PlugIns/Xcode3Core.ideplugin/Contents/SharedSupport/Developer
    export LEX\=lex
    export LIBRARY_DEXT_INSTALL_PATH\=/Library/DriverExtensions
    export LIBRARY_FLAG_NOSPACE\=YES
    export LIBRARY_KEXT_INSTALL_PATH\=/Library/Extensions
    export LINKER_DISPLAYS_MANGLED_NAMES\=NO
    export LINK_FILE_LIST_normal_arm64\=/Users/myfuckingmacbookair/Documents/GitHub/bindery/ios/build/Build/Intermediates.noindex/Pods.build/Release-iphonesimulator/ExpoModulesJSI.build/Objects-normal/arm64/ExpoModulesJSI.LinkFileList
    export LINK_FILE_LIST_normal_x86_64\=/Users/myfuckingmacbookair/Documents/GitHub/bindery/ios/build/Build/Intermediates.noindex/Pods.build/Release-iphonesimulator/ExpoModulesJSI.build/Objects-normal/x86_64/ExpoModulesJSI.LinkFileList
    export LINK_OBJC_RUNTIME\=YES
    export LINK_WITH_STANDARD_LIBRARIES\=YES
    export LLVM_TARGET_TRIPLE_OS_VERSION\=ios16.4
    export LLVM_TARGET_TRIPLE_SUFFIX\=-simulator
    export LLVM_TARGET_TRIPLE_VENDOR\=apple
    export LM_AUX_CONST_METADATA_LIST_PATH_normal_arm64\=/Users/myfuckingmacbookair/Documents/GitHub/bindery/ios/build/Build/Intermediates.noindex/Pods.build/Release-iphonesimulator/ExpoModulesJSI.build/Objects-normal/arm64/ExpoModulesJSI.SwiftConstValuesFileList
    export LM_AUX_CONST_METADATA_LIST_PATH_normal_x86_64\=/Users/myfuckingmacbookair/Documents/GitHub/bindery/ios/build/Build/Intermediates.noindex/Pods.build/Release-iphonesimulator/ExpoModulesJSI.build/Objects-normal/x86_64/ExpoModulesJSI.SwiftConstValuesFileList
    export LOCALIZATION_EXPORT_SUPPORTED\=YES
    export LOCALIZATION_PREFERS_STRING_CATALOGS\=NO
    export LOCALIZED_STRING_MACRO_NAMES\=NSLocalizedString\ CFCopyLocalizedString
    export LOCALIZED_STRING_SWIFTUI_SUPPORT\=YES
    export LOCAL_ADMIN_APPS_DIR\=/Applications/Utilities
    export LOCAL_APPS_DIR\=/Applications
    export LOCAL_DEVELOPER_DIR\=/Library/Developer
    export LOCAL_LIBRARY_DIR\=/Library
    export LOCROOT\=/Users/myfuckingmacbookair/Documents/GitHub/bindery/ios/Pods
    export LOCSYMROOT\=/Users/myfuckingmacbookair/Documents/GitHub/bindery/ios/Pods
    export MAC_OS_X_PRODUCT_BUILD_VERSION\=25F80
    export MAC_OS_X_VERSION_ACTUAL\=260501
    export MAC_OS_X_VERSION_MAJOR\=260000
    export MAC_OS_X_VERSION_MINOR\=260500
    export MAKE_MERGEABLE\=NO
    export MERGEABLE_LIBRARY\=NO
    export MERGED_BINARY_TYPE\=none
    export MERGE_LINKED_LIBRARIES\=NO
    export METAL_LIBRARY_FILE_BASE\=default
    export METAL_LIBRARY_OUTPUT_DIR\=/Users/myfuckingmacbookair/Documents/GitHub/bindery/ios/build/Build/Products/Release-iphonesimulator/ExpoModulesJSI/
    export MODULE_CACHE_DIR\=/Users/myfuckingmacbookair/Documents/GitHub/bindery/ios/build/ModuleCache.noindex
    export MTL_ENABLE_DEBUG_INFO\=NO
    export MTL_FAST_MATH\=YES
    export NATIVE_ARCH\=x86_64
    export NATIVE_ARCH_32_BIT\=i386
    export NATIVE_ARCH_64_BIT\=x86_64
    export NATIVE_ARCH_ACTUAL\=x86_64
    export NO_COMMON\=YES
    export OBJC_ABI_VERSION\=2
    export OBJECT_FILE_DIR\=/Users/myfuckingmacbookair/Documents/GitHub/bindery/ios/build/Build/Intermediates.noindex/Pods.build/Release-iphonesimulator/ExpoModulesJSI.build/Objects
    export OBJECT_FILE_DIR_normal\=/Users/myfuckingmacbookair/Documents/GitHub/bindery/ios/build/Build/Intermediates.noindex/Pods.build/Release-iphonesimulator/ExpoModulesJSI.build/Objects-normal
    export OBJROOT\=/Users/myfuckingmacbookair/Documents/GitHub/bindery/ios/build/Build/Intermediates.noindex
    export ONLY_ACTIVE_ARCH\=NO
    export OS\=MACOS
    export OSAC\=/usr/bin/osacompile
    export OTHER_CFLAGS\=\ -DRCT_REMOVE_LEGACY_ARCH\=1\ -ivfsoverlay\ \"/Users/myfuckingmacbookair/Documents/GitHub/bindery/ios/Pods/React-Core-prebuilt/React-VFS.yaml\"\ -DNDEBUG
    export OTHER_CPLUSPLUSFLAGS\=\ -DRCT_REMOVE_LEGACY_ARCH\=1\ -ivfsoverlay\ \"/Users/myfuckingmacbookair/Documents/GitHub/bindery/ios/Pods/React-Core-prebuilt/React-VFS.yaml\"\ -DNDEBUG\ -DRCT_REMOVE_LEGACY_ARCH\=1\ -ivfsoverlay\ \"/Users/myfuckingmacbookair/Documents/GitHub/bindery/ios/Pods/React-Core-prebuilt/React-VFS.yaml\"\ -DNDEBUG
    export OTHER_SWIFT_FLAGS\=\ -D\ COCOAPODS\ -import-underlying-module\ -Xcc\ -fmodule-map-file\=\"/Users/myfuckingmacbookair/Documents/GitHub/bindery/ios/Pods/\"\ -Xcc\ -ivfsoverlay\ -Xcc\ \"/Users/myfuckingmacbookair/Documents/GitHub/bindery/ios/Pods/React-Core-prebuilt/React-VFS.yaml\"\ -Xcc\ -Wno-incomplete-umbrella
    export PASCAL_STRINGS\=YES
    export PATH\=/Applications/Xcode.app/Contents/SharedFrameworks/SwiftBuild.framework/Versions/A/PlugIns/SWBBuildService.bundle/Contents/PlugIns/SWBUniversalPlatformPlugin.bundle/Contents/Frameworks/SWBUniversalPlatform.framework/Resources:/Applications/Xcode.app/Contents/Developer/Toolchains/XcodeDefault.xctoolchain/usr/bin:/Applications/Xcode.app/Contents/Developer/Toolchains/XcodeDefault.xctoolchain/usr/local/bin:/Applications/Xcode.app/Contents/Developer/Toolchains/XcodeDefault.xctoolchain/usr/libexec:/Applications/Xcode.app/Contents/Developer/Platforms/iPhoneSimulator.platform/usr/bin:/Applications/Xcode.app/Contents/Developer/Platforms/iPhoneSimulator.platform/usr/local/bin:/Applications/Xcode.app/Contents/Developer/Platforms/iPhoneSimulator.platform/Developer/usr/bin:/Applications/Xcode.app/Contents/Developer/Platforms/iPhoneSimulator.platform/Developer/usr/local/bin:/Applications/Xcode.app/Contents/Developer/usr/bin:/Applications/Xcode.app/Contents/Developer/usr/local/bin:/Users/myfuckingmacbookair/.local/bin:/Users/myfuckingmacbookair/.npm-global/bin:/usr/local/bin:/System/Cryptexes/App/usr/bin:/usr/bin:/bin:/usr/sbin:/sbin:/var/run/com.apple.security.cryptexd/codex.system/bootstrap/usr/local/bin:/var/run/com.apple.security.cryptexd/codex.system/bootstrap/usr/bin:/var/run/com.apple.security.cryptexd/codex.system/bootstrap/usr/appleinternal/bin:/pkg/env/global/bin:/Library/Apple/usr/bin:/Users/myfuckingmacbookair/.bun/bin:/Users/myfuckingmacbookair/Library/pnpm:/Users/myfuckingmacbookair/Library/Application\ Support/Claude/local-agent-mode-sessions/skills-plugin/8bf2ebc1-a06e-4b18-bf97-856db8c64549/ec19a108-c20c-455d-9708-6a8cfabeb0b8/bin
    export PATH_PREFIXES_EXCLUDED_FROM_HEADER_DEPENDENCIES\=/usr/include\ /usr/local/include\ /System/Library/Frameworks\ /System/Library/PrivateFrameworks\ /Applications/Xcode.app/Contents/Developer/Headers\ /Applications/Xcode.app/Contents/Developer/SDKs\ /Applications/Xcode.app/Contents/Developer/Platforms
    export PER_ARCH_MODULE_FILE_DIR\=/Users/myfuckingmacbookair/Documents/GitHub/bindery/ios/build/Build/Intermediates.noindex/Pods.build/Release-iphonesimulator/ExpoModulesJSI.build/Objects-normal/undefined_arch
    export PER_ARCH_OBJECT_FILE_DIR\=/Users/myfuckingmacbookair/Documents/GitHub/bindery/ios/build/Build/Intermediates.noindex/Pods.build/Release-iphonesimulator/ExpoModulesJSI.build/Objects-normal/undefined_arch
    export PER_VARIANT_OBJECT_FILE_DIR\=/Users/myfuckingmacbookair/Documents/GitHub/bindery/ios/build/Build/Intermediates.noindex/Pods.build/Release-iphonesimulator/ExpoModulesJSI.build/Objects-normal
    export PKGINFO_FILE_PATH\=/Users/myfuckingmacbookair/Documents/GitHub/bindery/ios/build/Build/Intermediates.noindex/Pods.build/Release-iphonesimulator/ExpoModulesJSI.build/PkgInfo
    export PLATFORM_DEVELOPER_APPLICATIONS_DIR\=/Applications/Xcode.app/Contents/Developer/Platforms/iPhoneSimulator.platform/Developer/Applications
    export PLATFORM_DEVELOPER_BIN_DIR\=/Applications/Xcode.app/Contents/Developer/Platforms/iPhoneSimulator.platform/Developer/usr/bin
    export PLATFORM_DEVELOPER_LIBRARY_DIR\=/Applications/Xcode.app/Contents/Developer/Platforms/iPhoneSimulator.platform/Developer/Library
    export PLATFORM_DEVELOPER_SDK_DIR\=/Applications/Xcode.app/Contents/Developer/Platforms/iPhoneSimulator.platform/Developer/SDKs
    export PLATFORM_DEVELOPER_TOOLS_DIR\=/Applications/Xcode.app/Contents/Developer/Platforms/iPhoneSimulator.platform/Developer/Tools
    export PLATFORM_DEVELOPER_USR_DIR\=/Applications/Xcode.app/Contents/Developer/Platforms/iPhoneSimulator.platform/Developer/usr
    export PLATFORM_DIR\=/Applications/Xcode.app/Contents/Developer/Platforms/iPhoneSimulator.platform
    export PLATFORM_DISPLAY_NAME\=iOS\ Simulator
    export PLATFORM_FAMILY_NAME\=iOS
    export PLATFORM_NAME\=iphonesimulator
    export PLATFORM_PREFERRED_ARCH\=x86_64
    export PLATFORM_PRODUCT_BUILD_VERSION\=23A339
    export PLATFORM_REQUIRES_SWIFT_AUTOLINK_EXTRACT\=NO
    export PLATFORM_REQUIRES_SWIFT_MODULEWRAP\=NO
    export PLIST_FILE_OUTPUT_FORMAT\=binary
    export PODFILE_DIR\=/Users/myfuckingmacbookair/Documents/GitHub/bindery/ios/Pods/..
    export PODS_BUILD_DIR\=/Users/myfuckingmacbookair/Documents/GitHub/bindery/ios/build/Build/Products
    export PODS_CONFIGURATION_BUILD_DIR\=/Users/myfuckingmacbookair/Documents/GitHub/bindery/ios/build/Build/Products/Release-iphonesimulator
    export PODS_DEVELOPMENT_LANGUAGE\=en
    export PODS_ROOT\=/Users/myfuckingmacbookair/Documents/GitHub/bindery/ios/Pods
    export PODS_TARGET_SRCROOT\=/Users/myfuckingmacbookair/Documents/GitHub/bindery/ios/Pods/../../node_modules/expo-modules-jsi/apple
    export PODS_XCFRAMEWORKS_BUILD_DIR\=/Users/myfuckingmacbookair/Documents/GitHub/bindery/ios/build/Build/Products/Release-iphonesimulator/XCFrameworkIntermediates
    export PRECOMPS_INCLUDE_HEADERS_FROM_BUILT_PRODUCTS_DIR\=YES
    export PRECOMP_DESTINATION_DIR\=/Users/myfuckingmacbookair/Documents/GitHub/bindery/ios/build/Build/Intermediates.noindex/Pods.build/Release-iphonesimulator/ExpoModulesJSI.build/PrefixHeaders
    export PROCESSED_INFOPLIST_PATH\=/Users/myfuckingmacbookair/Documents/GitHub/bindery/ios/build/Build/Intermediates.noindex/Pods.build/Release-iphonesimulator/ExpoModulesJSI.build/Objects-normal/undefined_arch/Processed-Info.plist
    export PRODUCT_BUNDLE_IDENTIFIER\=org.cocoapods.ExpoModulesJSI
    export PRODUCT_MODULE_NAME\=ExpoModulesJSI
    export PRODUCT_NAME\=ExpoModulesJSI
    export PRODUCT_SETTINGS_PATH\=
    export PROFILING_CODE\=NO
    export PROJECT\=Pods
    export PROJECT_DERIVED_FILE_DIR\=/Users/myfuckingmacbookair/Documents/GitHub/bindery/ios/build/Build/Intermediates.noindex/Pods.build/DerivedSources
    export PROJECT_DIR\=/Users/myfuckingmacbookair/Documents/GitHub/bindery/ios/Pods
    export PROJECT_FILE_PATH\=/Users/myfuckingmacbookair/Documents/GitHub/bindery/ios/Pods/Pods.xcodeproj
    export PROJECT_GUID\=8699adb1dd336b26511df848a716bd42
    export PROJECT_NAME\=Pods
    export PROJECT_TEMP_DIR\=/Users/myfuckingmacbookair/Documents/GitHub/bindery/ios/build/Build/Intermediates.noindex/Pods.build
    export PROJECT_TEMP_ROOT\=/Users/myfuckingmacbookair/Documents/GitHub/bindery/ios/build/Build/Intermediates.noindex
    export REACT_NATIVE_PATH\=/Users/myfuckingmacbookair/Documents/GitHub/bindery/ios/Pods/../../node_modules/react-native
    export RECOMMENDED_IPHONEOS_DEPLOYMENT_TARGET\=15.0
    export RECURSIVE_SEARCH_PATHS_FOLLOW_SYMLINKS\=YES
    export REMOVE_CVS_FROM_RESOURCES\=YES
    export REMOVE_GIT_FROM_RESOURCES\=YES
    export REMOVE_HEADERS_FROM_EMBEDDED_BUNDLES\=YES
    export REMOVE_HG_FROM_RESOURCES\=YES
    export REMOVE_STATIC_EXECUTABLES_FROM_EMBEDDED_BUNDLES\=YES
    export REMOVE_SVN_FROM_RESOURCES\=YES
    export RESCHEDULE_INDEPENDENT_HEADERS_PHASES\=YES
    export REZ_COLLECTOR_DIR\=/Users/myfuckingmacbookair/Documents/GitHub/bindery/ios/build/Build/Intermediates.noindex/Pods.build/Release-iphonesimulator/ExpoModulesJSI.build/ResourceManagerResources
    export REZ_OBJECTS_DIR\=/Users/myfuckingmacbookair/Documents/GitHub/bindery/ios/build/Build/Intermediates.noindex/Pods.build/Release-iphonesimulator/ExpoModulesJSI.build/ResourceManagerResources/Objects
    export RUNTIME_EXCEPTION_ALLOW_DYLD_ENVIRONMENT_VARIABLES\=NO
    export RUNTIME_EXCEPTION_ALLOW_JIT\=NO
    export RUNTIME_EXCEPTION_ALLOW_UNSIGNED_EXECUTABLE_MEMORY\=NO
    export RUNTIME_EXCEPTION_DEBUGGING_TOOL\=NO
    export RUNTIME_EXCEPTION_DISABLE_EXECUTABLE_PAGE_PROTECTION\=NO
    export RUNTIME_EXCEPTION_DISABLE_LIBRARY_VALIDATION\=NO
    export SCAN_ALL_SOURCE_FILES_FOR_INCLUDES\=NO
    export SCRIPT_INPUT_FILE_COUNT\=0
    export SCRIPT_INPUT_FILE_LIST_COUNT\=0
    export SCRIPT_OUTPUT_FILE_COUNT\=0
    export SCRIPT_OUTPUT_FILE_LIST_COUNT\=0
    export SDKROOT\=/Applications/Xcode.app/Contents/Developer/Platforms/iPhoneSimulator.platform/Developer/SDKs/iPhoneSimulator26.0.sdk
    export SDK_DIR\=/Applications/Xcode.app/Contents/Developer/Platforms/iPhoneSimulator.platform/Developer/SDKs/iPhoneSimulator26.0.sdk
    export SDK_DIR_iphonesimulator\=/Applications/Xcode.app/Contents/Developer/Platforms/iPhoneSimulator.platform/Developer/SDKs/iPhoneSimulator26.0.sdk
    export SDK_DIR_iphonesimulator26_0\=/Applications/Xcode.app/Contents/Developer/Platforms/iPhoneSimulator.platform/Developer/SDKs/iPhoneSimulator26.0.sdk
    export SDK_NAME\=iphonesimulator26.0
    export SDK_NAMES\=iphonesimulator26.0
    export SDK_PRODUCT_BUILD_VERSION\=23A339
    export SDK_STAT_CACHE_DIR\=/Users/myfuckingmacbookair/Documents/GitHub/bindery/ios/build
    export SDK_STAT_CACHE_ENABLE\=YES
    export SDK_STAT_CACHE_PATH\=/Users/myfuckingmacbookair/Documents/GitHub/bindery/ios/build/SDKStatCaches.noindex/iphonesimulator26.0-23A339-26257891a6c027eb51374368541b8346.sdkstatcache
    export SDK_VERSION\=26.0
    export SDK_VERSION_ACTUAL\=260000
    export SDK_VERSION_MAJOR\=260000
    export SDK_VERSION_MINOR\=260000
    export SED\=/usr/bin/sed
    export SEPARATE_STRIP\=NO
    export SEPARATE_SYMBOL_EDIT\=NO
    export SET_DIR_MODE_OWNER_GROUP\=YES
    export SET_FILE_MODE_OWNER_GROUP\=NO
    export SHALLOW_BUNDLE\=NO
    export SHARED_DERIVED_FILE_DIR\=/Users/myfuckingmacbookair/Documents/GitHub/bindery/ios/build/Build/Products/Release-iphonesimulator/ExpoModulesJSI/DerivedSources
    export SHARED_PRECOMPS_DIR\=/Users/myfuckingmacbookair/Documents/GitHub/bindery/ios/build/Build/Intermediates.noindex/PrecompiledHeaders
    export SKIP_INSTALL\=YES
    export SOURCE_ROOT\=/Users/myfuckingmacbookair/Documents/GitHub/bindery/ios/Pods
    export SRCROOT\=/Users/myfuckingmacbookair/Documents/GitHub/bindery/ios/Pods
    export STRINGSDATA_DIR\=/Users/myfuckingmacbookair/Documents/GitHub/bindery/ios/build/Build/Intermediates.noindex/Pods.build/Release-iphonesimulator/ExpoModulesJSI.build/Objects-normal/undefined_arch
    export STRINGSDATA_ROOT\=/Users/myfuckingmacbookair/Documents/GitHub/bindery/ios/build/Build/Intermediates.noindex/Pods.build/Release-iphonesimulator/ExpoModulesJSI.build
    export STRINGS_FILE_INFOPLIST_RENAME\=YES
    export STRINGS_FILE_OUTPUT_ENCODING\=binary
    export STRING_CATALOG_GENERATE_SYMBOLS\=NO
    export STRIP_BITCODE_FROM_COPIED_FILES\=NO
    export STRIP_INSTALLED_PRODUCT\=NO
    export STRIP_STYLE\=all
    export STRIP_SWIFT_SYMBOLS\=YES
    export SUPPORTED_DEVICE_FAMILIES\=1,2
    export SUPPORTED_PLATFORMS\=iphoneos\ iphonesimulator
    export SUPPORTS_TEXT_BASED_API\=NO
    export SUPPRESS_WARNINGS\=NO
    export SWIFT_COMPILATION_MODE\=wholemodule
    export SWIFT_EMIT_CONST_VALUE_PROTOCOLS\=AppIntent\ EntityQuery\ AppEntity\ TransientEntity\ AppEnum\ AppShortcutProviding\ AppShortcutsProvider\ AnyResolverProviding\ AppIntentsPackage\ DynamicOptionsProvider\ _IntentValueRepresentable\ _AssistantIntentsProvider\ _GenerativeFunctionExtractable\ IntentValueQuery\ Resolver\ AppExtension\ ExtensionPointDefining
    export SWIFT_EMIT_LOC_STRINGS\=NO
    export SWIFT_EMIT_MODULE_INTERFACE\=NO
    export SWIFT_ENABLE_EXPLICIT_MODULES\=NO
    export SWIFT_OPTIMIZATION_LEVEL\=-O
    export SWIFT_PLATFORM_TARGET_PREFIX\=ios
    export SWIFT_RESPONSE_FILE_PATH_normal_arm64\=/Users/myfuckingmacbookair/Documents/GitHub/bindery/ios/build/Build/Intermediates.noindex/Pods.build/Release-iphonesimulator/ExpoModulesJSI.build/Objects-normal/arm64/ExpoModulesJSI.SwiftFileList
    export SWIFT_RESPONSE_FILE_PATH_normal_x86_64\=/Users/myfuckingmacbookair/Documents/GitHub/bindery/ios/build/Build/Intermediates.noindex/Pods.build/Release-iphonesimulator/ExpoModulesJSI.build/Objects-normal/x86_64/ExpoModulesJSI.SwiftFileList
    export SWIFT_VERSION\=5.0
    export SYMROOT\=/Users/myfuckingmacbookair/Documents/GitHub/bindery/ios/build/Build/Products
    export SYSTEM_ADMIN_APPS_DIR\=/Applications/Utilities
    export SYSTEM_APPS_DIR\=/Applications
    export SYSTEM_CORE_SERVICES_DIR\=/System/Library/CoreServices
    export SYSTEM_DEMOS_DIR\=/Applications/Extras
    export SYSTEM_DEVELOPER_APPS_DIR\=/Applications/Xcode.app/Contents/Developer/Applications
    export SYSTEM_DEVELOPER_BIN_DIR\=/Applications/Xcode.app/Contents/Developer/usr/bin
    export SYSTEM_DEVELOPER_DEMOS_DIR\=/Applications/Xcode.app/Contents/Developer/Applications/Utilities/Built\ Examples
    export SYSTEM_DEVELOPER_DIR\=/Applications/Xcode.app/Contents/Developer
    export SYSTEM_DEVELOPER_DOC_DIR\=/Applications/Xcode.app/Contents/Developer/ADC\ Reference\ Library
    export SYSTEM_DEVELOPER_GRAPHICS_TOOLS_DIR\=/Applications/Xcode.app/Contents/Developer/Applications/Graphics\ Tools
    export SYSTEM_DEVELOPER_JAVA_TOOLS_DIR\=/Applications/Xcode.app/Contents/Developer/Applications/Java\ Tools
    export SYSTEM_DEVELOPER_PERFORMANCE_TOOLS_DIR\=/Applications/Xcode.app/Contents/Developer/Applications/Performance\ Tools
    export SYSTEM_DEVELOPER_RELEASENOTES_DIR\=/Applications/Xcode.app/Contents/Developer/ADC\ Reference\ Library/releasenotes
    export SYSTEM_DEVELOPER_TOOLS\=/Applications/Xcode.app/Contents/Developer/Tools
    export SYSTEM_DEVELOPER_TOOLS_DOC_DIR\=/Applications/Xcode.app/Contents/Developer/ADC\ Reference\ Library/documentation/DeveloperTools
    export SYSTEM_DEVELOPER_TOOLS_RELEASENOTES_DIR\=/Applications/Xcode.app/Contents/Developer/ADC\ Reference\ Library/releasenotes/DeveloperTools
    export SYSTEM_DEVELOPER_USR_DIR\=/Applications/Xcode.app/Contents/Developer/usr
    export SYSTEM_DEVELOPER_UTILITIES_DIR\=/Applications/Xcode.app/Contents/Developer/Applications/Utilities
    export SYSTEM_DEXT_INSTALL_PATH\=/System/Library/DriverExtensions
    export SYSTEM_DOCUMENTATION_DIR\=/Library/Documentation
    export SYSTEM_KEXT_INSTALL_PATH\=/System/Library/Extensions
    export SYSTEM_LIBRARY_DIR\=/System/Library
    export TAPI_DEMANGLE\=YES
    export TAPI_ENABLE_PROJECT_HEADERS\=NO
    export TAPI_LANGUAGE\=objective-c
    export TAPI_LANGUAGE_STANDARD\=compiler-default
    export TAPI_USE_SRCROOT\=YES
    export TAPI_VERIFY_MODE\=Pedantic
    export TARGETED_DEVICE_FAMILY\=1,2
    export TARGETNAME\=ExpoModulesJSI
    export TARGET_BUILD_DIR\=/Users/myfuckingmacbookair/Documents/GitHub/bindery/ios/build/Build/Products/Release-iphonesimulator/ExpoModulesJSI
    export TARGET_DEVICE_IDENTIFIER\=4DC2E649-35BE-4445-9A24-38BD8A88D1BF
    export TARGET_DEVICE_MODEL\=iPhone18,1
    export TARGET_DEVICE_OS_VERSION\=26.0.1
    export TARGET_DEVICE_PLATFORM_NAME\=iphonesimulator
    export TARGET_NAME\=ExpoModulesJSI
    export TARGET_TEMP_DIR\=/Users/myfuckingmacbookair/Documents/GitHub/bindery/ios/build/Build/Intermediates.noindex/Pods.build/Release-iphonesimulator/ExpoModulesJSI.build
    export TEMP_DIR\=/Users/myfuckingmacbookair/Documents/GitHub/bindery/ios/build/Build/Intermediates.noindex/Pods.build/Release-iphonesimulator/ExpoModulesJSI.build
    export TEMP_FILES_DIR\=/Users/myfuckingmacbookair/Documents/GitHub/bindery/ios/build/Build/Intermediates.noindex/Pods.build/Release-iphonesimulator/ExpoModulesJSI.build
    export TEMP_FILE_DIR\=/Users/myfuckingmacbookair/Documents/GitHub/bindery/ios/build/Build/Intermediates.noindex/Pods.build/Release-iphonesimulator/ExpoModulesJSI.build
    export TEMP_ROOT\=/Users/myfuckingmacbookair/Documents/GitHub/bindery/ios/build/Build/Intermediates.noindex
    export TEMP_SANDBOX_DIR\=/Users/myfuckingmacbookair/Documents/GitHub/bindery/ios/build/Build/Intermediates.noindex/TemporaryTaskSandboxes
    export TEST_FRAMEWORK_SEARCH_PATHS\=\ /Applications/Xcode.app/Contents/Developer/Platforms/iPhoneSimulator.platform/Developer/Library/Frameworks\ /Applications/Xcode.app/Contents/Developer/Platforms/iPhoneSimulator.platform/Developer/SDKs/iPhoneSimulator26.0.sdk/Developer/Library/Frameworks
    export TEST_LIBRARY_SEARCH_PATHS\=\ /Applications/Xcode.app/Contents/Developer/Platforms/iPhoneSimulator.platform/Developer/usr/lib
    export TOOLCHAINS\=com.apple.dt.toolchain.XcodeDefault
    export TOOLCHAIN_DIR\=/Applications/Xcode.app/Contents/Developer/Toolchains/XcodeDefault.xctoolchain
    export TREAT_MISSING_BASELINES_AS_TEST_FAILURES\=NO
    export TREAT_MISSING_SCRIPT_PHASE_OUTPUTS_AS_ERRORS\=NO
    export UID\=501
    export UNINSTALLED_PRODUCTS_DIR\=/Users/myfuckingmacbookair/Documents/GitHub/bindery/ios/build/Build/Intermediates.noindex/UninstalledProducts
    export UNSTRIPPED_PRODUCT\=NO
    export USER\=myfuckingmacbookair
    export USER_APPS_DIR\=/Users/myfuckingmacbookair/Applications
    export USER_LIBRARY_DIR\=/Users/myfuckingmacbookair/Library
    export USE_DYNAMIC_NO_PIC\=YES
    export USE_HEADERMAP\=YES
    export USE_HEADER_SYMLINKS\=NO
    export USE_HERMES\=true
    export USE_RECURSIVE_SCRIPT_INPUTS_IN_SCRIPT_PHASES\=YES
    export VALIDATE_DEVELOPMENT_ASSET_PATHS\=YES_ERROR
    export VALIDATE_PRODUCT\=YES
    export VALID_ARCHS\=arm64\ x86_64
    export VERBOSE_PBXCP\=NO
    export VERSION_INFO_BUILDER\=myfuckingmacbookair
    export VERSION_INFO_FILE\=ExpoModulesJSI_vers.c
    export VERSION_INFO_STRING\=\"@\(\#\)PROGRAM:ExpoModulesJSI\ \ PROJECT:Pods-\"
    export WORKSPACE_DIR\=/Users/myfuckingmacbookair/Documents/GitHub/bindery/ios
    export WRAP_ASSET_PACKS_IN_SEPARATE_DIRECTORIES\=NO
    export XCODE_APP_SUPPORT_DIR\=/Applications/Xcode.app/Contents/Developer/Library/Xcode
    export XCODE_PRODUCT_BUILD_VERSION\=17A400
    export XCODE_VERSION_ACTUAL\=2601
    export XCODE_VERSION_MAJOR\=2600
    export XCODE_VERSION_MINOR\=2600
    export XPCSERVICES_FOLDER_PATH\=/XPCServices
    export YACC\=yacc
    export _DISCOVER_COMMAND_LINE_LINKER_INPUTS\=YES
    export _DISCOVER_COMMAND_LINE_LINKER_INPUTS_INCLUDE_WL\=YES
    export _LD_MULTIARCH\=YES
    export __DIAGNOSE_DEPRECATED_ARCHS\=YES
    export arch\=undefined_arch
    export variant\=normal
    /bin/sh -c /Users/myfuckingmacbookair/Documents/GitHub/bindery/ios/build/Build/Intermediates.noindex/Pods.build/Release-iphonesimulator/ExpoModulesJSI.build/Script-46EB2E0001B530.sh
[ExpoModulesJSI] Detected: prebuilt RN (RN_ROOT=/Users/myfuckingmacbookair/Documents/GitHub/bindery/node_modules/react-native)
[ExpoModulesJSI] xcframework slices up to date, skipping build

note: Run script build phase '[CP-User] [RN]Check FBReactNativeSpec' will be run during every build because the option to run the script phase "Based on dependency analysis" is unchecked. (in target 'React-RCTFBReactNativeSpec' from project 'Pods')
PhaseScriptExecution [CP-User]\ [RN]Check\ FBReactNativeSpec /Users/myfuckingmacbookair/Documents/GitHub/bindery/ios/build/Build/Intermediates.noindex/Pods.build/Release-iphonesimulator/React-RCTFBReactNativeSpec.build/Script-46EB2E0001B590.sh (in target 'React-RCTFBReactNativeSpec' from project 'Pods')
    cd /Users/myfuckingmacbookair/Documents/GitHub/bindery/ios/Pods
    export ACTION\=build
    export AD_HOC_CODE_SIGNING_ALLOWED\=YES
    export ALLOW_BUILD_REQUEST_OVERRIDES\=NO
    export ALLOW_TARGET_PLATFORM_SPECIALIZATION\=NO
    export ALTERNATE_GROUP\=staff
    export ALTERNATE_MODE\=u+w,go-w,a+rX
    export ALTERNATE_OWNER\=myfuckingmacbookair
    export ALTERNATIVE_DISTRIBUTION_WEB\=NO
    export ALWAYS_EMBED_SWIFT_STANDARD_LIBRARIES\=NO
    export ALWAYS_SEARCH_USER_PATHS\=NO
    export ALWAYS_USE_SEPARATE_HEADERMAPS\=NO
    export ANDROID_DEPLOYMENT_TARGET\=21.0
    export APPLICATION_EXTENSION_API_ONLY\=NO
    export APPLY_RULES_IN_COPY_FILES\=NO
    export APPLY_RULES_IN_COPY_HEADERS\=NO
    export APP_SHORTCUTS_ENABLE_FLEXIBLE_MATCHING\=YES
    export ARCHS\=arm64\ x86_64
    export ARCHS_STANDARD\=arm64\ x86_64
    export ARCHS_STANDARD_32_64_BIT\=arm64\ x86_64
    export ARCHS_STANDARD_64_BIT\=arm64\ x86_64
    export ARCHS_STANDARD_INCLUDING_64_BIT\=arm64\ x86_64
    export ARCHS_UNIVERSAL_IPHONE_OS\=arm64\ x86_64
    export ASSETCATALOG_COMPILER_APPICON_NAME\=AppIcon
    export ASSETCATALOG_COMPILER_GLOBAL_ACCENT_COLOR_NAME\=AccentColor
    export ASSETCATALOG_FILTER_FOR_DEVICE_MODEL\=iPhone18,1
    export ASSETCATALOG_FILTER_FOR_DEVICE_OS_VERSION\=26.0.1
    export ASSETCATALOG_FILTER_FOR_THINNING_DEVICE_CONFIGURATION\=iPhone18,1
    export AUTOMATICALLY_MERGE_DEPENDENCIES\=NO
    export AUTOMATION_APPLE_EVENTS\=NO
    export AVAILABLE_PLATFORMS\=android\ appletvos\ appletvsimulator\ driverkit\ iphoneos\ iphonesimulator\ macosx\ qnx\ watchos\ watchsimulator\ webassembly\ xros\ xrsimulator
    export BUILD_ACTIVE_RESOURCES_ONLY\=YES
    export BUILD_COMPONENTS\=headers\ build
    export BUILD_DIR\=/Users/myfuckingmacbookair/Documents/GitHub/bindery/ios/build/Build/Products
    export BUILD_LIBRARY_FOR_DISTRIBUTION\=NO
    export BUILD_ROOT\=/Users/myfuckingmacbookair/Documents/GitHub/bindery/ios/build/Build/Products
    export BUILD_STYLE\=
    export BUILD_VARIANTS\=normal
    export BUILT_PRODUCTS_DIR\=/Users/myfuckingmacbookair/Documents/GitHub/bindery/ios/build/Build/Products/Release-iphonesimulator/React-RCTFBReactNativeSpec
    export BUNDLE_CONTENTS_FOLDER_PATH_deep\=Contents/
    export BUNDLE_EXECUTABLE_FOLDER_NAME_deep\=MacOS
    export BUNDLE_EXTENSIONS_FOLDER_PATH\=Extensions
    export BUNDLE_FORMAT\=shallow
    export BUNDLE_FRAMEWORKS_FOLDER_PATH\=Frameworks
    export BUNDLE_PLUGINS_FOLDER_PATH\=PlugIns
    export BUNDLE_PRIVATE_HEADERS_FOLDER_PATH\=PrivateHeaders
    export BUNDLE_PUBLIC_HEADERS_FOLDER_PATH\=Headers
    export CACHE_ROOT\=/var/folders/p3/qv3pwhyn1njgqlcyk_px59gr0000gn/C/com.apple.DeveloperTools/26.0.1-17A400/Xcode
    export CCHROOT\=/var/folders/p3/qv3pwhyn1njgqlcyk_px59gr0000gn/C/com.apple.DeveloperTools/26.0.1-17A400/Xcode
    export CHMOD\=/bin/chmod
    export CHOWN\=/usr/sbin/chown
    export CLANG_ANALYZER_LOCALIZABILITY_NONLOCALIZED\=YES
    export CLANG_ANALYZER_NONNULL\=YES
    export CLANG_ANALYZER_NUMBER_OBJECT_CONVERSION\=YES_AGGRESSIVE
    export CLANG_CACHE_FINE_GRAINED_OUTPUTS\=YES
    export CLANG_CXX_LANGUAGE_STANDARD\=c++20
    export CLANG_CXX_LIBRARY\=libc++
    export CLANG_ENABLE_EXPLICIT_MODULES\=YES
    export CLANG_ENABLE_MODULES\=YES
    export CLANG_ENABLE_OBJC_ARC\=YES
    export CLANG_ENABLE_OBJC_WEAK\=NO
    export CLANG_MODULES_BUILD_SESSION_FILE\=/Users/myfuckingmacbookair/Documents/GitHub/bindery/ios/build/ModuleCache.noindex/Session.modulevalidation
    export CLANG_WARN_BLOCK_CAPTURE_AUTORELEASING\=YES
    export CLANG_WARN_BOOL_CONVERSION\=YES
    export CLANG_WARN_COMMA\=YES
    export CLANG_WARN_CONSTANT_CONVERSION\=YES
    export CLANG_WARN_DEPRECATED_OBJC_IMPLEMENTATIONS\=YES
    export CLANG_WARN_DIRECT_OBJC_ISA_USAGE\=YES_ERROR
    export CLANG_WARN_DOCUMENTATION_COMMENTS\=YES
    export CLANG_WARN_EMPTY_BODY\=YES
    export CLANG_WARN_ENUM_CONVERSION\=YES
    export CLANG_WARN_INFINITE_RECURSION\=YES
    export CLANG_WARN_INT_CONVERSION\=YES
    export CLANG_WARN_NON_LITERAL_NULL_CONVERSION\=YES
    export CLANG_WARN_OBJC_IMPLICIT_RETAIN_SELF\=YES
    export CLANG_WARN_OBJC_LITERAL_CONVERSION\=YES
    export CLANG_WARN_OBJC_ROOT_CLASS\=YES_ERROR
    export CLANG_WARN_QUOTED_INCLUDE_IN_FRAMEWORK_HEADER\=NO
    export CLANG_WARN_RANGE_LOOP_ANALYSIS\=YES
    export CLANG_WARN_STRICT_PROTOTYPES\=YES
    export CLANG_WARN_SUSPICIOUS_MOVE\=YES
    export CLANG_WARN_UNGUARDED_AVAILABILITY\=YES_AGGRESSIVE
    export CLANG_WARN_UNREACHABLE_CODE\=YES
    export CLANG_WARN__DUPLICATE_METHOD_MATCH\=YES
    export CLASS_FILE_DIR\=/Users/myfuckingmacbookair/Documents/GitHub/bindery/ios/build/Build/Intermediates.noindex/Pods.build/Release-iphonesimulator/React-RCTFBReactNativeSpec.build/JavaClasses
    export CLEAN_PRECOMPS\=YES
    export CLONE_HEADERS\=NO
    export CODESIGNING_FOLDER_PATH\=/Users/myfuckingmacbookair/Documents/GitHub/bindery/ios/build/Build/Products/Release-iphonesimulator/React-RCTFBReactNativeSpec/
    export CODE_SIGNING_ALLOWED\=NO
    export CODE_SIGNING_REQUIRED\=YES
    export CODE_SIGN_CONTEXT_CLASS\=XCiPhoneSimulatorCodeSignContext
    export CODE_SIGN_IDENTITY\=-
    export CODE_SIGN_INJECT_BASE_ENTITLEMENTS\=YES
    export COLOR_DIAGNOSTICS\=NO
    export COMBINE_HIDPI_IMAGES\=NO
    export COMPILATION_CACHE_CAS_PATH\=/Users/myfuckingmacbookair/Documents/GitHub/bindery/ios/build/CompilationCache.noindex
    export COMPILATION_CACHE_KEEP_CAS_DIRECTORY\=YES
    export COMPILER_INDEX_STORE_ENABLE\=Default
    export COMPOSITE_SDK_DIRS\=/Users/myfuckingmacbookair/Documents/GitHub/bindery/ios/build/Build/Intermediates.noindex/CompositeSDKs
    export COMPRESS_PNG_FILES\=YES
    export CONFIGURATION\=Release
    export CONFIGURATION_BUILD_DIR\=/Users/myfuckingmacbookair/Documents/GitHub/bindery/ios/build/Build/Products/Release-iphonesimulator/React-RCTFBReactNativeSpec
    export CONFIGURATION_TEMP_DIR\=/Users/myfuckingmacbookair/Documents/GitHub/bindery/ios/build/Build/Intermediates.noindex/Pods.build/Release-iphonesimulator
    export COPYING_PRESERVES_HFS_DATA\=NO
    export COPY_HEADERS_RUN_UNIFDEF\=NO
    export COPY_PHASE_STRIP\=NO
    export CORRESPONDING_DEVICE_PLATFORM_DIR\=/Applications/Xcode.app/Contents/Developer/Platforms/iPhoneOS.platform
    export CORRESPONDING_DEVICE_PLATFORM_NAME\=iphoneos
    export CORRESPONDING_DEVICE_SDK_DIR\=/Applications/Xcode.app/Contents/Developer/Platforms/iPhoneOS.platform/Developer/SDKs/iPhoneOS26.0.sdk
    export CORRESPONDING_DEVICE_SDK_NAME\=iphoneos26.0
    export CP\=/bin/cp
    export CREATE_INFOPLIST_SECTION_IN_BINARY\=NO
    export CURRENT_ARCH\=undefined_arch
    export CURRENT_VARIANT\=normal
    export DEAD_CODE_STRIPPING\=YES
    export DEBUGGING_SYMBOLS\=YES
    export DEBUG_INFORMATION_FORMAT\=dwarf-with-dsym
    export DEBUG_INFORMATION_VERSION\=compiler-default
    export DEFAULT_COMPILER\=com.apple.compilers.llvm.clang.1_0
    export DEFAULT_DEXT_INSTALL_PATH\=/System/Library/DriverExtensions
    export DEFAULT_KEXT_INSTALL_PATH\=/System/Library/Extensions
    export DEFINES_MODULE\=NO
    export DEPLOYMENT_LOCATION\=NO
    export DEPLOYMENT_POSTPROCESSING\=NO
    export DEPLOYMENT_TARGET_SETTING_NAME\=IPHONEOS_DEPLOYMENT_TARGET
    export DEPLOYMENT_TARGET_SUGGESTED_VALUES\=12.0\ 12.1\ 12.2\ 12.3\ 12.4\ 13.0\ 13.1\ 13.2\ 13.3\ 13.4\ 13.5\ 13.6\ 14.0\ 14.1\ 14.2\ 14.3\ 14.4\ 14.5\ 14.6\ 14.7\ 15.0\ 15.1\ 15.2\ 15.3\ 15.4\ 15.5\ 15.6\ 16.0\ 16.1\ 16.2\ 16.3\ 16.4\ 16.5\ 16.6\ 17.0\ 17.1\ 17.2\ 17.3\ 17.4\ 17.5\ 17.6\ 18.0\ 18.1\ 18.2\ 18.3\ 18.4\ 18.5\ 18.6\ 26.0
    export DERIVED_FILES_DIR\=/Users/myfuckingmacbookair/Documents/GitHub/bindery/ios/build/Build/Intermediates.noindex/Pods.build/Release-iphonesimulator/React-RCTFBReactNativeSpec.build/DerivedSources
    export DERIVED_FILE_DIR\=/Users/myfuckingmacbookair/Documents/GitHub/bindery/ios/build/Build/Intermediates.noindex/Pods.build/Release-iphonesimulator/React-RCTFBReactNativeSpec.build/DerivedSources
    export DERIVED_SOURCES_DIR\=/Users/myfuckingmacbookair/Documents/GitHub/bindery/ios/build/Build/Intermediates.noindex/Pods.build/Release-iphonesimulator/React-RCTFBReactNativeSpec.build/DerivedSources
    export DEVELOPER_APPLICATIONS_DIR\=/Applications/Xcode.app/Contents/Developer/Applications
    export DEVELOPER_BIN_DIR\=/Applications/Xcode.app/Contents/Developer/usr/bin
    export DEVELOPER_DIR\=/Applications/Xcode.app/Contents/Developer
    export DEVELOPER_FRAMEWORKS_DIR\=/Applications/Xcode.app/Contents/Developer/Library/Frameworks
    export DEVELOPER_FRAMEWORKS_DIR_QUOTED\=/Applications/Xcode.app/Contents/Developer/Library/Frameworks
    export DEVELOPER_LIBRARY_DIR\=/Applications/Xcode.app/Contents/Developer/Library
    export DEVELOPER_SDK_DIR\=/Applications/Xcode.app/Contents/Developer/Platforms/MacOSX.platform/Developer/SDKs
    export DEVELOPER_TOOLS_DIR\=/Applications/Xcode.app/Contents/Developer/Tools
    export DEVELOPER_USR_DIR\=/Applications/Xcode.app/Contents/Developer/usr
    export DEVELOPMENT_LANGUAGE\=en
    export DIAGNOSE_MISSING_TARGET_DEPENDENCIES\=YES
    export DIFF\=/usr/bin/diff
    export DONT_GENERATE_INFOPLIST_FILE\=NO
    export DSTROOT\=/tmp/Pods.dst
    export DT_TOOLCHAIN_DIR\=/Applications/Xcode.app/Contents/Developer/Toolchains/XcodeDefault.xctoolchain
    export DWARF_DSYM_FILE_NAME\=.dSYM
    export DWARF_DSYM_FILE_SHOULD_ACCOMPANY_PRODUCT\=NO
    export DWARF_DSYM_FOLDER_PATH\=/Users/myfuckingmacbookair/Documents/GitHub/bindery/ios/build/Build/Products/Release-iphonesimulator/React-RCTFBReactNativeSpec
    export DYNAMIC_LIBRARY_EXTENSION\=dylib
    export EAGER_COMPILATION_ALLOW_SCRIPTS\=NO
    export EAGER_LINKING\=NO
    export EFFECTIVE_PLATFORM_NAME\=-iphonesimulator
    export EMBEDDED_CONTENT_CONTAINS_SWIFT\=NO
    export EMBED_ASSET_PACKS_IN_PRODUCT_BUNDLE\=NO
    export ENABLE_APP_SANDBOX\=NO
    export ENABLE_CODE_COVERAGE\=YES
    export ENABLE_CPLUSPLUS_BOUNDS_SAFE_BUFFERS\=NO
    export ENABLE_C_BOUNDS_SAFETY\=NO
    export ENABLE_DEBUG_DYLIB\=NO
    export ENABLE_DEFAULT_HEADER_SEARCH_PATHS\=YES
    export ENABLE_DEFAULT_SEARCH_PATHS\=YES
    export ENABLE_ENHANCED_SECURITY\=NO
    export ENABLE_HARDENED_RUNTIME\=NO
    export ENABLE_HEADER_DEPENDENCIES\=YES
    export ENABLE_INCOMING_NETWORK_CONNECTIONS\=NO
    export ENABLE_NS_ASSERTIONS\=NO
    export ENABLE_ON_DEMAND_RESOURCES\=NO
    export ENABLE_OUTGOING_NETWORK_CONNECTIONS\=NO
    export ENABLE_POINTER_AUTHENTICATION\=NO
    export ENABLE_PREVIEWS\=NO
    export ENABLE_RESOURCE_ACCESS_AUDIO_INPUT\=NO
    export ENABLE_RESOURCE_ACCESS_BLUETOOTH\=NO
    export ENABLE_RESOURCE_ACCESS_CALENDARS\=NO
    export ENABLE_RESOURCE_ACCESS_CAMERA\=NO
    export ENABLE_RESOURCE_ACCESS_CONTACTS\=NO
    export ENABLE_RESOURCE_ACCESS_LOCATION\=NO
    export ENABLE_RESOURCE_ACCESS_PHOTO_LIBRARY\=NO
    export ENABLE_RESOURCE_ACCESS_PRINTING\=NO
    export ENABLE_RESOURCE_ACCESS_USB\=NO
    export ENABLE_SDK_IMPORTS\=NO
    export ENABLE_SECURITY_COMPILER_WARNINGS\=NO
    export ENABLE_STRICT_OBJC_MSGSEND\=YES
    export ENABLE_TESTABILITY\=NO
    export ENABLE_TESTING_SEARCH_PATHS\=NO
    export ENABLE_USER_SCRIPT_SANDBOXING\=NO
    export ENABLE_XOJIT_PREVIEWS\=NO
    export ENFORCE_VALID_ARCHS\=YES
    export ENTITLEMENTS_DESTINATION\=__entitlements
    export ENTITLEMENTS_REQUIRED\=YES
    export EXCLUDED_INSTALLSRC_SUBDIRECTORY_PATTERNS\=.DS_Store\ .svn\ .git\ .hg\ CVS
    export EXCLUDED_RECURSIVE_SEARCH_PATH_SUBDIRECTORIES\=\*.nib\ \*.lproj\ \*.framework\ \*.gch\ \*.xcode\*\ \*.xcassets\ \*.icon\ \(\*\)\ .DS_Store\ CVS\ .svn\ .git\ .hg\ \*.pbproj\ \*.pbxproj
    export FILE_LIST\=/Users/myfuckingmacbookair/Documents/GitHub/bindery/ios/build/Build/Intermediates.noindex/Pods.build/Release-iphonesimulator/React-RCTFBReactNativeSpec.build/Objects/LinkFileList
    export FIXED_FILES_DIR\=/Users/myfuckingmacbookair/Documents/GitHub/bindery/ios/build/Build/Intermediates.noindex/Pods.build/Release-iphonesimulator/React-RCTFBReactNativeSpec.build/FixedFiles
    export FRAMEWORK_SEARCH_PATHS\=\ \"/Users/myfuckingmacbookair/Documents/GitHub/bindery/ios/Pods/React-Core-prebuilt\"\ \"/Users/myfuckingmacbookair/Documents/GitHub/bindery/ios/Pods/ReactNativeDependencies/framework/packages/react-native\"\ \"/Users/myfuckingmacbookair/Documents/GitHub/bindery/ios/Pods/hermes-engine/destroot/Library/Frameworks/universal\"\ \"/Users/myfuckingmacbookair/Documents/GitHub/bindery/ios/build/Build/Products/Release-iphonesimulator/XCFrameworkIntermediates/React-Core-prebuilt\"\ \"/Users/myfuckingmacbookair/Documents/GitHub/bindery/ios/build/Build/Products/Release-iphonesimulator/XCFrameworkIntermediates/ReactNativeDependencies\"\ \"/Users/myfuckingmacbookair/Documents/GitHub/bindery/ios/build/Build/Products/Release-iphonesimulator/XCFrameworkIntermediates/hermes-engine/Pre-built\"
    export FRAMEWORK_VERSION\=A
    export FUSE_BUILD_PHASES\=YES
    export FUSE_BUILD_SCRIPT_PHASES\=NO
    export GCC3_VERSION\=3.3
    export GCC_C_LANGUAGE_STANDARD\=gnu11
    export GCC_NO_COMMON_BLOCKS\=YES
    export GCC_OBJC_LEGACY_DISPATCH\=YES
    export GCC_PFE_FILE_C_DIALECTS\=c\ objective-c\ c++\ objective-c++
    export GCC_PREPROCESSOR_DEFINITIONS\=POD_CONFIGURATION_RELEASE\=1\ \ COCOAPODS\=1
    export GCC_TREAT_WARNINGS_AS_ERRORS\=NO
    export GCC_VERSION\=com.apple.compilers.llvm.clang.1_0
    export GCC_VERSION_IDENTIFIER\=com_apple_compilers_llvm_clang_1_0
    export GCC_WARN_64_TO_32_BIT_CONVERSION\=YES
    export GCC_WARN_ABOUT_RETURN_TYPE\=YES_ERROR
    export GCC_WARN_UNDECLARED_SELECTOR\=YES
    export GCC_WARN_UNINITIALIZED_AUTOS\=YES_AGGRESSIVE
    export GCC_WARN_UNUSED_FUNCTION\=YES
    export GCC_WARN_UNUSED_VARIABLE\=YES
    export GENERATED_MODULEMAP_DIR\=/Users/myfuckingmacbookair/Documents/GitHub/bindery/ios/build/Build/Intermediates.noindex/GeneratedModuleMaps-iphonesimulator
    export GENERATE_INFOPLIST_FILE\=NO
    export GENERATE_INTERMEDIATE_TEXT_BASED_STUBS\=YES
    export GENERATE_PKGINFO_FILE\=NO
    export GENERATE_PRELINK_OBJECT_FILE\=NO
    export GENERATE_PROFILING_CODE\=NO
    export GENERATE_TEXT_BASED_STUBS\=NO
    export GID\=20
    export GROUP\=staff
    export HEADERMAP_INCLUDES_FLAT_ENTRIES_FOR_TARGET_BEING_BUILT\=YES
    export HEADERMAP_INCLUDES_FRAMEWORK_ENTRIES_FOR_ALL_PRODUCT_TYPES\=YES
    export HEADERMAP_INCLUDES_FRAMEWORK_ENTRIES_FOR_TARGETS_NOT_BEING_BUILT\=YES
    export HEADERMAP_INCLUDES_NONPUBLIC_NONPRIVATE_HEADERS\=YES
    export HEADERMAP_INCLUDES_PROJECT_HEADERS\=YES
    export HEADERMAP_USES_FRAMEWORK_PREFIX_ENTRIES\=YES
    export HEADERMAP_USES_VFS\=NO
    export HEADER_SEARCH_PATHS\=\ \"/Users/myfuckingmacbookair/Documents/GitHub/bindery/ios/Pods/Headers/Private\"\ \"/Users/myfuckingmacbookair/Documents/GitHub/bindery/ios/Pods/Headers/Private/React-RCTFBReactNativeSpec\"\ \"/Users/myfuckingmacbookair/Documents/GitHub/bindery/ios/Pods/Headers/Public\"\ \"/Users/myfuckingmacbookair/Documents/GitHub/bindery/ios/Pods/Headers/Public/FBLazyVector\"\ \"/Users/myfuckingmacbookair/Documents/GitHub/bindery/ios/Pods/Headers/Public/RCTDeprecation\"\ \"/Users/myfuckingmacbookair/Documents/GitHub/bindery/ios/Pods/Headers/Public/RCTRequired\"\ \"/Users/myfuckingmacbookair/Documents/GitHub/bindery/ios/Pods/Headers/Public/RCTTypeSafety\"\ \"/Users/myfuckingmacbookair/Documents/GitHub/bindery/ios/Pods/Headers/Public/React-Core\"\ \"/Users/myfuckingmacbookair/Documents/GitHub/bindery/ios/Pods/Headers/Public/React-Core-prebuilt\"\ \"/Users/myfuckingmacbookair/Documents/GitHub/bindery/ios/Pods/Headers/Public/React-Fabric\"\ \"/Users/myfuckingmacbookair/Documents/GitHub/bindery/ios/Pods/Headers/Public/React-NativeModulesApple\"\ \"/Users/myfuckingmacbookair/Documents/GitHub/bindery/ios/Pods/Headers/Public/React-RCTFBReactNativeSpec\"\ \"/Users/myfuckingmacbookair/Documents/GitHub/bindery/ios/Pods/Headers/Public/React-callinvoker\"\ \"/Users/myfuckingmacbookair/Documents/GitHub/bindery/ios/Pods/Headers/Public/React-cxxreact\"\ \"/Users/myfuckingmacbookair/Documents/GitHub/bindery/ios/Pods/Headers/Public/React-debug\"\ \"/Users/myfuckingmacbookair/Documents/GitHub/bindery/ios/Pods/Headers/Public/React-featureflags\"\ \"/Users/myfuckingmacbookair/Documents/GitHub/bindery/ios/Pods/Headers/Public/React-graphics\"\ \"/Users/myfuckingmacbookair/Documents/GitHub/bindery/ios/Pods/Headers/Public/React-hermes\"\ \"/Users/myfuckingmacbookair/Documents/GitHub/bindery/ios/Pods/Headers/Public/React-jserrorhandler\"\ \"/Users/myfuckingmacbookair/Documents/GitHub/bindery/ios/Pods/Headers/Public/React-jsi\"\ \"/Users/myfuckingmacbookair/Documents/GitHub/bindery/ios/Pods/Headers/Public/React-jsiexecutor\"\ \"/Users/myfuckingmacbookair/Documents/GitHub/bindery/ios/Pods/Headers/Public/React-jsinspector\"\ \"/Users/myfuckingmacbookair/Documents/GitHub/bindery/ios/Pods/Headers/Public/React-jsinspectorcdp\"\ \"/Users/myfuckingmacbookair/Documents/GitHub/bindery/ios/Pods/Headers/Public/React-jsinspectornetwork\"\ \"/Users/myfuckingmacbookair/Documents/GitHub/bindery/ios/Pods/Headers/Public/React-jsinspectortracing\"\ \"/Users/myfuckingmacbookair/Documents/GitHub/bindery/ios/Pods/Headers/Public/React-jsitooling\"\ \"/Users/myfuckingmacbookair/Documents/GitHub/bindery/ios/Pods/Headers/Public/React-logger\"\ \"/Users/myfuckingmacbookair/Documents/GitHub/bindery/ios/Pods/Headers/Public/React-oscompat\"\ \"/Users/myfuckingmacbookair/Documents/GitHub/bindery/ios/Pods/Headers/Public/React-perflogger\"\ \"/Users/myfuckingmacbookair/Documents/GitHub/bindery/ios/Pods/Headers/Public/React-performancecdpmetrics\"\ \"/Users/myfuckingmacbookair/Documents/GitHub/bindery/ios/Pods/Headers/Public/React-performancetimeline\"\ \"/Users/myfuckingmacbookair/Documents/GitHub/bindery/ios/Pods/Headers/Public/React-rendererconsistency\"\ \"/Users/myfuckingmacbookair/Documents/GitHub/bindery/ios/Pods/Headers/Public/React-renderercss\"\ \"/Users/myfuckingmacbookair/Documents/GitHub/bindery/ios/Pods/Headers/Public/React-rendererdebug\"\ \"/Users/myfuckingmacbookair/Documents/GitHub/bindery/ios/Pods/Headers/Public/React-runtimeexecutor\"\ \"/Users/myfuckingmacbookair/Documents/GitHub/bindery/ios/Pods/Headers/Public/React-runtimescheduler\"\ \"/Users/myfuckingmacbookair/Documents/GitHub/bindery/ios/Pods/Headers/Public/React-timing\"\ \"/Users/myfuckingmacbookair/Documents/GitHub/bindery/ios/Pods/Headers/Public/React-utils\"\ \"/Users/myfuckingmacbookair/Documents/GitHub/bindery/ios/Pods/Headers/Public/ReactCommon\"\ \"/Users/myfuckingmacbookair/Documents/GitHub/bindery/ios/Pods/Headers/Public/ReactNativeDependencies\"\ \"/Users/myfuckingmacbookair/Documents/GitHub/bindery/ios/Pods/Headers/Public/Yoga\"\ \"/Users/myfuckingmacbookair/Documents/GitHub/bindery/ios/Pods/Headers/Public/hermes-engine\"\ \"/Users/myfuckingmacbookair/Documents/GitHub/bindery/ios/Pods/../../node_modules/react-native/React/FBReactNativeSpec\"\ \"/Users/myfuckingmacbookair/Documents/GitHub/bindery/ios/Pods/Headers/Private/Yoga\"\ \"/Users/myfuckingmacbookair/Documents/GitHub/bindery/ios/Pods/ReactCommon\"\ \"/Users/myfuckingmacbookair/Documents/GitHub/bindery/ios/Pods/ReactCommon/react/nativemodule/core\"\ \"/Users/myfuckingmacbookair/Documents/GitHub/bindery/ios/Pods/ReactCommon\"\ \"/Users/myfuckingmacbookair/Documents/GitHub/bindery/ios/Pods/ReactCommon/react/nativemodule/bridging\"\ \"/Users/myfuckingmacbookair/Documents/GitHub/bindery/ios/Pods/../../node_modules/react-native/React/FBReactNativeSpec\"\ \"/Users/myfuckingmacbookair/Documents/GitHub/bindery/ios/Pods/Headers/Private/Yoga\"\ \"/Users/myfuckingmacbookair/Documents/GitHub/bindery/ios/Pods/ReactCommon\"\ \"/Users/myfuckingmacbookair/Documents/GitHub/bindery/ios/Pods/ReactCommon/react/nativemodule/core\"\ \"/Users/myfuckingmacbookair/Documents/GitHub/bindery/ios/Pods/ReactCommon\"\ \"/Users/myfuckingmacbookair/Documents/GitHub/bindery/ios/Pods/ReactCommon/react/nativemodule/bridging\"\ \"/Users/myfuckingmacbookair/Documents/GitHub/bindery/ios/Pods/React-featureflags\"\ \"/Users/myfuckingmacbookair/Documents/GitHub/bindery/ios/Pods/React-debug\"\ \"/Users/myfuckingmacbookair/Documents/GitHub/bindery/ios/Pods/React-rendererdebug\"\ \"/Users/myfuckingmacbookair/Documents/GitHub/bindery/ios/Pods/React-utils\"\ \"/Users/myfuckingmacbookair/Documents/GitHub/bindery/ios/Pods/React-graphics\"\ \"/Users/myfuckingmacbookair/Documents/GitHub/bindery/ios/Pods/React-graphics/react/renderer/graphics/platform/ios\"\ \"/Users/myfuckingmacbookair/Documents/GitHub/bindery/ios/Pods/React-Fabric\"\ \"/Users/myfuckingmacbookair/Documents/GitHub/bindery/ios/Pods/React-Fabric/react/renderer/components/view/platform/cxx\"\ \"/Users/myfuckingmacbookair/Documents/GitHub/bindery/ios/Pods/ExpoModulesCore/ExpoModulesCore.xcframework/ios-arm64_x86_64-simulator/ExpoModulesCore.framework/Headers\"\ \"/Users/myfuckingmacbookair/Documents/GitHub/bindery/ios/Pods/ExpoModulesCore/ExpoModulesCore.xcframework/ios-arm64/ExpoModulesCore.framework/Headers\"\ \"/Users/myfuckingmacbookair/Documents/GitHub/bindery/ios/Pods/ExpoModulesCore/ExpoModulesCore.xcframework/ios-arm64_x86_64-simulator/ExpoModulesCore.framework/Headers\"\ \"/Users/myfuckingmacbookair/Documents/GitHub/bindery/ios/Pods/ExpoModulesCore/ExpoModulesCore.xcframework/ios-arm64/ExpoModulesCore.framework/Headers\"
    export HOME\=/Users/myfuckingmacbookair
    export HOST_ARCH\=x86_64
    export HOST_PLATFORM\=macosx
    export ICONV\=/usr/bin/iconv
    export IMPLICIT_DEPENDENCY_DOMAIN\=default
    export INFOPLIST_ENABLE_CFBUNDLEICONS_MERGE\=YES
    export INFOPLIST_EXPAND_BUILD_SETTINGS\=YES
    export INFOPLIST_OUTPUT_FORMAT\=binary
    export INFOPLIST_PREPROCESS\=NO
    export INLINE_PRIVATE_FRAMEWORKS\=NO
    export INSTALLAPI_IGNORE_SKIP_INSTALL\=YES
    export INSTALLHDRS_COPY_PHASE\=NO
    export INSTALLHDRS_SCRIPT_PHASE\=NO
    export INSTALL_DIR\=/tmp/Pods.dst
    export INSTALL_GROUP\=staff
    export INSTALL_MODE_FLAG\=u+w,go-w,a+rX
    export INSTALL_OWNER\=myfuckingmacbookair
    export INSTALL_ROOT\=/tmp/Pods.dst
    export IPHONEOS_DEPLOYMENT_TARGET\=15.1
    export IS_UNOPTIMIZED_BUILD\=NO
    export JAVAC_DEFAULT_FLAGS\=-J-Xms64m\ -J-XX:NewSize\=4M\ -J-Dfile.encoding\=UTF8
    export JAVA_APP_STUB\=/System/Library/Frameworks/JavaVM.framework/Resources/MacOS/JavaApplicationStub
    export JAVA_ARCHIVE_CLASSES\=YES
    export JAVA_ARCHIVE_TYPE\=JAR
    export JAVA_COMPILER\=/usr/bin/javac
    export JAVA_FRAMEWORK_RESOURCES_DIRS\=Resources
    export JAVA_JAR_FLAGS\=cv
    export JAVA_SOURCE_SUBDIR\=.
    export JAVA_USE_DEPENDENCIES\=YES
    export JAVA_ZIP_FLAGS\=-urg
    export JIKES_DEFAULT_FLAGS\=+E\ +OLDCSO
    export KEEP_PRIVATE_EXTERNS\=NO
    export LD_DEPENDENCY_INFO_FILE\=/Users/myfuckingmacbookair/Documents/GitHub/bindery/ios/build/Build/Intermediates.noindex/Pods.build/Release-iphonesimulator/React-RCTFBReactNativeSpec.build/Objects-normal/undefined_arch/React-RCTFBReactNativeSpec_dependency_info.dat
    export LD_EXPORT_SYMBOLS\=YES
    export LD_GENERATE_MAP_FILE\=NO
    export LD_MAP_FILE_PATH\=/Users/myfuckingmacbookair/Documents/GitHub/bindery/ios/build/Build/Intermediates.noindex/Pods.build/Release-iphonesimulator/React-RCTFBReactNativeSpec.build/React-RCTFBReactNativeSpec-LinkMap-normal-undefined_arch.txt
    export LD_NO_PIE\=NO
    export LD_QUOTE_LINKER_ARGUMENTS_FOR_COMPILER_DRIVER\=YES
    export LD_RUNPATH_SEARCH_PATHS\=\ @executable_path/Frameworks
    export LD_SHARED_CACHE_ELIGIBLE\=Automatic
    export LD_WARN_DUPLICATE_LIBRARIES\=NO
    export LD_WARN_UNUSED_DYLIBS\=NO
    export LEGACY_DEVELOPER_DIR\=/Applications/Xcode.app/Contents/PlugIns/Xcode3Core.ideplugin/Contents/SharedSupport/Developer
    export LEX\=lex
    export LIBRARY_DEXT_INSTALL_PATH\=/Library/DriverExtensions
    export LIBRARY_FLAG_NOSPACE\=YES
    export LIBRARY_KEXT_INSTALL_PATH\=/Library/Extensions
    export LINKER_DISPLAYS_MANGLED_NAMES\=NO
    export LINK_FILE_LIST_normal_arm64\=/Users/myfuckingmacbookair/Documents/GitHub/bindery/ios/build/Build/Intermediates.noindex/Pods.build/Release-iphonesimulator/React-RCTFBReactNativeSpec.build/Objects-normal/arm64/React-RCTFBReactNativeSpec.LinkFileList
    export LINK_FILE_LIST_normal_x86_64\=/Users/myfuckingmacbookair/Documents/GitHub/bindery/ios/build/Build/Intermediates.noindex/Pods.build/Release-iphonesimulator/React-RCTFBReactNativeSpec.build/Objects-normal/x86_64/React-RCTFBReactNativeSpec.LinkFileList
    export LINK_OBJC_RUNTIME\=YES
    export LINK_WITH_STANDARD_LIBRARIES\=YES
    export LLVM_TARGET_TRIPLE_OS_VERSION\=ios15.1
    export LLVM_TARGET_TRIPLE_SUFFIX\=-simulator
    export LLVM_TARGET_TRIPLE_VENDOR\=apple
    export LM_AUX_CONST_METADATA_LIST_PATH_normal_arm64\=/Users/myfuckingmacbookair/Documents/GitHub/bindery/ios/build/Build/Intermediates.noindex/Pods.build/Release-iphonesimulator/React-RCTFBReactNativeSpec.build/Objects-normal/arm64/React-RCTFBReactNativeSpec.SwiftConstValuesFileList
    export LM_AUX_CONST_METADATA_LIST_PATH_normal_x86_64\=/Users/myfuckingmacbookair/Documents/GitHub/bindery/ios/build/Build/Intermediates.noindex/Pods.build/Release-iphonesimulator/React-RCTFBReactNativeSpec.build/Objects-normal/x86_64/React-RCTFBReactNativeSpec.SwiftConstValuesFileList
    export LOCALIZATION_EXPORT_SUPPORTED\=YES
    export LOCALIZATION_PREFERS_STRING_CATALOGS\=NO
    export LOCALIZED_STRING_MACRO_NAMES\=NSLocalizedString\ CFCopyLocalizedString
    export LOCALIZED_STRING_SWIFTUI_SUPPORT\=YES
    export LOCAL_ADMIN_APPS_DIR\=/Applications/Utilities
    export LOCAL_APPS_DIR\=/Applications
    export LOCAL_DEVELOPER_DIR\=/Library/Developer
    export LOCAL_LIBRARY_DIR\=/Library
    export LOCROOT\=/Users/myfuckingmacbookair/Documents/GitHub/bindery/ios/Pods
    export LOCSYMROOT\=/Users/myfuckingmacbookair/Documents/GitHub/bindery/ios/Pods
    export MAC_OS_X_PRODUCT_BUILD_VERSION\=25F80
    export MAC_OS_X_VERSION_ACTUAL\=260501
    export MAC_OS_X_VERSION_MAJOR\=260000
    export MAC_OS_X_VERSION_MINOR\=260500
    export MAKE_MERGEABLE\=NO
    export MERGEABLE_LIBRARY\=NO
    export MERGED_BINARY_TYPE\=none
    export MERGE_LINKED_LIBRARIES\=NO
    export METAL_LIBRARY_FILE_BASE\=default
    export METAL_LIBRARY_OUTPUT_DIR\=/Users/myfuckingmacbookair/Documents/GitHub/bindery/ios/build/Build/Products/Release-iphonesimulator/React-RCTFBReactNativeSpec/
    export MODULE_CACHE_DIR\=/Users/myfuckingmacbookair/Documents/GitHub/bindery/ios/build/ModuleCache.noindex
    export MTL_ENABLE_DEBUG_INFO\=NO
    export MTL_FAST_MATH\=YES
    export NATIVE_ARCH\=x86_64
    export NATIVE_ARCH_32_BIT\=i386
    export NATIVE_ARCH_64_BIT\=x86_64
    export NATIVE_ARCH_ACTUAL\=x86_64
    export NO_COMMON\=YES
    export OBJC_ABI_VERSION\=2
    export OBJECT_FILE_DIR\=/Users/myfuckingmacbookair/Documents/GitHub/bindery/ios/build/Build/Intermediates.noindex/Pods.build/Release-iphonesimulator/React-RCTFBReactNativeSpec.build/Objects
    export OBJECT_FILE_DIR_normal\=/Users/myfuckingmacbookair/Documents/GitHub/bindery/ios/build/Build/Intermediates.noindex/Pods.build/Release-iphonesimulator/React-RCTFBReactNativeSpec.build/Objects-normal
    export OBJROOT\=/Users/myfuckingmacbookair/Documents/GitHub/bindery/ios/build/Build/Intermediates.noindex
    export ONLY_ACTIVE_ARCH\=NO
    export OS\=MACOS
    export OSAC\=/usr/bin/osacompile
    export OTHER_CFLAGS\=\ -DRCT_REMOVE_LEGACY_ARCH\=1\ -ivfsoverlay\ /Users/myfuckingmacbookair/Documents/GitHub/bindery/ios/Pods/React-Core-prebuilt/React-VFS.yaml\ -DNDEBUG
    export OTHER_CPLUSPLUSFLAGS\=\ -DRCT_REMOVE_LEGACY_ARCH\=1\ -ivfsoverlay\ /Users/myfuckingmacbookair/Documents/GitHub/bindery/ios/Pods/React-Core-prebuilt/React-VFS.yaml\ -DNDEBUG\ -DRCT_REMOVE_LEGACY_ARCH\=1\ -ivfsoverlay\ /Users/myfuckingmacbookair/Documents/GitHub/bindery/ios/Pods/React-Core-prebuilt/React-VFS.yaml\ -DNDEBUG
    export OTHER_SWIFT_FLAGS\=\ -Xcc\ -ivfsoverlay\ -Xcc\ /Users/myfuckingmacbookair/Documents/GitHub/bindery/ios/Pods/React-Core-prebuilt/React-VFS.yaml
    export PASCAL_STRINGS\=YES
    export PATH\=/Applications/Xcode.app/Contents/SharedFrameworks/SwiftBuild.framework/Versions/A/PlugIns/SWBBuildService.bundle/Contents/PlugIns/SWBUniversalPlatformPlugin.bundle/Contents/Frameworks/SWBUniversalPlatform.framework/Resources:/Applications/Xcode.app/Contents/Developer/Toolchains/XcodeDefault.xctoolchain/usr/bin:/Applications/Xcode.app/Contents/Developer/Toolchains/XcodeDefault.xctoolchain/usr/local/bin:/Applications/Xcode.app/Contents/Developer/Toolchains/XcodeDefault.xctoolchain/usr/libexec:/Applications/Xcode.app/Contents/Developer/Platforms/iPhoneSimulator.platform/usr/bin:/Applications/Xcode.app/Contents/Developer/Platforms/iPhoneSimulator.platform/usr/local/bin:/Applications/Xcode.app/Contents/Developer/Platforms/iPhoneSimulator.platform/Developer/usr/bin:/Applications/Xcode.app/Contents/Developer/Platforms/iPhoneSimulator.platform/Developer/usr/local/bin:/Applications/Xcode.app/Contents/Developer/usr/bin:/Applications/Xcode.app/Contents/Developer/usr/local/bin:/Users/myfuckingmacbookair/.local/bin:/Users/myfuckingmacbookair/.npm-global/bin:/usr/local/bin:/System/Cryptexes/App/usr/bin:/usr/bin:/bin:/usr/sbin:/sbin:/var/run/com.apple.security.cryptexd/codex.system/bootstrap/usr/local/bin:/var/run/com.apple.security.cryptexd/codex.system/bootstrap/usr/bin:/var/run/com.apple.security.cryptexd/codex.system/bootstrap/usr/appleinternal/bin:/pkg/env/global/bin:/Library/Apple/usr/bin:/Users/myfuckingmacbookair/.bun/bin:/Users/myfuckingmacbookair/Library/pnpm:/Users/myfuckingmacbookair/Library/Application\ Support/Claude/local-agent-mode-sessions/skills-plugin/8bf2ebc1-a06e-4b18-bf97-856db8c64549/ec19a108-c20c-455d-9708-6a8cfabeb0b8/bin
    export PATH_PREFIXES_EXCLUDED_FROM_HEADER_DEPENDENCIES\=/usr/include\ /usr/local/include\ /System/Library/Frameworks\ /System/Library/PrivateFrameworks\ /Applications/Xcode.app/Contents/Developer/Headers\ /Applications/Xcode.app/Contents/Developer/SDKs\ /Applications/Xcode.app/Contents/Developer/Platforms
    export PER_ARCH_MODULE_FILE_DIR\=/Users/myfuckingmacbookair/Documents/GitHub/bindery/ios/build/Build/Intermediates.noindex/Pods.build/Release-iphonesimulator/React-RCTFBReactNativeSpec.build/Objects-normal/undefined_arch
    export PER_ARCH_OBJECT_FILE_DIR\=/Users/myfuckingmacbookair/Documents/GitHub/bindery/ios/build/Build/Intermediates.noindex/Pods.build/Release-iphonesimulator/React-RCTFBReactNativeSpec.build/Objects-normal/undefined_arch
    export PER_VARIANT_OBJECT_FILE_DIR\=/Users/myfuckingmacbookair/Documents/GitHub/bindery/ios/build/Build/Intermediates.noindex/Pods.build/Release-iphonesimulator/React-RCTFBReactNativeSpec.build/Objects-normal
    export PKGINFO_FILE_PATH\=/Users/myfuckingmacbookair/Documents/GitHub/bindery/ios/build/Build/Intermediates.noindex/Pods.build/Release-iphonesimulator/React-RCTFBReactNativeSpec.build/PkgInfo
    export PLATFORM_DEVELOPER_APPLICATIONS_DIR\=/Applications/Xcode.app/Contents/Developer/Platforms/iPhoneSimulator.platform/Developer/Applications
    export PLATFORM_DEVELOPER_BIN_DIR\=/Applications/Xcode.app/Contents/Developer/Platforms/iPhoneSimulator.platform/Developer/usr/bin
    export PLATFORM_DEVELOPER_LIBRARY_DIR\=/Applications/Xcode.app/Contents/Developer/Platforms/iPhoneSimulator.platform/Developer/Library
    export PLATFORM_DEVELOPER_SDK_DIR\=/Applications/Xcode.app/Contents/Developer/Platforms/iPhoneSimulator.platform/Developer/SDKs
    export PLATFORM_DEVELOPER_TOOLS_DIR\=/Applications/Xcode.app/Contents/Developer/Platforms/iPhoneSimulator.platform/Developer/Tools
    export PLATFORM_DEVELOPER_USR_DIR\=/Applications/Xcode.app/Contents/Developer/Platforms/iPhoneSimulator.platform/Developer/usr
    export PLATFORM_DIR\=/Applications/Xcode.app/Contents/Developer/Platforms/iPhoneSimulator.platform
    export PLATFORM_DISPLAY_NAME\=iOS\ Simulator
    export PLATFORM_FAMILY_NAME\=iOS
    export PLATFORM_NAME\=iphonesimulator
    export PLATFORM_PREFERRED_ARCH\=x86_64
    export PLATFORM_PRODUCT_BUILD_VERSION\=23A339
    export PLATFORM_REQUIRES_SWIFT_AUTOLINK_EXTRACT\=NO
    export PLATFORM_REQUIRES_SWIFT_MODULEWRAP\=NO
    export PLIST_FILE_OUTPUT_FORMAT\=binary
    export PODFILE_DIR\=/Users/myfuckingmacbookair/Documents/GitHub/bindery/ios/Pods/..
    export PODS_BUILD_DIR\=/Users/myfuckingmacbookair/Documents/GitHub/bindery/ios/build/Build/Products
    export PODS_CONFIGURATION_BUILD_DIR\=/Users/myfuckingmacbookair/Documents/GitHub/bindery/ios/build/Build/Products/Release-iphonesimulator
    export PODS_DEVELOPMENT_LANGUAGE\=en
    export PODS_ROOT\=/Users/myfuckingmacbookair/Documents/GitHub/bindery/ios/Pods
    export PODS_TARGET_SRCROOT\=/Users/myfuckingmacbookair/Documents/GitHub/bindery/ios/Pods/../../node_modules/react-native/React
    export PODS_XCFRAMEWORKS_BUILD_DIR\=/Users/myfuckingmacbookair/Documents/GitHub/bindery/ios/build/Build/Products/Release-iphonesimulator/XCFrameworkIntermediates
    export PRECOMPS_INCLUDE_HEADERS_FROM_BUILT_PRODUCTS_DIR\=YES
    export PRECOMP_DESTINATION_DIR\=/Users/myfuckingmacbookair/Documents/GitHub/bindery/ios/build/Build/Intermediates.noindex/Pods.build/Release-iphonesimulator/React-RCTFBReactNativeSpec.build/PrefixHeaders
    export PROCESSED_INFOPLIST_PATH\=/Users/myfuckingmacbookair/Documents/GitHub/bindery/ios/build/Build/Intermediates.noindex/Pods.build/Release-iphonesimulator/React-RCTFBReactNativeSpec.build/Objects-normal/undefined_arch/Processed-Info.plist
    export PRODUCT_BUNDLE_IDENTIFIER\=org.cocoapods.React-RCTFBReactNativeSpec
    export PRODUCT_MODULE_NAME\=React_RCTFBReactNativeSpec
    export PRODUCT_NAME\=React-RCTFBReactNativeSpec
    export PRODUCT_SETTINGS_PATH\=
    export PROFILING_CODE\=NO
    export PROJECT\=Pods
    export PROJECT_DERIVED_FILE_DIR\=/Users/myfuckingmacbookair/Documents/GitHub/bindery/ios/build/Build/Intermediates.noindex/Pods.build/DerivedSources
    export PROJECT_DIR\=/Users/myfuckingmacbookair/Documents/GitHub/bindery/ios/Pods
    export PROJECT_FILE_PATH\=/Users/myfuckingmacbookair/Documents/GitHub/bindery/ios/Pods/Pods.xcodeproj
    export PROJECT_GUID\=8699adb1dd336b26511df848a716bd42
    export PROJECT_NAME\=Pods
    export PROJECT_TEMP_DIR\=/Users/myfuckingmacbookair/Documents/GitHub/bindery/ios/build/Build/Intermediates.noindex/Pods.build
    export PROJECT_TEMP_ROOT\=/Users/myfuckingmacbookair/Documents/GitHub/bindery/ios/build/Build/Intermediates.noindex
    export REACT_NATIVE_PATH\=/Users/myfuckingmacbookair/Documents/GitHub/bindery/ios/Pods/../../node_modules/react-native
    export RECOMMENDED_IPHONEOS_DEPLOYMENT_TARGET\=15.0
    export RECURSIVE_SEARCH_PATHS_FOLLOW_SYMLINKS\=YES
    export REMOVE_CVS_FROM_RESOURCES\=YES
    export REMOVE_GIT_FROM_RESOURCES\=YES
    export REMOVE_HEADERS_FROM_EMBEDDED_BUNDLES\=YES
    export REMOVE_HG_FROM_RESOURCES\=YES
    export REMOVE_STATIC_EXECUTABLES_FROM_EMBEDDED_BUNDLES\=YES
    export REMOVE_SVN_FROM_RESOURCES\=YES
    export RESCHEDULE_INDEPENDENT_HEADERS_PHASES\=YES
    export REZ_COLLECTOR_DIR\=/Users/myfuckingmacbookair/Documents/GitHub/bindery/ios/build/Build/Intermediates.noindex/Pods.build/Release-iphonesimulator/React-RCTFBReactNativeSpec.build/ResourceManagerResources
    export REZ_OBJECTS_DIR\=/Users/myfuckingmacbookair/Documents/GitHub/bindery/ios/build/Build/Intermediates.noindex/Pods.build/Release-iphonesimulator/React-RCTFBReactNativeSpec.build/ResourceManagerResources/Objects
    export RUNTIME_EXCEPTION_ALLOW_DYLD_ENVIRONMENT_VARIABLES\=NO
    export RUNTIME_EXCEPTION_ALLOW_JIT\=NO
    export RUNTIME_EXCEPTION_ALLOW_UNSIGNED_EXECUTABLE_MEMORY\=NO
    export RUNTIME_EXCEPTION_DEBUGGING_TOOL\=NO
    export RUNTIME_EXCEPTION_DISABLE_EXECUTABLE_PAGE_PROTECTION\=NO
    export RUNTIME_EXCEPTION_DISABLE_LIBRARY_VALIDATION\=NO
    export SCAN_ALL_SOURCE_FILES_FOR_INCLUDES\=NO
    export SCRIPT_INPUT_FILE_COUNT\=0
    export SCRIPT_INPUT_FILE_LIST_COUNT\=0
    export SCRIPT_OUTPUT_FILE_COUNT\=0
    export SCRIPT_OUTPUT_FILE_LIST_COUNT\=0
    export SDKROOT\=/Applications/Xcode.app/Contents/Developer/Platforms/iPhoneSimulator.platform/Developer/SDKs/iPhoneSimulator26.0.sdk
    export SDK_DIR\=/Applications/Xcode.app/Contents/Developer/Platforms/iPhoneSimulator.platform/Developer/SDKs/iPhoneSimulator26.0.sdk
    export SDK_DIR_iphonesimulator\=/Applications/Xcode.app/Contents/Developer/Platforms/iPhoneSimulator.platform/Developer/SDKs/iPhoneSimulator26.0.sdk
    export SDK_DIR_iphonesimulator26_0\=/Applications/Xcode.app/Contents/Developer/Platforms/iPhoneSimulator.platform/Developer/SDKs/iPhoneSimulator26.0.sdk
    export SDK_NAME\=iphonesimulator26.0
    export SDK_NAMES\=iphonesimulator26.0
    export SDK_PRODUCT_BUILD_VERSION\=23A339
    export SDK_STAT_CACHE_DIR\=/Users/myfuckingmacbookair/Documents/GitHub/bindery/ios/build
    export SDK_STAT_CACHE_ENABLE\=YES
    export SDK_STAT_CACHE_PATH\=/Users/myfuckingmacbookair/Documents/GitHub/bindery/ios/build/SDKStatCaches.noindex/iphonesimulator26.0-23A339-26257891a6c027eb51374368541b8346.sdkstatcache
    export SDK_VERSION\=26.0
    export SDK_VERSION_ACTUAL\=260000
    export SDK_VERSION_MAJOR\=260000
    export SDK_VERSION_MINOR\=260000
    export SED\=/usr/bin/sed
    export SEPARATE_STRIP\=NO
    export SEPARATE_SYMBOL_EDIT\=NO
    export SET_DIR_MODE_OWNER_GROUP\=YES
    export SET_FILE_MODE_OWNER_GROUP\=NO
    export SHALLOW_BUNDLE\=NO
    export SHARED_DERIVED_FILE_DIR\=/Users/myfuckingmacbookair/Documents/GitHub/bindery/ios/build/Build/Products/Release-iphonesimulator/React-RCTFBReactNativeSpec/DerivedSources
    export SHARED_PRECOMPS_DIR\=/Users/myfuckingmacbookair/Documents/GitHub/bindery/ios/build/Build/Intermediates.noindex/PrecompiledHeaders
    export SKIP_INSTALL\=YES
    export SOURCE_ROOT\=/Users/myfuckingmacbookair/Documents/GitHub/bindery/ios/Pods
    export SRCROOT\=/Users/myfuckingmacbookair/Documents/GitHub/bindery/ios/Pods
    export STRINGSDATA_DIR\=/Users/myfuckingmacbookair/Documents/GitHub/bindery/ios/build/Build/Intermediates.noindex/Pods.build/Release-iphonesimulator/React-RCTFBReactNativeSpec.build/Objects-normal/undefined_arch
    export STRINGSDATA_ROOT\=/Users/myfuckingmacbookair/Documents/GitHub/bindery/ios/build/Build/Intermediates.noindex/Pods.build/Release-iphonesimulator/React-RCTFBReactNativeSpec.build
    export STRINGS_FILE_INFOPLIST_RENAME\=YES
    export STRINGS_FILE_OUTPUT_ENCODING\=binary
    export STRING_CATALOG_GENERATE_SYMBOLS\=NO
    export STRIP_BITCODE_FROM_COPIED_FILES\=NO
    export STRIP_INSTALLED_PRODUCT\=NO
    export STRIP_STYLE\=all
    export STRIP_SWIFT_SYMBOLS\=YES
    export SUPPORTED_DEVICE_FAMILIES\=1,2
    export SUPPORTED_PLATFORMS\=iphoneos\ iphonesimulator
    export SUPPORTS_TEXT_BASED_API\=NO
    export SUPPRESS_WARNINGS\=NO
    export SWIFT_COMPILATION_MODE\=wholemodule
    export SWIFT_EMIT_CONST_VALUE_PROTOCOLS\=AppIntent\ EntityQuery\ AppEntity\ TransientEntity\ AppEnum\ AppShortcutProviding\ AppShortcutsProvider\ AnyResolverProviding\ AppIntentsPackage\ DynamicOptionsProvider\ _IntentValueRepresentable\ _AssistantIntentsProvider\ _GenerativeFunctionExtractable\ IntentValueQuery\ Resolver\ AppExtension\ ExtensionPointDefining
    export SWIFT_EMIT_LOC_STRINGS\=NO
    export SWIFT_EMIT_MODULE_INTERFACE\=NO
    export SWIFT_ENABLE_EXPLICIT_MODULES\=NO
    export SWIFT_OPTIMIZATION_LEVEL\=-O
    export SWIFT_PLATFORM_TARGET_PREFIX\=ios
    export SWIFT_RESPONSE_FILE_PATH_normal_arm64\=/Users/myfuckingmacbookair/Documents/GitHub/bindery/ios/build/Build/Intermediates.noindex/Pods.build/Release-iphonesimulator/React-RCTFBReactNativeSpec.build/Objects-normal/arm64/React-RCTFBReactNativeSpec.SwiftFileList
    export SWIFT_RESPONSE_FILE_PATH_normal_x86_64\=/Users/myfuckingmacbookair/Documents/GitHub/bindery/ios/build/Build/Intermediates.noindex/Pods.build/Release-iphonesimulator/React-RCTFBReactNativeSpec.build/Objects-normal/x86_64/React-RCTFBReactNativeSpec.SwiftFileList
    export SWIFT_VERSION\=5.0
    export SYMROOT\=/Users/myfuckingmacbookair/Documents/GitHub/bindery/ios/build/Build/Products
    export SYSTEM_ADMIN_APPS_DIR\=/Applications/Utilities
    export SYSTEM_APPS_DIR\=/Applications
    export SYSTEM_CORE_SERVICES_DIR\=/System/Library/CoreServices
    export SYSTEM_DEMOS_DIR\=/Applications/Extras
    export SYSTEM_DEVELOPER_APPS_DIR\=/Applications/Xcode.app/Contents/Developer/Applications
    export SYSTEM_DEVELOPER_BIN_DIR\=/Applications/Xcode.app/Contents/Developer/usr/bin
    export SYSTEM_DEVELOPER_DEMOS_DIR\=/Applications/Xcode.app/Contents/Developer/Applications/Utilities/Built\ Examples
    export SYSTEM_DEVELOPER_DIR\=/Applications/Xcode.app/Contents/Developer
    export SYSTEM_DEVELOPER_DOC_DIR\=/Applications/Xcode.app/Contents/Developer/ADC\ Reference\ Library
    export SYSTEM_DEVELOPER_GRAPHICS_TOOLS_DIR\=/Applications/Xcode.app/Contents/Developer/Applications/Graphics\ Tools
    export SYSTEM_DEVELOPER_JAVA_TOOLS_DIR\=/Applications/Xcode.app/Contents/Developer/Applications/Java\ Tools
    export SYSTEM_DEVELOPER_PERFORMANCE_TOOLS_DIR\=/Applications/Xcode.app/Contents/Developer/Applications/Performance\ Tools
    export SYSTEM_DEVELOPER_RELEASENOTES_DIR\=/Applications/Xcode.app/Contents/Developer/ADC\ Reference\ Library/releasenotes
    export SYSTEM_DEVELOPER_TOOLS\=/Applications/Xcode.app/Contents/Developer/Tools
    export SYSTEM_DEVELOPER_TOOLS_DOC_DIR\=/Applications/Xcode.app/Contents/Developer/ADC\ Reference\ Library/documentation/DeveloperTools
    export SYSTEM_DEVELOPER_TOOLS_RELEASENOTES_DIR\=/Applications/Xcode.app/Contents/Developer/ADC\ Reference\ Library/releasenotes/DeveloperTools
    export SYSTEM_DEVELOPER_USR_DIR\=/Applications/Xcode.app/Contents/Developer/usr
    export SYSTEM_DEVELOPER_UTILITIES_DIR\=/Applications/Xcode.app/Contents/Developer/Applications/Utilities
    export SYSTEM_DEXT_INSTALL_PATH\=/System/Library/DriverExtensions
    export SYSTEM_DOCUMENTATION_DIR\=/Library/Documentation
    export SYSTEM_KEXT_INSTALL_PATH\=/System/Library/Extensions
    export SYSTEM_LIBRARY_DIR\=/System/Library
    export TAPI_DEMANGLE\=YES
    export TAPI_ENABLE_PROJECT_HEADERS\=NO
    export TAPI_LANGUAGE\=objective-c
    export TAPI_LANGUAGE_STANDARD\=compiler-default
    export TAPI_USE_SRCROOT\=YES
    export TAPI_VERIFY_MODE\=Pedantic
    export TARGETED_DEVICE_FAMILY\=1,2
    export TARGETNAME\=React-RCTFBReactNativeSpec
    export TARGET_BUILD_DIR\=/Users/myfuckingmacbookair/Documents/GitHub/bindery/ios/build/Build/Products/Release-iphonesimulator/React-RCTFBReactNativeSpec
    export TARGET_DEVICE_IDENTIFIER\=4DC2E649-35BE-4445-9A24-38BD8A88D1BF
    export TARGET_DEVICE_MODEL\=iPhone18,1
    export TARGET_DEVICE_OS_VERSION\=26.0.1
    export TARGET_DEVICE_PLATFORM_NAME\=iphonesimulator
    export TARGET_NAME\=React-RCTFBReactNativeSpec
    export TARGET_TEMP_DIR\=/Users/myfuckingmacbookair/Documents/GitHub/bindery/ios/build/Build/Intermediates.noindex/Pods.build/Release-iphonesimulator/React-RCTFBReactNativeSpec.build
    export TEMP_DIR\=/Users/myfuckingmacbookair/Documents/GitHub/bindery/ios/build/Build/Intermediates.noindex/Pods.build/Release-iphonesimulator/React-RCTFBReactNativeSpec.build
    export TEMP_FILES_DIR\=/Users/myfuckingmacbookair/Documents/GitHub/bindery/ios/build/Build/Intermediates.noindex/Pods.build/Release-iphonesimulator/React-RCTFBReactNativeSpec.build
    export TEMP_FILE_DIR\=/Users/myfuckingmacbookair/Documents/GitHub/bindery/ios/build/Build/Intermediates.noindex/Pods.build/Release-iphonesimulator/React-RCTFBReactNativeSpec.build
    export TEMP_ROOT\=/Users/myfuckingmacbookair/Documents/GitHub/bindery/ios/build/Build/Intermediates.noindex
    export TEMP_SANDBOX_DIR\=/Users/myfuckingmacbookair/Documents/GitHub/bindery/ios/build/Build/Intermediates.noindex/TemporaryTaskSandboxes
    export TEST_FRAMEWORK_SEARCH_PATHS\=\ /Applications/Xcode.app/Contents/Developer/Platforms/iPhoneSimulator.platform/Developer/Library/Frameworks\ /Applications/Xcode.app/Contents/Developer/Platforms/iPhoneSimulator.platform/Developer/SDKs/iPhoneSimulator26.0.sdk/Developer/Library/Frameworks
    export TEST_LIBRARY_SEARCH_PATHS\=\ /Applications/Xcode.app/Contents/Developer/Platforms/iPhoneSimulator.platform/Developer/usr/lib
    export TOOLCHAINS\=com.apple.dt.toolchain.XcodeDefault
    export TOOLCHAIN_DIR\=/Applications/Xcode.app/Contents/Developer/Toolchains/XcodeDefault.xctoolchain
    export TREAT_MISSING_BASELINES_AS_TEST_FAILURES\=NO
    export TREAT_MISSING_SCRIPT_PHASE_OUTPUTS_AS_ERRORS\=NO
    export UID\=501
    export UNINSTALLED_PRODUCTS_DIR\=/Users/myfuckingmacbookair/Documents/GitHub/bindery/ios/build/Build/Intermediates.noindex/UninstalledProducts
    export UNSTRIPPED_PRODUCT\=NO
    export USER\=myfuckingmacbookair
    export USER_APPS_DIR\=/Users/myfuckingmacbookair/Applications
    export USER_LIBRARY_DIR\=/Users/myfuckingmacbookair/Library
    export USE_DYNAMIC_NO_PIC\=YES
    export USE_HEADERMAP\=NO
    export USE_HEADER_SYMLINKS\=NO
    export USE_HERMES\=true
    export USE_RECURSIVE_SCRIPT_INPUTS_IN_SCRIPT_PHASES\=YES
    export VALIDATE_DEVELOPMENT_ASSET_PATHS\=YES_ERROR
    export VALIDATE_PRODUCT\=YES
    export VALID_ARCHS\=arm64\ x86_64
    export VERBOSE_PBXCP\=NO
    export VERSION_INFO_BUILDER\=myfuckingmacbookair
    export VERSION_INFO_FILE\=React-RCTFBReactNativeSpec_vers.c
    export VERSION_INFO_STRING\=\"@\(\#\)PROGRAM:React-RCTFBReactNativeSpec\ \ PROJECT:Pods-\"
    export WORKSPACE_DIR\=/Users/myfuckingmacbookair/Documents/GitHub/bindery/ios
    export WRAP_ASSET_PACKS_IN_SEPARATE_DIRECTORIES\=NO
    export XCODE_APP_SUPPORT_DIR\=/Applications/Xcode.app/Contents/Developer/Library/Xcode
    export XCODE_PRODUCT_BUILD_VERSION\=17A400
    export XCODE_VERSION_ACTUAL\=2601
    export XCODE_VERSION_MAJOR\=2600
    export XCODE_VERSION_MINOR\=2600
    export XPCSERVICES_FOLDER_PATH\=/XPCServices
    export YACC\=yacc
    export _DISCOVER_COMMAND_LINE_LINKER_INPUTS\=YES
    export _DISCOVER_COMMAND_LINE_LINKER_INPUTS_INCLUDE_WL\=YES
    export _LD_MULTIARCH\=YES
    export __DIAGNOSE_DEPRECATED_ARCHS\=YES
    export arch\=undefined_arch
    export variant\=normal
    /bin/sh -c /Users/myfuckingmacbookair/Documents/GitHub/bindery/ios/build/Build/Intermediates.noindex/Pods.build/Release-iphonesimulator/React-RCTFBReactNativeSpec.build/Script-46EB2E0001B590.sh
Checking whether Codegen has run...

note: Run script build phase '[CP-User] [Expo] Switch ExpoModulesCore XCFramework for build configuration' will be run during every build because the option to run the script phase "Based on dependency analysis" is unchecked. (in target 'ExpoModulesCore' from project 'Pods')
PhaseScriptExecution [CP-User]\ [Expo]\ Switch\ ExpoModulesCore\ XCFramework\ for\ build\ configuration /Users/myfuckingmacbookair/Documents/GitHub/bindery/ios/build/Build/Intermediates.noindex/Pods.build/Release-iphonesimulator/ExpoModulesCore.build/Script-46EB2E0001B500.sh (in target 'ExpoModulesCore' from project 'Pods')
    cd /Users/myfuckingmacbookair/Documents/GitHub/bindery/ios/Pods
    export ACTION\=build
    export AD_HOC_CODE_SIGNING_ALLOWED\=YES
    export ALLOW_BUILD_REQUEST_OVERRIDES\=NO
    export ALLOW_TARGET_PLATFORM_SPECIALIZATION\=NO
    export ALTERNATE_GROUP\=staff
    export ALTERNATE_MODE\=u+w,go-w,a+rX
    export ALTERNATE_OWNER\=myfuckingmacbookair
    export ALTERNATIVE_DISTRIBUTION_WEB\=NO
    export ALWAYS_EMBED_SWIFT_STANDARD_LIBRARIES\=NO
    export ALWAYS_SEARCH_USER_PATHS\=NO
    export ALWAYS_USE_SEPARATE_HEADERMAPS\=NO
    export ANDROID_DEPLOYMENT_TARGET\=21.0
    export APPLICATION_EXTENSION_API_ONLY\=NO
    export APPLY_RULES_IN_COPY_FILES\=NO
    export APPLY_RULES_IN_COPY_HEADERS\=NO
    export APP_SHORTCUTS_ENABLE_FLEXIBLE_MATCHING\=YES
    export ARCHS\=arm64\ x86_64
    export ARCHS_STANDARD\=arm64\ x86_64
    export ARCHS_STANDARD_32_64_BIT\=arm64\ x86_64
    export ARCHS_STANDARD_64_BIT\=arm64\ x86_64
    export ARCHS_STANDARD_INCLUDING_64_BIT\=arm64\ x86_64
    export ARCHS_UNIVERSAL_IPHONE_OS\=arm64\ x86_64
    export ASSETCATALOG_COMPILER_APPICON_NAME\=AppIcon
    export ASSETCATALOG_COMPILER_GLOBAL_ACCENT_COLOR_NAME\=AccentColor
    export ASSETCATALOG_FILTER_FOR_DEVICE_MODEL\=iPhone18,1
    export ASSETCATALOG_FILTER_FOR_DEVICE_OS_VERSION\=26.0.1
    export ASSETCATALOG_FILTER_FOR_THINNING_DEVICE_CONFIGURATION\=iPhone18,1
    export AUTOMATICALLY_MERGE_DEPENDENCIES\=NO
    export AUTOMATION_APPLE_EVENTS\=NO
    export AVAILABLE_PLATFORMS\=android\ appletvos\ appletvsimulator\ driverkit\ iphoneos\ iphonesimulator\ macosx\ qnx\ watchos\ watchsimulator\ webassembly\ xros\ xrsimulator
    export BUILD_ACTIVE_RESOURCES_ONLY\=YES
    export BUILD_COMPONENTS\=headers\ build
    export BUILD_DIR\=/Users/myfuckingmacbookair/Documents/GitHub/bindery/ios/build/Build/Products
    export BUILD_LIBRARY_FOR_DISTRIBUTION\=NO
    export BUILD_ROOT\=/Users/myfuckingmacbookair/Documents/GitHub/bindery/ios/build/Build/Products
    export BUILD_STYLE\=
    export BUILD_VARIANTS\=normal
    export BUILT_PRODUCTS_DIR\=/Users/myfuckingmacbookair/Documents/GitHub/bindery/ios/build/Build/Products/Release-iphonesimulator/ExpoModulesCore
    export BUNDLE_CONTENTS_FOLDER_PATH_deep\=Contents/
    export BUNDLE_EXECUTABLE_FOLDER_NAME_deep\=MacOS
    export BUNDLE_EXTENSIONS_FOLDER_PATH\=Extensions
    export BUNDLE_FORMAT\=shallow
    export BUNDLE_FRAMEWORKS_FOLDER_PATH\=Frameworks
    export BUNDLE_PLUGINS_FOLDER_PATH\=PlugIns
    export BUNDLE_PRIVATE_HEADERS_FOLDER_PATH\=PrivateHeaders
    export BUNDLE_PUBLIC_HEADERS_FOLDER_PATH\=Headers
    export CACHE_ROOT\=/var/folders/p3/qv3pwhyn1njgqlcyk_px59gr0000gn/C/com.apple.DeveloperTools/26.0.1-17A400/Xcode
    export CCHROOT\=/var/folders/p3/qv3pwhyn1njgqlcyk_px59gr0000gn/C/com.apple.DeveloperTools/26.0.1-17A400/Xcode
    export CHMOD\=/bin/chmod
    export CHOWN\=/usr/sbin/chown
    export CLANG_ANALYZER_LOCALIZABILITY_NONLOCALIZED\=YES
    export CLANG_ANALYZER_NONNULL\=YES
    export CLANG_ANALYZER_NUMBER_OBJECT_CONVERSION\=YES_AGGRESSIVE
    export CLANG_CACHE_FINE_GRAINED_OUTPUTS\=YES
    export CLANG_CXX_LANGUAGE_STANDARD\=c++20
    export CLANG_CXX_LIBRARY\=libc++
    export CLANG_ENABLE_EXPLICIT_MODULES\=YES
    export CLANG_ENABLE_MODULES\=YES
    export CLANG_ENABLE_OBJC_ARC\=YES
    export CLANG_ENABLE_OBJC_WEAK\=NO
    export CLANG_MODULES_BUILD_SESSION_FILE\=/Users/myfuckingmacbookair/Documents/GitHub/bindery/ios/build/ModuleCache.noindex/Session.modulevalidation
    export CLANG_WARN_BLOCK_CAPTURE_AUTORELEASING\=YES
    export CLANG_WARN_BOOL_CONVERSION\=YES
    export CLANG_WARN_COMMA\=YES
    export CLANG_WARN_CONSTANT_CONVERSION\=YES
    export CLANG_WARN_DEPRECATED_OBJC_IMPLEMENTATIONS\=YES
    export CLANG_WARN_DIRECT_OBJC_ISA_USAGE\=YES_ERROR
    export CLANG_WARN_DOCUMENTATION_COMMENTS\=YES
    export CLANG_WARN_EMPTY_BODY\=YES
    export CLANG_WARN_ENUM_CONVERSION\=YES
    export CLANG_WARN_INFINITE_RECURSION\=YES
    export CLANG_WARN_INT_CONVERSION\=YES
    export CLANG_WARN_NON_LITERAL_NULL_CONVERSION\=YES
    export CLANG_WARN_OBJC_IMPLICIT_RETAIN_SELF\=YES
    export CLANG_WARN_OBJC_LITERAL_CONVERSION\=YES
    export CLANG_WARN_OBJC_ROOT_CLASS\=YES_ERROR
    export CLANG_WARN_QUOTED_INCLUDE_IN_FRAMEWORK_HEADER\=NO
    export CLANG_WARN_RANGE_LOOP_ANALYSIS\=YES
    export CLANG_WARN_STRICT_PROTOTYPES\=YES
    export CLANG_WARN_SUSPICIOUS_MOVE\=YES
    export CLANG_WARN_UNGUARDED_AVAILABILITY\=YES_AGGRESSIVE
    export CLANG_WARN_UNREACHABLE_CODE\=YES
    export CLANG_WARN__DUPLICATE_METHOD_MATCH\=YES
    export CLASS_FILE_DIR\=/Users/myfuckingmacbookair/Documents/GitHub/bindery/ios/build/Build/Intermediates.noindex/Pods.build/Release-iphonesimulator/ExpoModulesCore.build/JavaClasses
    export CLEAN_PRECOMPS\=YES
    export CLONE_HEADERS\=NO
    export CODESIGNING_FOLDER_PATH\=/Users/myfuckingmacbookair/Documents/GitHub/bindery/ios/build/Build/Products/Release-iphonesimulator/ExpoModulesCore/
    export CODE_SIGNING_ALLOWED\=NO
    export CODE_SIGNING_REQUIRED\=YES
    export CODE_SIGN_CONTEXT_CLASS\=XCiPhoneSimulatorCodeSignContext
    export CODE_SIGN_IDENTITY\=-
    export CODE_SIGN_INJECT_BASE_ENTITLEMENTS\=YES
    export COLOR_DIAGNOSTICS\=NO
    export COMBINE_HIDPI_IMAGES\=NO
    export COMPILATION_CACHE_CAS_PATH\=/Users/myfuckingmacbookair/Documents/GitHub/bindery/ios/build/CompilationCache.noindex
    export COMPILATION_CACHE_KEEP_CAS_DIRECTORY\=YES
    export COMPILER_INDEX_STORE_ENABLE\=Default
    export COMPOSITE_SDK_DIRS\=/Users/myfuckingmacbookair/Documents/GitHub/bindery/ios/build/Build/Intermediates.noindex/CompositeSDKs
    export COMPRESS_PNG_FILES\=YES
    export CONFIGURATION\=Release
    export CONFIGURATION_BUILD_DIR\=/Users/myfuckingmacbookair/Documents/GitHub/bindery/ios/build/Build/Products/Release-iphonesimulator/ExpoModulesCore
    export CONFIGURATION_TEMP_DIR\=/Users/myfuckingmacbookair/Documents/GitHub/bindery/ios/build/Build/Intermediates.noindex/Pods.build/Release-iphonesimulator
    export COPYING_PRESERVES_HFS_DATA\=NO
    export COPY_HEADERS_RUN_UNIFDEF\=NO
    export COPY_PHASE_STRIP\=NO
    export CORRESPONDING_DEVICE_PLATFORM_DIR\=/Applications/Xcode.app/Contents/Developer/Platforms/iPhoneOS.platform
    export CORRESPONDING_DEVICE_PLATFORM_NAME\=iphoneos
    export CORRESPONDING_DEVICE_SDK_DIR\=/Applications/Xcode.app/Contents/Developer/Platforms/iPhoneOS.platform/Developer/SDKs/iPhoneOS26.0.sdk
    export CORRESPONDING_DEVICE_SDK_NAME\=iphoneos26.0
    export CP\=/bin/cp
    export CREATE_INFOPLIST_SECTION_IN_BINARY\=NO
    export CURRENT_ARCH\=undefined_arch
    export CURRENT_VARIANT\=normal
    export DEAD_CODE_STRIPPING\=YES
    export DEBUGGING_SYMBOLS\=YES
    export DEBUG_INFORMATION_FORMAT\=dwarf-with-dsym
    export DEBUG_INFORMATION_VERSION\=compiler-default
    export DEFAULT_COMPILER\=com.apple.compilers.llvm.clang.1_0
    export DEFAULT_DEXT_INSTALL_PATH\=/System/Library/DriverExtensions
    export DEFAULT_KEXT_INSTALL_PATH\=/System/Library/Extensions
    export DEFINES_MODULE\=YES
    export DEPLOYMENT_LOCATION\=NO
    export DEPLOYMENT_POSTPROCESSING\=NO
    export DEPLOYMENT_TARGET_SETTING_NAME\=IPHONEOS_DEPLOYMENT_TARGET
    export DEPLOYMENT_TARGET_SUGGESTED_VALUES\=12.0\ 12.1\ 12.2\ 12.3\ 12.4\ 13.0\ 13.1\ 13.2\ 13.3\ 13.4\ 13.5\ 13.6\ 14.0\ 14.1\ 14.2\ 14.3\ 14.4\ 14.5\ 14.6\ 14.7\ 15.0\ 15.1\ 15.2\ 15.3\ 15.4\ 15.5\ 15.6\ 16.0\ 16.1\ 16.2\ 16.3\ 16.4\ 16.5\ 16.6\ 17.0\ 17.1\ 17.2\ 17.3\ 17.4\ 17.5\ 17.6\ 18.0\ 18.1\ 18.2\ 18.3\ 18.4\ 18.5\ 18.6\ 26.0
    export DERIVED_FILES_DIR\=/Users/myfuckingmacbookair/Documents/GitHub/bindery/ios/build/Build/Intermediates.noindex/Pods.build/Release-iphonesimulator/ExpoModulesCore.build/DerivedSources
    export DERIVED_FILE_DIR\=/Users/myfuckingmacbookair/Documents/GitHub/bindery/ios/build/Build/Intermediates.noindex/Pods.build/Release-iphonesimulator/ExpoModulesCore.build/DerivedSources
    export DERIVED_SOURCES_DIR\=/Users/myfuckingmacbookair/Documents/GitHub/bindery/ios/build/Build/Intermediates.noindex/Pods.build/Release-iphonesimulator/ExpoModulesCore.build/DerivedSources
    export DEVELOPER_APPLICATIONS_DIR\=/Applications/Xcode.app/Contents/Developer/Applications
    export DEVELOPER_BIN_DIR\=/Applications/Xcode.app/Contents/Developer/usr/bin
    export DEVELOPER_DIR\=/Applications/Xcode.app/Contents/Developer
    export DEVELOPER_FRAMEWORKS_DIR\=/Applications/Xcode.app/Contents/Developer/Library/Frameworks
    export DEVELOPER_FRAMEWORKS_DIR_QUOTED\=/Applications/Xcode.app/Contents/Developer/Library/Frameworks
    export DEVELOPER_LIBRARY_DIR\=/Applications/Xcode.app/Contents/Developer/Library
    export DEVELOPER_SDK_DIR\=/Applications/Xcode.app/Contents/Developer/Platforms/MacOSX.platform/Developer/SDKs
    export DEVELOPER_TOOLS_DIR\=/Applications/Xcode.app/Contents/Developer/Tools
    export DEVELOPER_USR_DIR\=/Applications/Xcode.app/Contents/Developer/usr
    export DEVELOPMENT_LANGUAGE\=en
    export DIAGNOSE_MISSING_TARGET_DEPENDENCIES\=YES
    export DIFF\=/usr/bin/diff
    export DONT_GENERATE_INFOPLIST_FILE\=NO
    export DSTROOT\=/tmp/Pods.dst
    export DT_TOOLCHAIN_DIR\=/Applications/Xcode.app/Contents/Developer/Toolchains/XcodeDefault.xctoolchain
    export DWARF_DSYM_FILE_NAME\=.dSYM
    export DWARF_DSYM_FILE_SHOULD_ACCOMPANY_PRODUCT\=NO
    export DWARF_DSYM_FOLDER_PATH\=/Users/myfuckingmacbookair/Documents/GitHub/bindery/ios/build/Build/Products/Release-iphonesimulator/ExpoModulesCore
    export DYNAMIC_LIBRARY_EXTENSION\=dylib
    export EAGER_COMPILATION_ALLOW_SCRIPTS\=NO
    export EAGER_LINKING\=NO
    export EFFECTIVE_PLATFORM_NAME\=-iphonesimulator
    export EMBEDDED_CONTENT_CONTAINS_SWIFT\=NO
    export EMBED_ASSET_PACKS_IN_PRODUCT_BUNDLE\=NO
    export ENABLE_APP_SANDBOX\=NO
    export ENABLE_CODE_COVERAGE\=YES
    export ENABLE_CPLUSPLUS_BOUNDS_SAFE_BUFFERS\=NO
    export ENABLE_C_BOUNDS_SAFETY\=NO
    export ENABLE_DEBUG_DYLIB\=NO
    export ENABLE_DEFAULT_HEADER_SEARCH_PATHS\=YES
    export ENABLE_DEFAULT_SEARCH_PATHS\=YES
    export ENABLE_ENHANCED_SECURITY\=NO
    export ENABLE_HARDENED_RUNTIME\=NO
    export ENABLE_HEADER_DEPENDENCIES\=YES
    export ENABLE_INCOMING_NETWORK_CONNECTIONS\=NO
    export ENABLE_NS_ASSERTIONS\=NO
    export ENABLE_ON_DEMAND_RESOURCES\=NO
    export ENABLE_OUTGOING_NETWORK_CONNECTIONS\=NO
    export ENABLE_POINTER_AUTHENTICATION\=NO
    export ENABLE_PREVIEWS\=NO
    export ENABLE_RESOURCE_ACCESS_AUDIO_INPUT\=NO
    export ENABLE_RESOURCE_ACCESS_BLUETOOTH\=NO
    export ENABLE_RESOURCE_ACCESS_CALENDARS\=NO
    export ENABLE_RESOURCE_ACCESS_CAMERA\=NO
    export ENABLE_RESOURCE_ACCESS_CONTACTS\=NO
    export ENABLE_RESOURCE_ACCESS_LOCATION\=NO
    export ENABLE_RESOURCE_ACCESS_PHOTO_LIBRARY\=NO
    export ENABLE_RESOURCE_ACCESS_PRINTING\=NO
    export ENABLE_RESOURCE_ACCESS_USB\=NO
    export ENABLE_SDK_IMPORTS\=NO
    export ENABLE_SECURITY_COMPILER_WARNINGS\=NO
    export ENABLE_STRICT_OBJC_MSGSEND\=YES
    export ENABLE_TESTABILITY\=NO
    export ENABLE_TESTING_SEARCH_PATHS\=NO
    export ENABLE_USER_SCRIPT_SANDBOXING\=NO
    export ENABLE_XOJIT_PREVIEWS\=NO
    export ENFORCE_VALID_ARCHS\=YES
    export ENTITLEMENTS_DESTINATION\=__entitlements
    export ENTITLEMENTS_REQUIRED\=YES
    export EXCLUDED_INSTALLSRC_SUBDIRECTORY_PATTERNS\=.DS_Store\ .svn\ .git\ .hg\ CVS
    export EXCLUDED_RECURSIVE_SEARCH_PATH_SUBDIRECTORIES\=\*.nib\ \*.lproj\ \*.framework\ \*.gch\ \*.xcode\*\ \*.xcassets\ \*.icon\ \(\*\)\ .DS_Store\ CVS\ .svn\ .git\ .hg\ \*.pbproj\ \*.pbxproj
    export FILE_LIST\=/Users/myfuckingmacbookair/Documents/GitHub/bindery/ios/build/Build/Intermediates.noindex/Pods.build/Release-iphonesimulator/ExpoModulesCore.build/Objects/LinkFileList
    export FIXED_FILES_DIR\=/Users/myfuckingmacbookair/Documents/GitHub/bindery/ios/build/Build/Intermediates.noindex/Pods.build/Release-iphonesimulator/ExpoModulesCore.build/FixedFiles
    export FRAMEWORK_SEARCH_PATHS\=\ \"/Users/myfuckingmacbookair/Documents/GitHub/bindery/ios/Pods/../../node_modules/expo-modules-jsi/apple/Products\"\ \"/Users/myfuckingmacbookair/Documents/GitHub/bindery/ios/Pods/ExpoModulesCore\"\ \"/Users/myfuckingmacbookair/Documents/GitHub/bindery/ios/Pods/React-Core-prebuilt\"\ \"/Users/myfuckingmacbookair/Documents/GitHub/bindery/ios/Pods/ReactNativeDependencies/framework/packages/react-native\"\ \"/Users/myfuckingmacbookair/Documents/GitHub/bindery/ios/Pods/hermes-engine/destroot/Library/Frameworks/universal\"\ \"/Users/myfuckingmacbookair/Documents/GitHub/bindery/ios/build/Build/Products/Release-iphonesimulator/XCFrameworkIntermediates/ExpoModulesCore\"\ \"/Users/myfuckingmacbookair/Documents/GitHub/bindery/ios/build/Build/Products/Release-iphonesimulator/XCFrameworkIntermediates/ExpoModulesJSI\"\ \"/Users/myfuckingmacbookair/Documents/GitHub/bindery/ios/build/Build/Products/Release-iphonesimulator/XCFrameworkIntermediates/React-Core-prebuilt\"\ \"/Users/myfuckingmacbookair/Documents/GitHub/bindery/ios/build/Build/Products/Release-iphonesimulator/XCFrameworkIntermediates/ReactNativeDependencies\"\ \"/Users/myfuckingmacbookair/Documents/GitHub/bindery/ios/build/Build/Products/Release-iphonesimulator/XCFrameworkIntermediates/hermes-engine/Pre-built\"
    export FRAMEWORK_VERSION\=A
    export FUSE_BUILD_PHASES\=YES
    export FUSE_BUILD_SCRIPT_PHASES\=NO
    export GCC3_VERSION\=3.3
    export GCC_C_LANGUAGE_STANDARD\=gnu11
    export GCC_NO_COMMON_BLOCKS\=YES
    export GCC_OBJC_LEGACY_DISPATCH\=YES
    export GCC_PFE_FILE_C_DIALECTS\=c\ objective-c\ c++\ objective-c++
    export GCC_PREPROCESSOR_DEFINITIONS\=POD_CONFIGURATION_RELEASE\=1\ \ COCOAPODS\=1\ POD_CONFIGURATION_RELEASE\=1\ \ EXPO_MODULES_CORE_VERSION\=57.0.7
    export GCC_TREAT_WARNINGS_AS_ERRORS\=NO
    export GCC_VERSION\=com.apple.compilers.llvm.clang.1_0
    export GCC_VERSION_IDENTIFIER\=com_apple_compilers_llvm_clang_1_0
    export GCC_WARN_64_TO_32_BIT_CONVERSION\=YES
    export GCC_WARN_ABOUT_RETURN_TYPE\=YES_ERROR
    export GCC_WARN_UNDECLARED_SELECTOR\=YES
    export GCC_WARN_UNINITIALIZED_AUTOS\=YES_AGGRESSIVE
    export GCC_WARN_UNUSED_FUNCTION\=YES
    export GCC_WARN_UNUSED_VARIABLE\=YES
    export GENERATED_MODULEMAP_DIR\=/Users/myfuckingmacbookair/Documents/GitHub/bindery/ios/build/Build/Intermediates.noindex/GeneratedModuleMaps-iphonesimulator
    export GENERATE_INFOPLIST_FILE\=NO
    export GENERATE_INTERMEDIATE_TEXT_BASED_STUBS\=YES
    export GENERATE_PKGINFO_FILE\=NO
    export GENERATE_PRELINK_OBJECT_FILE\=NO
    export GENERATE_PROFILING_CODE\=NO
    export GENERATE_TEXT_BASED_STUBS\=NO
    export GID\=20
    export GROUP\=staff
    export HEADERMAP_INCLUDES_FLAT_ENTRIES_FOR_TARGET_BEING_BUILT\=YES
    export HEADERMAP_INCLUDES_FRAMEWORK_ENTRIES_FOR_ALL_PRODUCT_TYPES\=YES
    export HEADERMAP_INCLUDES_FRAMEWORK_ENTRIES_FOR_TARGETS_NOT_BEING_BUILT\=YES
    export HEADERMAP_INCLUDES_NONPUBLIC_NONPRIVATE_HEADERS\=YES
    export HEADERMAP_INCLUDES_PROJECT_HEADERS\=YES
    export HEADERMAP_USES_FRAMEWORK_PREFIX_ENTRIES\=YES
    export HEADERMAP_USES_VFS\=YES
    export HEADER_SEARCH_PATHS\=\ \"/Users/myfuckingmacbookair/Documents/GitHub/bindery/ios/Pods/Headers/Public\"\ \"/Users/myfuckingmacbookair/Documents/GitHub/bindery/ios/Pods/Headers/Public/FBLazyVector\"\ \"/Users/myfuckingmacbookair/Documents/GitHub/bindery/ios/Pods/Headers/Public/RCTRequired\"\ \"/Users/myfuckingmacbookair/Documents/GitHub/bindery/ios/Pods/Headers/Public/RCTSwiftUIWrapper\"\ \"/Users/myfuckingmacbookair/Documents/GitHub/bindery/ios/Pods/Headers/Public/RCTTypeSafety\"\ \"/Users/myfuckingmacbookair/Documents/GitHub/bindery/ios/Pods/Headers/Public/React-Core\"\ \"/Users/myfuckingmacbookair/Documents/GitHub/bindery/ios/Pods/Headers/Public/React-Core-prebuilt\"\ \"/Users/myfuckingmacbookair/Documents/GitHub/bindery/ios/Pods/Headers/Public/React-CoreModules\"\ \"/Users/myfuckingmacbookair/Documents/GitHub/bindery/ios/Pods/Headers/Public/React-Fabric\"\ \"/Users/myfuckingmacbookair/Documents/GitHub/bindery/ios/Pods/Headers/Public/React-FabricComponents\"\ \"/Users/myfuckingmacbookair/Documents/GitHub/bindery/ios/Pods/Headers/Public/React-FabricImage\"\ \"/Users/myfuckingmacbookair/Documents/GitHub/bindery/ios/Pods/Headers/Public/React-ImageManager\"\ \"/Users/myfuckingmacbookair/Documents/GitHub/bindery/ios/Pods/Headers/Public/React-Mapbuffer\"\ \"/Users/myfuckingmacbookair/Documents/GitHub/bindery/ios/Pods/Headers/Public/React-NativeModulesApple\"\ \"/Users/myfuckingmacbookair/Documents/GitHub/bindery/ios/Pods/Headers/Public/React-RCTAnimation\"\ \"/Users/myfuckingmacbookair/Documents/GitHub/bindery/ios/Pods/Headers/Public/React-RCTBlob\"\ \"/Users/myfuckingmacbookair/Documents/GitHub/bindery/ios/Pods/Headers/Public/React-RCTFBReactNativeSpec\"\ \"/Users/myfuckingmacbookair/Documents/GitHub/bindery/ios/Pods/Headers/Public/React-RCTFabric\"\ \"/Users/myfuckingmacbookair/Documents/GitHub/bindery/ios/Pods/Headers/Public/React-RCTImage\"\ \"/Users/myfuckingmacbookair/Documents/GitHub/bindery/ios/Pods/Headers/Public/React-RCTRuntime\"\ \"/Users/myfuckingmacbookair/Documents/GitHub/bindery/ios/Pods/Headers/Public/React-RCTText\"\ \"/Users/myfuckingmacbookair/Documents/GitHub/bindery/ios/Pods/Headers/Public/React-RuntimeApple\"\ \"/Users/myfuckingmacbookair/Documents/GitHub/bindery/ios/Pods/Headers/Public/React-RuntimeCore\"\ \"/Users/myfuckingmacbookair/Documents/GitHub/bindery/ios/Pods/Headers/Public/React-RuntimeHermes\"\ \"/Users/myfuckingmacbookair/Documents/GitHub/bindery/ios/Pods/Headers/Public/React-callinvoker\"\ \"/Users/myfuckingmacbookair/Documents/GitHub/bindery/ios/Pods/Headers/Public/React-cxxreact\"\ \"/Users/myfuckingmacbookair/Documents/GitHub/bindery/ios/Pods/Headers/Public/React-debug\"\ \"/Users/myfuckingmacbookair/Documents/GitHub/bindery/ios/Pods/Headers/Public/React-defaultsnativemodule\"\ \"/Users/myfuckingmacbookair/Documents/GitHub/bindery/ios/Pods/Headers/Public/React-domnativemodule\"\ \"/Users/myfuckingmacbookair/Documents/GitHub/bindery/ios/Pods/Headers/Public/React-featureflags\"\ \"/Users/myfuckingmacbookair/Documents/GitHub/bindery/ios/Pods/Headers/Public/React-featureflagsnativemodule\"\ \"/Users/myfuckingmacbookair/Documents/GitHub/bindery/ios/Pods/Headers/Public/React-graphics\"\ \"/Users/myfuckingmacbookair/Documents/GitHub/bindery/ios/Pods/Headers/Public/React-hermes\"\ \"/Users/myfuckingmacbookair/Documents/GitHub/bindery/ios/Pods/Headers/Public/React-idlecallbacksnativemodule\"\ \"/Users/myfuckingmacbookair/Documents/GitHub/bindery/ios/Pods/Headers/Public/React-intersectionobservernativemodule\"\ \"/Users/myfuckingmacbookair/Documents/GitHub/bindery/ios/Pods/Headers/Public/React-jserrorhandler\"\ \"/Users/myfuckingmacbookair/Documents/GitHub/bindery/ios/Pods/Headers/Public/React-jsi\"\ \"/Users/myfuckingmacbookair/Documents/GitHub/bindery/ios/Pods/Headers/Public/React-jsiexecutor\"\ \"/Users/myfuckingmacbookair/Documents/GitHub/bindery/ios/Pods/Headers/Public/React-jsinspector\"\ \"/Users/myfuckingmacbookair/Documents/GitHub/bindery/ios/Pods/Headers/Public/React-jsinspectorcdp\"\ \"/Users/myfuckingmacbookair/Documents/GitHub/bindery/ios/Pods/Headers/Public/React-jsinspectornetwork\"\ \"/Users/myfuckingmacbookair/Documents/GitHub/bindery/ios/Pods/Headers/Public/React-jsinspectortracing\"\ \"/Users/myfuckingmacbookair/Documents/GitHub/bindery/ios/Pods/Headers/Public/React-jsitooling\"\ \"/Users/myfuckingmacbookair/Documents/GitHub/bindery/ios/Pods/Headers/Public/React-logger\"\ \"/Users/myfuckingmacbookair/Documents/GitHub/bindery/ios/Pods/Headers/Public/React-microtasksnativemodule\"\ \"/Users/myfuckingmacbookair/Documents/GitHub/bindery/ios/Pods/Headers/Public/React-mutationobservernativemodule\"\ \"/Users/myfuckingmacbookair/Documents/GitHub/bindery/ios/Pods/Headers/Public/React-networking\"\ \"/Users/myfuckingmacbookair/Documents/GitHub/bindery/ios/Pods/Headers/Public/React-oscompat\"\ \"/Users/myfuckingmacbookair/Documents/GitHub/bindery/ios/Pods/Headers/Public/React-perflogger\"\ \"/Users/myfuckingmacbookair/Documents/GitHub/bindery/ios/Pods/Headers/Public/React-performancecdpmetrics\"\ \"/Users/myfuckingmacbookair/Documents/GitHub/bindery/ios/Pods/Headers/Public/React-performancetimeline\"\ \"/Users/myfuckingmacbookair/Documents/GitHub/bindery/ios/Pods/Headers/Public/React-rendererconsistency\"\ \"/Users/myfuckingmacbookair/Documents/GitHub/bindery/ios/Pods/Headers/Public/React-renderercss\"\ \"/Users/myfuckingmacbookair/Documents/GitHub/bindery/ios/Pods/Headers/Public/React-rendererdebug\"\ \"/Users/myfuckingmacbookair/Documents/GitHub/bindery/ios/Pods/Headers/Public/React-runtimeexecutor\"\ \"/Users/myfuckingmacbookair/Documents/GitHub/bindery/ios/Pods/Headers/Public/React-runtimescheduler\"\ \"/Users/myfuckingmacbookair/Documents/GitHub/bindery/ios/Pods/Headers/Public/React-timing\"\ \"/Users/myfuckingmacbookair/Documents/GitHub/bindery/ios/Pods/Headers/Public/React-utils\"\ \"/Users/myfuckingmacbookair/Documents/GitHub/bindery/ios/Pods/Headers/Public/React-viewtransitionnativemodule\"\ \"/Users/myfuckingmacbookair/Documents/GitHub/bindery/ios/Pods/Headers/Public/React-webperformancenativemodule\"\ \"/Users/myfuckingmacbookair/Documents/GitHub/bindery/ios/Pods/Headers/Public/ReactCodegen\"\ \"/Users/myfuckingmacbookair/Documents/GitHub/bindery/ios/Pods/Headers/Public/ReactCommon\"\ \"/Users/myfuckingmacbookair/Documents/GitHub/bindery/ios/Pods/Headers/Public/ReactNativeDependencies\"\ \"/Users/myfuckingmacbookair/Documents/GitHub/bindery/ios/Pods/Headers/Public/Yoga\"\ \"/Users/myfuckingmacbookair/Documents/GitHub/bindery/ios/Pods/Headers/Public/hermes-engine\"\ \"/Users/myfuckingmacbookair/Documents/GitHub/bindery/ios/Pods/React-jsinspector\"\ \"/Users/myfuckingmacbookair/Documents/GitHub/bindery/ios/Pods/Headers/Private/Yoga\"\ \"/Users/myfuckingmacbookair/Documents/GitHub/bindery/ios/Pods/ExpoModulesCore/ExpoModulesCore.xcframework/ios-arm64_x86_64-simulator/ExpoModulesCore.framework/Headers\"\ \"/Users/myfuckingmacbookair/Documents/GitHub/bindery/ios/Pods/ExpoModulesCore/ExpoModulesCore.xcframework/ios-arm64/ExpoModulesCore.framework/Headers\"\ \"/Users/myfuckingmacbookair/Documents/GitHub/bindery/ios/Pods/ExpoModulesCore/ExpoModulesCore.xcframework/ios-arm64_x86_64-simulator/ExpoModulesCore.framework/Headers\"\ \"/Users/myfuckingmacbookair/Documents/GitHub/bindery/ios/Pods/ExpoModulesCore/ExpoModulesCore.xcframework/ios-arm64/ExpoModulesCore.framework/Headers\"
    export HOME\=/Users/myfuckingmacbookair
    export HOST_ARCH\=x86_64
    export HOST_PLATFORM\=macosx
    export ICONV\=/usr/bin/iconv
    export IMPLICIT_DEPENDENCY_DOMAIN\=default
    export INFOPLIST_ENABLE_CFBUNDLEICONS_MERGE\=YES
    export INFOPLIST_EXPAND_BUILD_SETTINGS\=YES
    export INFOPLIST_OUTPUT_FORMAT\=binary
    export INFOPLIST_PREPROCESS\=NO
    export INLINE_PRIVATE_FRAMEWORKS\=NO
    export INSTALLAPI_IGNORE_SKIP_INSTALL\=YES
    export INSTALLHDRS_COPY_PHASE\=NO
    export INSTALLHDRS_SCRIPT_PHASE\=NO
    export INSTALL_DIR\=/tmp/Pods.dst
    export INSTALL_GROUP\=staff
    export INSTALL_MODE_FLAG\=u+w,go-w,a+rX
    export INSTALL_OWNER\=myfuckingmacbookair
    export INSTALL_ROOT\=/tmp/Pods.dst
    export IPHONEOS_DEPLOYMENT_TARGET\=16.4
    export IS_UNOPTIMIZED_BUILD\=NO
    export JAVAC_DEFAULT_FLAGS\=-J-Xms64m\ -J-XX:NewSize\=4M\ -J-Dfile.encoding\=UTF8
    export JAVA_APP_STUB\=/System/Library/Frameworks/JavaVM.framework/Resources/MacOS/JavaApplicationStub
    export JAVA_ARCHIVE_CLASSES\=YES
    export JAVA_ARCHIVE_TYPE\=JAR
    export JAVA_COMPILER\=/usr/bin/javac
    export JAVA_FRAMEWORK_RESOURCES_DIRS\=Resources
    export JAVA_JAR_FLAGS\=cv
    export JAVA_SOURCE_SUBDIR\=.
    export JAVA_USE_DEPENDENCIES\=YES
    export JAVA_ZIP_FLAGS\=-urg
    export JIKES_DEFAULT_FLAGS\=+E\ +OLDCSO
    export KEEP_PRIVATE_EXTERNS\=NO
    export LD_DEPENDENCY_INFO_FILE\=/Users/myfuckingmacbookair/Documents/GitHub/bindery/ios/build/Build/Intermediates.noindex/Pods.build/Release-iphonesimulator/ExpoModulesCore.build/Objects-normal/undefined_arch/ExpoModulesCore_dependency_info.dat
    export LD_EXPORT_SYMBOLS\=YES
    export LD_GENERATE_MAP_FILE\=NO
    export LD_MAP_FILE_PATH\=/Users/myfuckingmacbookair/Documents/GitHub/bindery/ios/build/Build/Intermediates.noindex/Pods.build/Release-iphonesimulator/ExpoModulesCore.build/ExpoModulesCore-LinkMap-normal-undefined_arch.txt
    export LD_NO_PIE\=NO
    export LD_QUOTE_LINKER_ARGUMENTS_FOR_COMPILER_DRIVER\=YES
    export LD_RUNPATH_SEARCH_PATHS\=\ @executable_path/Frameworks
    export LD_SHARED_CACHE_ELIGIBLE\=Automatic
    export LD_WARN_DUPLICATE_LIBRARIES\=NO
    export LD_WARN_UNUSED_DYLIBS\=NO
    export LEGACY_DEVELOPER_DIR\=/Applications/Xcode.app/Contents/PlugIns/Xcode3Core.ideplugin/Contents/SharedSupport/Developer
    export LEX\=lex
    export LIBRARY_DEXT_INSTALL_PATH\=/Library/DriverExtensions
    export LIBRARY_FLAG_NOSPACE\=YES
    export LIBRARY_KEXT_INSTALL_PATH\=/Library/Extensions
    export LINKER_DISPLAYS_MANGLED_NAMES\=NO
    export LINK_FILE_LIST_normal_arm64\=/Users/myfuckingmacbookair/Documents/GitHub/bindery/ios/build/Build/Intermediates.noindex/Pods.build/Release-iphonesimulator/ExpoModulesCore.build/Objects-normal/arm64/ExpoModulesCore.LinkFileList
    export LINK_FILE_LIST_normal_x86_64\=/Users/myfuckingmacbookair/Documents/GitHub/bindery/ios/build/Build/Intermediates.noindex/Pods.build/Release-iphonesimulator/ExpoModulesCore.build/Objects-normal/x86_64/ExpoModulesCore.LinkFileList
    export LINK_OBJC_RUNTIME\=YES
    export LINK_WITH_STANDARD_LIBRARIES\=YES
    export LLVM_TARGET_TRIPLE_OS_VERSION\=ios16.4
    export LLVM_TARGET_TRIPLE_SUFFIX\=-simulator
    export LLVM_TARGET_TRIPLE_VENDOR\=apple
    export LM_AUX_CONST_METADATA_LIST_PATH_normal_arm64\=/Users/myfuckingmacbookair/Documents/GitHub/bindery/ios/build/Build/Intermediates.noindex/Pods.build/Release-iphonesimulator/ExpoModulesCore.build/Objects-normal/arm64/ExpoModulesCore.SwiftConstValuesFileList
    export LM_AUX_CONST_METADATA_LIST_PATH_normal_x86_64\=/Users/myfuckingmacbookair/Documents/GitHub/bindery/ios/build/Build/Intermediates.noindex/Pods.build/Release-iphonesimulator/ExpoModulesCore.build/Objects-normal/x86_64/ExpoModulesCore.SwiftConstValuesFileList
    export LOCALIZATION_EXPORT_SUPPORTED\=YES
    export LOCALIZATION_PREFERS_STRING_CATALOGS\=NO
    export LOCALIZED_STRING_MACRO_NAMES\=NSLocalizedString\ CFCopyLocalizedString
    export LOCALIZED_STRING_SWIFTUI_SUPPORT\=YES
    export LOCAL_ADMIN_APPS_DIR\=/Applications/Utilities
    export LOCAL_APPS_DIR\=/Applications
    export LOCAL_DEVELOPER_DIR\=/Library/Developer
    export LOCAL_LIBRARY_DIR\=/Library
    export LOCROOT\=/Users/myfuckingmacbookair/Documents/GitHub/bindery/ios/Pods
    export LOCSYMROOT\=/Users/myfuckingmacbookair/Documents/GitHub/bindery/ios/Pods
    export MAC_OS_X_PRODUCT_BUILD_VERSION\=25F80
    export MAC_OS_X_VERSION_ACTUAL\=260501
    export MAC_OS_X_VERSION_MAJOR\=260000
    export MAC_OS_X_VERSION_MINOR\=260500
    export MAKE_MERGEABLE\=NO
    export MERGEABLE_LIBRARY\=NO
    export MERGED_BINARY_TYPE\=none
    export MERGE_LINKED_LIBRARIES\=NO
    export METAL_LIBRARY_FILE_BASE\=default
    export METAL_LIBRARY_OUTPUT_DIR\=/Users/myfuckingmacbookair/Documents/GitHub/bindery/ios/build/Build/Products/Release-iphonesimulator/ExpoModulesCore/
    export MODULE_CACHE_DIR\=/Users/myfuckingmacbookair/Documents/GitHub/bindery/ios/build/ModuleCache.noindex
    export MTL_ENABLE_DEBUG_INFO\=NO
    export MTL_FAST_MATH\=YES
    export NATIVE_ARCH\=x86_64
    export NATIVE_ARCH_32_BIT\=i386
    export NATIVE_ARCH_64_BIT\=x86_64
    export NATIVE_ARCH_ACTUAL\=x86_64
    export NO_COMMON\=YES
    export OBJC_ABI_VERSION\=2
    export OBJECT_FILE_DIR\=/Users/myfuckingmacbookair/Documents/GitHub/bindery/ios/build/Build/Intermediates.noindex/Pods.build/Release-iphonesimulator/ExpoModulesCore.build/Objects
    export OBJECT_FILE_DIR_normal\=/Users/myfuckingmacbookair/Documents/GitHub/bindery/ios/build/Build/Intermediates.noindex/Pods.build/Release-iphonesimulator/ExpoModulesCore.build/Objects-normal
    export OBJROOT\=/Users/myfuckingmacbookair/Documents/GitHub/bindery/ios/build/Build/Intermediates.noindex
    export ONLY_ACTIVE_ARCH\=NO
    export OS\=MACOS
    export OSAC\=/usr/bin/osacompile
    export OTHER_CFLAGS\=\ -DRCT_REMOVE_LEGACY_ARCH\=1\ -fmodule-map-file\=\"/Users/myfuckingmacbookair/Documents/GitHub/bindery/ios/Pods/Headers/Public/ReactCodegen/ReactCodegen.modulemap\"\ \ -DRCT_REMOVE_LEGACY_ARCH\=1\ -ivfsoverlay\ /Users/myfuckingmacbookair/Documents/GitHub/bindery/ios/Pods/React-Core-prebuilt/React-VFS.yaml\ -DNDEBUG
    export OTHER_CPLUSPLUSFLAGS\=\ -DRCT_REMOVE_LEGACY_ARCH\=1\ -fmodule-map-file\=\"/Users/myfuckingmacbookair/Documents/GitHub/bindery/ios/Pods/Headers/Public/ReactCodegen/ReactCodegen.modulemap\"\ \ -DRCT_REMOVE_LEGACY_ARCH\=1\ -ivfsoverlay\ /Users/myfuckingmacbookair/Documents/GitHub/bindery/ios/Pods/React-Core-prebuilt/React-VFS.yaml\ -DNDEBUG\ -DRCT_REMOVE_LEGACY_ARCH\=1\ -DRCT_NEW_ARCH_ENABLED\=1\ \ -ivfsoverlay\ /Users/myfuckingmacbookair/Documents/GitHub/bindery/ios/Pods/React-Core-prebuilt/React-VFS.yaml\ -DNDEBUG
    export OTHER_SWIFT_FLAGS\=\ -D\ COCOAPODS\ -Xcc\ -fmodule-map-file\=\"/Users/myfuckingmacbookair/Documents/GitHub/bindery/ios/Pods/Headers/Public/ReactCodegen/ReactCodegen.modulemap\"\ -import-underlying-module\ -Xcc\ -fmodule-map-file\=\"/Users/myfuckingmacbookair/Documents/GitHub/bindery/ios/Pods/\"\ \ -DRCT_NEW_ARCH_ENABLED\ -Xcc\ -ivfsoverlay\ -Xcc\ /Users/myfuckingmacbookair/Documents/GitHub/bindery/ios/Pods/React-Core-prebuilt/React-VFS.yaml\ -Xfrontend\ -load-plugin-executable\ -Xfrontend\ \"/Users/myfuckingmacbookair/Documents/GitHub/bindery/node_modules/@expo/expo-modules-macros-plugin/apple/ExpoModulesMacros-tool\#ExpoModulesMacros\"
    export PASCAL_STRINGS\=YES
    export PATH\=/Applications/Xcode.app/Contents/SharedFrameworks/SwiftBuild.framework/Versions/A/PlugIns/SWBBuildService.bundle/Contents/PlugIns/SWBUniversalPlatformPlugin.bundle/Contents/Frameworks/SWBUniversalPlatform.framework/Resources:/Applications/Xcode.app/Contents/Developer/Toolchains/XcodeDefault.xctoolchain/usr/bin:/Applications/Xcode.app/Contents/Developer/Toolchains/XcodeDefault.xctoolchain/usr/local/bin:/Applications/Xcode.app/Contents/Developer/Toolchains/XcodeDefault.xctoolchain/usr/libexec:/Applications/Xcode.app/Contents/Developer/Platforms/iPhoneSimulator.platform/usr/bin:/Applications/Xcode.app/Contents/Developer/Platforms/iPhoneSimulator.platform/usr/local/bin:/Applications/Xcode.app/Contents/Developer/Platforms/iPhoneSimulator.platform/Developer/usr/bin:/Applications/Xcode.app/Contents/Developer/Platforms/iPhoneSimulator.platform/Developer/usr/local/bin:/Applications/Xcode.app/Contents/Developer/usr/bin:/Applications/Xcode.app/Contents/Developer/usr/local/bin:/Users/myfuckingmacbookair/.local/bin:/Users/myfuckingmacbookair/.npm-global/bin:/usr/local/bin:/System/Cryptexes/App/usr/bin:/usr/bin:/bin:/usr/sbin:/sbin:/var/run/com.apple.security.cryptexd/codex.system/bootstrap/usr/local/bin:/var/run/com.apple.security.cryptexd/codex.system/bootstrap/usr/bin:/var/run/com.apple.security.cryptexd/codex.system/bootstrap/usr/appleinternal/bin:/pkg/env/global/bin:/Library/Apple/usr/bin:/Users/myfuckingmacbookair/.bun/bin:/Users/myfuckingmacbookair/Library/pnpm:/Users/myfuckingmacbookair/Library/Application\ Support/Claude/local-agent-mode-sessions/skills-plugin/8bf2ebc1-a06e-4b18-bf97-856db8c64549/ec19a108-c20c-455d-9708-6a8cfabeb0b8/bin
    export PATH_PREFIXES_EXCLUDED_FROM_HEADER_DEPENDENCIES\=/usr/include\ /usr/local/include\ /System/Library/Frameworks\ /System/Library/PrivateFrameworks\ /Applications/Xcode.app/Contents/Developer/Headers\ /Applications/Xcode.app/Contents/Developer/SDKs\ /Applications/Xcode.app/Contents/Developer/Platforms
    export PER_ARCH_MODULE_FILE_DIR\=/Users/myfuckingmacbookair/Documents/GitHub/bindery/ios/build/Build/Intermediates.noindex/Pods.build/Release-iphonesimulator/ExpoModulesCore.build/Objects-normal/undefined_arch
    export PER_ARCH_OBJECT_FILE_DIR\=/Users/myfuckingmacbookair/Documents/GitHub/bindery/ios/build/Build/Intermediates.noindex/Pods.build/Release-iphonesimulator/ExpoModulesCore.build/Objects-normal/undefined_arch
    export PER_VARIANT_OBJECT_FILE_DIR\=/Users/myfuckingmacbookair/Documents/GitHub/bindery/ios/build/Build/Intermediates.noindex/Pods.build/Release-iphonesimulator/ExpoModulesCore.build/Objects-normal
    export PKGINFO_FILE_PATH\=/Users/myfuckingmacbookair/Documents/GitHub/bindery/ios/build/Build/Intermediates.noindex/Pods.build/Release-iphonesimulator/ExpoModulesCore.build/PkgInfo
    export PLATFORM_DEVELOPER_APPLICATIONS_DIR\=/Applications/Xcode.app/Contents/Developer/Platforms/iPhoneSimulator.platform/Developer/Applications
    export PLATFORM_DEVELOPER_BIN_DIR\=/Applications/Xcode.app/Contents/Developer/Platforms/iPhoneSimulator.platform/Developer/usr/bin
    export PLATFORM_DEVELOPER_LIBRARY_DIR\=/Applications/Xcode.app/Contents/Developer/Platforms/iPhoneSimulator.platform/Developer/Library
    export PLATFORM_DEVELOPER_SDK_DIR\=/Applications/Xcode.app/Contents/Developer/Platforms/iPhoneSimulator.platform/Developer/SDKs
    export PLATFORM_DEVELOPER_TOOLS_DIR\=/Applications/Xcode.app/Contents/Developer/Platforms/iPhoneSimulator.platform/Developer/Tools
    export PLATFORM_DEVELOPER_USR_DIR\=/Applications/Xcode.app/Contents/Developer/Platforms/iPhoneSimulator.platform/Developer/usr
    export PLATFORM_DIR\=/Applications/Xcode.app/Contents/Developer/Platforms/iPhoneSimulator.platform
    export PLATFORM_DISPLAY_NAME\=iOS\ Simulator
    export PLATFORM_FAMILY_NAME\=iOS
    export PLATFORM_NAME\=iphonesimulator
    export PLATFORM_PREFERRED_ARCH\=x86_64
    export PLATFORM_PRODUCT_BUILD_VERSION\=23A339
    export PLATFORM_REQUIRES_SWIFT_AUTOLINK_EXTRACT\=NO
    export PLATFORM_REQUIRES_SWIFT_MODULEWRAP\=NO
    export PLIST_FILE_OUTPUT_FORMAT\=binary
    export PODFILE_DIR\=/Users/myfuckingmacbookair/Documents/GitHub/bindery/ios/Pods/..
    export PODS_BUILD_DIR\=/Users/myfuckingmacbookair/Documents/GitHub/bindery/ios/build/Build/Products
    export PODS_CONFIGURATION_BUILD_DIR\=/Users/myfuckingmacbookair/Documents/GitHub/bindery/ios/build/Build/Products/Release-iphonesimulator
    export PODS_DEVELOPMENT_LANGUAGE\=en
    export PODS_ROOT\=/Users/myfuckingmacbookair/Documents/GitHub/bindery/ios/Pods
    export PODS_TARGET_SRCROOT\=/Users/myfuckingmacbookair/Documents/GitHub/bindery/ios/Pods/ExpoModulesCore
    export PODS_XCFRAMEWORKS_BUILD_DIR\=/Users/myfuckingmacbookair/Documents/GitHub/bindery/ios/build/Build/Products/Release-iphonesimulator/XCFrameworkIntermediates
    export PRECOMPS_INCLUDE_HEADERS_FROM_BUILT_PRODUCTS_DIR\=YES
    export PRECOMP_DESTINATION_DIR\=/Users/myfuckingmacbookair/Documents/GitHub/bindery/ios/build/Build/Intermediates.noindex/Pods.build/Release-iphonesimulator/ExpoModulesCore.build/PrefixHeaders
    export PROCESSED_INFOPLIST_PATH\=/Users/myfuckingmacbookair/Documents/GitHub/bindery/ios/build/Build/Intermediates.noindex/Pods.build/Release-iphonesimulator/ExpoModulesCore.build/Objects-normal/undefined_arch/Processed-Info.plist
    export PRODUCT_BUNDLE_IDENTIFIER\=org.cocoapods.ExpoModulesCore
    export PRODUCT_MODULE_NAME\=ExpoModulesCore
    export PRODUCT_NAME\=ExpoModulesCore
    export PRODUCT_SETTINGS_PATH\=
    export PROFILING_CODE\=NO
    export PROJECT\=Pods
    export PROJECT_DERIVED_FILE_DIR\=/Users/myfuckingmacbookair/Documents/GitHub/bindery/ios/build/Build/Intermediates.noindex/Pods.build/DerivedSources
    export PROJECT_DIR\=/Users/myfuckingmacbookair/Documents/GitHub/bindery/ios/Pods
    export PROJECT_FILE_PATH\=/Users/myfuckingmacbookair/Documents/GitHub/bindery/ios/Pods/Pods.xcodeproj
    export PROJECT_GUID\=8699adb1dd336b26511df848a716bd42
    export PROJECT_NAME\=Pods
    export PROJECT_TEMP_DIR\=/Users/myfuckingmacbookair/Documents/GitHub/bindery/ios/build/Build/Intermediates.noindex/Pods.build
    export PROJECT_TEMP_ROOT\=/Users/myfuckingmacbookair/Documents/GitHub/bindery/ios/build/Build/Intermediates.noindex
    export REACT_NATIVE_PATH\=/Users/myfuckingmacbookair/Documents/GitHub/bindery/ios/Pods/../../node_modules/react-native
    export RECOMMENDED_IPHONEOS_DEPLOYMENT_TARGET\=15.0
    export RECURSIVE_SEARCH_PATHS_FOLLOW_SYMLINKS\=YES
    export REMOVE_CVS_FROM_RESOURCES\=YES
    export REMOVE_GIT_FROM_RESOURCES\=YES
    export REMOVE_HEADERS_FROM_EMBEDDED_BUNDLES\=YES
    export REMOVE_HG_FROM_RESOURCES\=YES
    export REMOVE_STATIC_EXECUTABLES_FROM_EMBEDDED_BUNDLES\=YES
    export REMOVE_SVN_FROM_RESOURCES\=YES
    export RESCHEDULE_INDEPENDENT_HEADERS_PHASES\=YES
    export REZ_COLLECTOR_DIR\=/Users/myfuckingmacbookair/Documents/GitHub/bindery/ios/build/Build/Intermediates.noindex/Pods.build/Release-iphonesimulator/ExpoModulesCore.build/ResourceManagerResources
    export REZ_OBJECTS_DIR\=/Users/myfuckingmacbookair/Documents/GitHub/bindery/ios/build/Build/Intermediates.noindex/Pods.build/Release-iphonesimulator/ExpoModulesCore.build/ResourceManagerResources/Objects
    export RUNTIME_EXCEPTION_ALLOW_DYLD_ENVIRONMENT_VARIABLES\=NO
    export RUNTIME_EXCEPTION_ALLOW_JIT\=NO
    export RUNTIME_EXCEPTION_ALLOW_UNSIGNED_EXECUTABLE_MEMORY\=NO
    export RUNTIME_EXCEPTION_DEBUGGING_TOOL\=NO
    export RUNTIME_EXCEPTION_DISABLE_EXECUTABLE_PAGE_PROTECTION\=NO
    export RUNTIME_EXCEPTION_DISABLE_LIBRARY_VALIDATION\=NO
    export SCAN_ALL_SOURCE_FILES_FOR_INCLUDES\=NO
    export SCRIPT_INPUT_FILE_0\=/Users/myfuckingmacbookair/Documents/GitHub/bindery/node_modules/expo-modules-autolinking/scripts/ios/replace-xcframework.js
    export SCRIPT_INPUT_FILE_COUNT\=1
    export SCRIPT_INPUT_FILE_LIST_COUNT\=0
    export SCRIPT_OUTPUT_FILE_COUNT\=0
    export SCRIPT_OUTPUT_FILE_LIST_COUNT\=0
    export SDKROOT\=/Applications/Xcode.app/Contents/Developer/Platforms/iPhoneSimulator.platform/Developer/SDKs/iPhoneSimulator26.0.sdk
    export SDK_DIR\=/Applications/Xcode.app/Contents/Developer/Platforms/iPhoneSimulator.platform/Developer/SDKs/iPhoneSimulator26.0.sdk
    export SDK_DIR_iphonesimulator\=/Applications/Xcode.app/Contents/Developer/Platforms/iPhoneSimulator.platform/Developer/SDKs/iPhoneSimulator26.0.sdk
    export SDK_DIR_iphonesimulator26_0\=/Applications/Xcode.app/Contents/Developer/Platforms/iPhoneSimulator.platform/Developer/SDKs/iPhoneSimulator26.0.sdk
    export SDK_NAME\=iphonesimulator26.0
    export SDK_NAMES\=iphonesimulator26.0
    export SDK_PRODUCT_BUILD_VERSION\=23A339
    export SDK_STAT_CACHE_DIR\=/Users/myfuckingmacbookair/Documents/GitHub/bindery/ios/build
    export SDK_STAT_CACHE_ENABLE\=YES
    export SDK_STAT_CACHE_PATH\=/Users/myfuckingmacbookair/Documents/GitHub/bindery/ios/build/SDKStatCaches.noindex/iphonesimulator26.0-23A339-26257891a6c027eb51374368541b8346.sdkstatcache
    export SDK_VERSION\=26.0
    export SDK_VERSION_ACTUAL\=260000
    export SDK_VERSION_MAJOR\=260000
    export SDK_VERSION_MINOR\=260000
    export SED\=/usr/bin/sed
    export SEPARATE_STRIP\=NO
    export SEPARATE_SYMBOL_EDIT\=NO
    export SET_DIR_MODE_OWNER_GROUP\=YES
    export SET_FILE_MODE_OWNER_GROUP\=NO
    export SHALLOW_BUNDLE\=NO
    export SHARED_DERIVED_FILE_DIR\=/Users/myfuckingmacbookair/Documents/GitHub/bindery/ios/build/Build/Products/Release-iphonesimulator/ExpoModulesCore/DerivedSources
    export SHARED_PRECOMPS_DIR\=/Users/myfuckingmacbookair/Documents/GitHub/bindery/ios/build/Build/Intermediates.noindex/PrecompiledHeaders
    export SKIP_INSTALL\=YES
    export SOURCE_ROOT\=/Users/myfuckingmacbookair/Documents/GitHub/bindery/ios/Pods
    export SRCROOT\=/Users/myfuckingmacbookair/Documents/GitHub/bindery/ios/Pods
    export STRINGSDATA_DIR\=/Users/myfuckingmacbookair/Documents/GitHub/bindery/ios/build/Build/Intermediates.noindex/Pods.build/Release-iphonesimulator/ExpoModulesCore.build/Objects-normal/undefined_arch
    export STRINGSDATA_ROOT\=/Users/myfuckingmacbookair/Documents/GitHub/bindery/ios/build/Build/Intermediates.noindex/Pods.build/Release-iphonesimulator/ExpoModulesCore.build
    export STRINGS_FILE_INFOPLIST_RENAME\=YES
    export STRINGS_FILE_OUTPUT_ENCODING\=binary
    export STRING_CATALOG_GENERATE_SYMBOLS\=NO
    export STRIP_BITCODE_FROM_COPIED_FILES\=NO
    export STRIP_INSTALLED_PRODUCT\=NO
    export STRIP_STYLE\=all
    export STRIP_SWIFT_SYMBOLS\=YES
    export SUPPORTED_DEVICE_FAMILIES\=1,2
    export SUPPORTED_PLATFORMS\=iphoneos\ iphonesimulator
    export SUPPORTS_TEXT_BASED_API\=NO
    export SUPPRESS_WARNINGS\=NO
    export SWIFT_COMPILATION_MODE\=wholemodule
    export SWIFT_EMIT_CONST_VALUE_PROTOCOLS\=AppIntent\ EntityQuery\ AppEntity\ TransientEntity\ AppEnum\ AppShortcutProviding\ AppShortcutsProvider\ AnyResolverProviding\ AppIntentsPackage\ DynamicOptionsProvider\ _IntentValueRepresentable\ _AssistantIntentsProvider\ _GenerativeFunctionExtractable\ IntentValueQuery\ Resolver\ AppExtension\ ExtensionPointDefining
    export SWIFT_EMIT_LOC_STRINGS\=NO
    export SWIFT_EMIT_MODULE_INTERFACE\=NO
    export SWIFT_ENABLE_EXPLICIT_MODULES\=NO
    export SWIFT_INCLUDE_PATHS\=\ \"/Users/myfuckingmacbookair/Documents/GitHub/bindery/ios/build/Build/Products/Release-iphonesimulator/ExpoModulesJSI\"
    export SWIFT_OPTIMIZATION_LEVEL\=-O
    export SWIFT_PLATFORM_TARGET_PREFIX\=ios
    export SWIFT_RESPONSE_FILE_PATH_normal_arm64\=/Users/myfuckingmacbookair/Documents/GitHub/bindery/ios/build/Build/Intermediates.noindex/Pods.build/Release-iphonesimulator/ExpoModulesCore.build/Objects-normal/arm64/ExpoModulesCore.SwiftFileList
    export SWIFT_RESPONSE_FILE_PATH_normal_x86_64\=/Users/myfuckingmacbookair/Documents/GitHub/bindery/ios/build/Build/Intermediates.noindex/Pods.build/Release-iphonesimulator/ExpoModulesCore.build/Objects-normal/x86_64/ExpoModulesCore.SwiftFileList
    export SWIFT_VERSION\=5.0
    export SYMROOT\=/Users/myfuckingmacbookair/Documents/GitHub/bindery/ios/build/Build/Products
    export SYSTEM_ADMIN_APPS_DIR\=/Applications/Utilities
    export SYSTEM_APPS_DIR\=/Applications
    export SYSTEM_CORE_SERVICES_DIR\=/System/Library/CoreServices
    export SYSTEM_DEMOS_DIR\=/Applications/Extras
    export SYSTEM_DEVELOPER_APPS_DIR\=/Applications/Xcode.app/Contents/Developer/Applications
    export SYSTEM_DEVELOPER_BIN_DIR\=/Applications/Xcode.app/Contents/Developer/usr/bin
    export SYSTEM_DEVELOPER_DEMOS_DIR\=/Applications/Xcode.app/Contents/Developer/Applications/Utilities/Built\ Examples
    export SYSTEM_DEVELOPER_DIR\=/Applications/Xcode.app/Contents/Developer
    export SYSTEM_DEVELOPER_DOC_DIR\=/Applications/Xcode.app/Contents/Developer/ADC\ Reference\ Library
    export SYSTEM_DEVELOPER_GRAPHICS_TOOLS_DIR\=/Applications/Xcode.app/Contents/Developer/Applications/Graphics\ Tools
    export SYSTEM_DEVELOPER_JAVA_TOOLS_DIR\=/Applications/Xcode.app/Contents/Developer/Applications/Java\ Tools
    export SYSTEM_DEVELOPER_PERFORMANCE_TOOLS_DIR\=/Applications/Xcode.app/Contents/Developer/Applications/Performance\ Tools
    export SYSTEM_DEVELOPER_RELEASENOTES_DIR\=/Applications/Xcode.app/Contents/Developer/ADC\ Reference\ Library/releasenotes
    export SYSTEM_DEVELOPER_TOOLS\=/Applications/Xcode.app/Contents/Developer/Tools
    export SYSTEM_DEVELOPER_TOOLS_DOC_DIR\=/Applications/Xcode.app/Contents/Developer/ADC\ Reference\ Library/documentation/DeveloperTools
    export SYSTEM_DEVELOPER_TOOLS_RELEASENOTES_DIR\=/Applications/Xcode.app/Contents/Developer/ADC\ Reference\ Library/releasenotes/DeveloperTools
    export SYSTEM_DEVELOPER_USR_DIR\=/Applications/Xcode.app/Contents/Developer/usr
    export SYSTEM_DEVELOPER_UTILITIES_DIR\=/Applications/Xcode.app/Contents/Developer/Applications/Utilities
    export SYSTEM_DEXT_INSTALL_PATH\=/System/Library/DriverExtensions
    export SYSTEM_DOCUMENTATION_DIR\=/Library/Documentation
    export SYSTEM_KEXT_INSTALL_PATH\=/System/Library/Extensions
    export SYSTEM_LIBRARY_DIR\=/System/Library
    export TAPI_DEMANGLE\=YES
    export TAPI_ENABLE_PROJECT_HEADERS\=NO
    export TAPI_LANGUAGE\=objective-c
    export TAPI_LANGUAGE_STANDARD\=compiler-default
    export TAPI_USE_SRCROOT\=YES
    export TAPI_VERIFY_MODE\=Pedantic
    export TARGETED_DEVICE_FAMILY\=1,2
    export TARGETNAME\=ExpoModulesCore
    export TARGET_BUILD_DIR\=/Users/myfuckingmacbookair/Documents/GitHub/bindery/ios/build/Build/Products/Release-iphonesimulator/ExpoModulesCore
    export TARGET_DEVICE_IDENTIFIER\=4DC2E649-35BE-4445-9A24-38BD8A88D1BF
    export TARGET_DEVICE_MODEL\=iPhone18,1
    export TARGET_DEVICE_OS_VERSION\=26.0.1
    export TARGET_DEVICE_PLATFORM_NAME\=iphonesimulator
    export TARGET_NAME\=ExpoModulesCore
    export TARGET_TEMP_DIR\=/Users/myfuckingmacbookair/Documents/GitHub/bindery/ios/build/Build/Intermediates.noindex/Pods.build/Release-iphonesimulator/ExpoModulesCore.build
    export TEMP_DIR\=/Users/myfuckingmacbookair/Documents/GitHub/bindery/ios/build/Build/Intermediates.noindex/Pods.build/Release-iphonesimulator/ExpoModulesCore.build
    export TEMP_FILES_DIR\=/Users/myfuckingmacbookair/Documents/GitHub/bindery/ios/build/Build/Intermediates.noindex/Pods.build/Release-iphonesimulator/ExpoModulesCore.build
    export TEMP_FILE_DIR\=/Users/myfuckingmacbookair/Documents/GitHub/bindery/ios/build/Build/Intermediates.noindex/Pods.build/Release-iphonesimulator/ExpoModulesCore.build
    export TEMP_ROOT\=/Users/myfuckingmacbookair/Documents/GitHub/bindery/ios/build/Build/Intermediates.noindex
    export TEMP_SANDBOX_DIR\=/Users/myfuckingmacbookair/Documents/GitHub/bindery/ios/build/Build/Intermediates.noindex/TemporaryTaskSandboxes
    export TEST_FRAMEWORK_SEARCH_PATHS\=\ /Applications/Xcode.app/Contents/Developer/Platforms/iPhoneSimulator.platform/Developer/Library/Frameworks\ /Applications/Xcode.app/Contents/Developer/Platforms/iPhoneSimulator.platform/Developer/SDKs/iPhoneSimulator26.0.sdk/Developer/Library/Frameworks
    export TEST_LIBRARY_SEARCH_PATHS\=\ /Applications/Xcode.app/Contents/Developer/Platforms/iPhoneSimulator.platform/Developer/usr/lib
    export TOOLCHAINS\=com.apple.dt.toolchain.XcodeDefault
    export TOOLCHAIN_DIR\=/Applications/Xcode.app/Contents/Developer/Toolchains/XcodeDefault.xctoolchain
    export TREAT_MISSING_BASELINES_AS_TEST_FAILURES\=NO
    export TREAT_MISSING_SCRIPT_PHASE_OUTPUTS_AS_ERRORS\=NO
    export UID\=501
    export UNINSTALLED_PRODUCTS_DIR\=/Users/myfuckingmacbookair/Documents/GitHub/bindery/ios/build/Build/Intermediates.noindex/UninstalledProducts
    export UNSTRIPPED_PRODUCT\=NO
    export USER\=myfuckingmacbookair
    export USER_APPS_DIR\=/Users/myfuckingmacbookair/Applications
    export USER_LIBRARY_DIR\=/Users/myfuckingmacbookair/Library
    export USE_DYNAMIC_NO_PIC\=YES
    export USE_HEADERMAP\=YES
    export USE_HEADER_SYMLINKS\=NO
    export USE_HERMES\=true
    export USE_RECURSIVE_SCRIPT_INPUTS_IN_SCRIPT_PHASES\=YES
    export VALIDATE_DEVELOPMENT_ASSET_PATHS\=YES_ERROR
    export VALIDATE_PRODUCT\=YES
    export VALID_ARCHS\=arm64\ x86_64
    export VERBOSE_PBXCP\=NO
    export VERSION_INFO_BUILDER\=myfuckingmacbookair
    export VERSION_INFO_FILE\=ExpoModulesCore_vers.c
    export VERSION_INFO_STRING\=\"@\(\#\)PROGRAM:ExpoModulesCore\ \ PROJECT:Pods-\"
    export WORKSPACE_DIR\=/Users/myfuckingmacbookair/Documents/GitHub/bindery/ios
    export WRAP_ASSET_PACKS_IN_SEPARATE_DIRECTORIES\=NO
    export XCODE_APP_SUPPORT_DIR\=/Applications/Xcode.app/Contents/Developer/Library/Xcode
    export XCODE_PRODUCT_BUILD_VERSION\=17A400
    export XCODE_VERSION_ACTUAL\=2601
    export XCODE_VERSION_MAJOR\=2600
    export XCODE_VERSION_MINOR\=2600
    export XPCSERVICES_FOLDER_PATH\=/XPCServices
    export YACC\=yacc
    export _DISCOVER_COMMAND_LINE_LINKER_INPUTS\=YES
    export _DISCOVER_COMMAND_LINE_LINKER_INPUTS_INCLUDE_WL\=YES
    export _LD_MULTIARCH\=YES
    export __DIAGNOSE_DEPRECATED_ARCHS\=YES
    export arch\=undefined_arch
    export variant\=normal
    /bin/sh -c /Users/myfuckingmacbookair/Documents/GitHub/bindery/ios/build/Build/Intermediates.noindex/Pods.build/Release-iphonesimulator/ExpoModulesCore.build/Script-46EB2E0001B500.sh

PhaseScriptExecution [CP]\ Copy\ XCFrameworks /Users/myfuckingmacbookair/Documents/GitHub/bindery/ios/build/Build/Intermediates.noindex/Pods.build/Release-iphonesimulator/ExpoModulesCore.build/Script-46EB2E0001B4F0.sh (in target 'ExpoModulesCore' from project 'Pods')
    cd /Users/myfuckingmacbookair/Documents/GitHub/bindery/ios/Pods
    /bin/sh -c /Users/myfuckingmacbookair/Documents/GitHub/bindery/ios/build/Build/Intermediates.noindex/Pods.build/Release-iphonesimulator/ExpoModulesCore.build/Script-46EB2E0001B4F0.sh
Selected xcframework slice ios-arm64_x86_64-simulator
rsync --delete -av --filter P .*.?????? --links --filter "- CVS/" --filter "- .svn/" --filter "- .git/" --filter "- .hg/" "/Users/myfuckingmacbookair/Documents/GitHub/bindery/ios/Pods/ExpoModulesCore/ExpoModulesCore.xcframework/ios-arm64_x86_64-simulator/*" "/Users/myfuckingmacbookair/Documents/GitHub/bindery/ios/build/Build/Products/Release-iphonesimulator/XCFrameworkIntermediates/ExpoModulesCore"
Transfer starting: 111 files

sent 9574 bytes  received 20 bytes  367586 bytes/sec
total size is 38324952  speedup is 3994.68
Copied /Users/myfuckingmacbookair/Documents/GitHub/bindery/ios/Pods/ExpoModulesCore/ExpoModulesCore.xcframework/ios-arm64_x86_64-simulator to /Users/myfuckingmacbookair/Documents/GitHub/bindery/ios/build/Build/Products/Release-iphonesimulator/XCFrameworkIntermediates/ExpoModulesCore

note: Run script build phase '[CP-User] Generate app.config for prebuilt Constants.manifest' will be run during every build because the option to run the script phase "Based on dependency analysis" is unchecked. (in target 'EXConstants' from project 'Pods')
PhaseScriptExecution [CP-User]\ Generate\ app.config\ for\ prebuilt\ Constants.manifest /Users/myfuckingmacbookair/Documents/GitHub/bindery/ios/build/Build/Intermediates.noindex/Pods.build/Release-iphonesimulator/EXConstants.build/Script-46EB2E0001B480.sh (in target 'EXConstants' from project 'Pods')
    cd /Users/myfuckingmacbookair/Documents/GitHub/bindery/ios/Pods
    export ACTION\=build
    export AD_HOC_CODE_SIGNING_ALLOWED\=YES
    export ALLOW_BUILD_REQUEST_OVERRIDES\=NO
    export ALLOW_TARGET_PLATFORM_SPECIALIZATION\=NO
    export ALTERNATE_GROUP\=staff
    export ALTERNATE_MODE\=u+w,go-w,a+rX
    export ALTERNATE_OWNER\=myfuckingmacbookair
    export ALTERNATIVE_DISTRIBUTION_WEB\=NO
    export ALWAYS_EMBED_SWIFT_STANDARD_LIBRARIES\=NO
    export ALWAYS_SEARCH_USER_PATHS\=NO
    export ALWAYS_USE_SEPARATE_HEADERMAPS\=NO
    export ANDROID_DEPLOYMENT_TARGET\=21.0
    export APPLICATION_EXTENSION_API_ONLY\=NO
    export APPLY_RULES_IN_COPY_FILES\=NO
    export APPLY_RULES_IN_COPY_HEADERS\=NO
    export APP_SHORTCUTS_ENABLE_FLEXIBLE_MATCHING\=YES
    export ARCHS\=arm64\ x86_64
    export ARCHS_STANDARD\=arm64\ x86_64
    export ARCHS_STANDARD_32_64_BIT\=arm64\ x86_64
    export ARCHS_STANDARD_64_BIT\=arm64\ x86_64
    export ARCHS_STANDARD_INCLUDING_64_BIT\=arm64\ x86_64
    export ARCHS_UNIVERSAL_IPHONE_OS\=arm64\ x86_64
    export ASSETCATALOG_FILTER_FOR_DEVICE_MODEL\=iPhone18,1
    export ASSETCATALOG_FILTER_FOR_DEVICE_OS_VERSION\=26.0.1
    export ASSETCATALOG_FILTER_FOR_THINNING_DEVICE_CONFIGURATION\=iPhone18,1
    export AUTOMATICALLY_MERGE_DEPENDENCIES\=NO
    export AUTOMATION_APPLE_EVENTS\=NO
    export AVAILABLE_PLATFORMS\=android\ appletvos\ appletvsimulator\ driverkit\ iphoneos\ iphonesimulator\ macosx\ qnx\ watchos\ watchsimulator\ webassembly\ xros\ xrsimulator
    export BUILD_ACTIVE_RESOURCES_ONLY\=YES
    export BUILD_COMPONENTS\=headers\ build
    export BUILD_DIR\=/Users/myfuckingmacbookair/Documents/GitHub/bindery/ios/build/Build/Products
    export BUILD_LIBRARY_FOR_DISTRIBUTION\=NO
    export BUILD_ROOT\=/Users/myfuckingmacbookair/Documents/GitHub/bindery/ios/build/Build/Products
    export BUILD_STYLE\=
    export BUILD_VARIANTS\=normal
    export BUILT_PRODUCTS_DIR\=/Users/myfuckingmacbookair/Documents/GitHub/bindery/ios/build/Build/Products/Release-iphonesimulator/EXConstants
    export BUNDLE_CONTENTS_FOLDER_PATH_deep\=Contents/
    export BUNDLE_EXECUTABLE_FOLDER_NAME_deep\=MacOS
    export BUNDLE_EXTENSIONS_FOLDER_PATH\=Extensions
    export BUNDLE_FORMAT\=shallow
    export BUNDLE_FRAMEWORKS_FOLDER_PATH\=Frameworks
    export BUNDLE_PLUGINS_FOLDER_PATH\=PlugIns
    export BUNDLE_PRIVATE_HEADERS_FOLDER_PATH\=PrivateHeaders
    export BUNDLE_PUBLIC_HEADERS_FOLDER_PATH\=Headers
    export CACHE_ROOT\=/var/folders/p3/qv3pwhyn1njgqlcyk_px59gr0000gn/C/com.apple.DeveloperTools/26.0.1-17A400/Xcode
    export CCHROOT\=/var/folders/p3/qv3pwhyn1njgqlcyk_px59gr0000gn/C/com.apple.DeveloperTools/26.0.1-17A400/Xcode
    export CHMOD\=/bin/chmod
    export CHOWN\=/usr/sbin/chown
    export CLANG_ANALYZER_LOCALIZABILITY_NONLOCALIZED\=YES
    export CLANG_ANALYZER_NONNULL\=YES
    export CLANG_ANALYZER_NUMBER_OBJECT_CONVERSION\=YES_AGGRESSIVE
    export CLANG_CACHE_FINE_GRAINED_OUTPUTS\=YES
    export CLANG_CXX_LANGUAGE_STANDARD\=c++20
    export CLANG_CXX_LIBRARY\=libc++
    export CLANG_ENABLE_EXPLICIT_MODULES\=YES
    export CLANG_ENABLE_MODULES\=YES
    export CLANG_ENABLE_MODULE_DEBUGGING\=NO
    export CLANG_ENABLE_OBJC_ARC\=YES
    export CLANG_ENABLE_OBJC_WEAK\=NO
    export CLANG_MODULES_BUILD_SESSION_FILE\=/Users/myfuckingmacbookair/Documents/GitHub/bindery/ios/build/ModuleCache.noindex/Session.modulevalidation
    export CLANG_WARN_BLOCK_CAPTURE_AUTORELEASING\=YES
    export CLANG_WARN_BOOL_CONVERSION\=YES
    export CLANG_WARN_COMMA\=YES
    export CLANG_WARN_CONSTANT_CONVERSION\=YES
    export CLANG_WARN_DEPRECATED_OBJC_IMPLEMENTATIONS\=YES
    export CLANG_WARN_DIRECT_OBJC_ISA_USAGE\=YES_ERROR
    export CLANG_WARN_DOCUMENTATION_COMMENTS\=YES
    export CLANG_WARN_EMPTY_BODY\=YES
    export CLANG_WARN_ENUM_CONVERSION\=YES
    export CLANG_WARN_INFINITE_RECURSION\=YES
    export CLANG_WARN_INT_CONVERSION\=YES
    export CLANG_WARN_NON_LITERAL_NULL_CONVERSION\=YES
    export CLANG_WARN_OBJC_IMPLICIT_RETAIN_SELF\=YES
    export CLANG_WARN_OBJC_LITERAL_CONVERSION\=YES
    export CLANG_WARN_OBJC_ROOT_CLASS\=YES_ERROR
    export CLANG_WARN_QUOTED_INCLUDE_IN_FRAMEWORK_HEADER\=NO
    export CLANG_WARN_RANGE_LOOP_ANALYSIS\=YES
    export CLANG_WARN_STRICT_PROTOTYPES\=YES
    export CLANG_WARN_SUSPICIOUS_MOVE\=YES
    export CLANG_WARN_UNGUARDED_AVAILABILITY\=YES_AGGRESSIVE
    export CLANG_WARN_UNREACHABLE_CODE\=YES
    export CLANG_WARN__DUPLICATE_METHOD_MATCH\=YES
    export CLASS_FILE_DIR\=/Users/myfuckingmacbookair/Documents/GitHub/bindery/ios/build/Build/Intermediates.noindex/Pods.build/Release-iphonesimulator/EXConstants.build/JavaClasses
    export CLEAN_PRECOMPS\=YES
    export CLONE_HEADERS\=NO
    export CODESIGNING_FOLDER_PATH\=/Users/myfuckingmacbookair/Documents/GitHub/bindery/ios/build/Build/Products/Release-iphonesimulator/EXConstants/libEXConstants.a
    export CODE_SIGNING_ALLOWED\=NO
    export CODE_SIGNING_REQUIRED\=YES
    export CODE_SIGN_CONTEXT_CLASS\=XCiPhoneSimulatorCodeSignContext
    export CODE_SIGN_IDENTITY\=-
    export CODE_SIGN_INJECT_BASE_ENTITLEMENTS\=YES
    export COLOR_DIAGNOSTICS\=NO
    export COMBINE_HIDPI_IMAGES\=NO
    export COMPILATION_CACHE_CAS_PATH\=/Users/myfuckingmacbookair/Documents/GitHub/bindery/ios/build/CompilationCache.noindex
    export COMPILATION_CACHE_KEEP_CAS_DIRECTORY\=YES
    export COMPILER_INDEX_STORE_ENABLE\=Default
    export COMPOSITE_SDK_DIRS\=/Users/myfuckingmacbookair/Documents/GitHub/bindery/ios/build/Build/Intermediates.noindex/CompositeSDKs
    export COMPRESS_PNG_FILES\=YES
    export CONFIGURATION\=Release
    export CONFIGURATION_BUILD_DIR\=/Users/myfuckingmacbookair/Documents/GitHub/bindery/ios/build/Build/Products/Release-iphonesimulator/EXConstants
    export CONFIGURATION_TEMP_DIR\=/Users/myfuckingmacbookair/Documents/GitHub/bindery/ios/build/Build/Intermediates.noindex/Pods.build/Release-iphonesimulator
    export COPYING_PRESERVES_HFS_DATA\=NO
    export COPY_HEADERS_RUN_UNIFDEF\=NO
    export COPY_PHASE_STRIP\=NO
    export CORRESPONDING_DEVICE_PLATFORM_DIR\=/Applications/Xcode.app/Contents/Developer/Platforms/iPhoneOS.platform
    export CORRESPONDING_DEVICE_PLATFORM_NAME\=iphoneos
    export CORRESPONDING_DEVICE_SDK_DIR\=/Applications/Xcode.app/Contents/Developer/Platforms/iPhoneOS.platform/Developer/SDKs/iPhoneOS26.0.sdk
    export CORRESPONDING_DEVICE_SDK_NAME\=iphoneos26.0
    export CP\=/bin/cp
    export CREATE_INFOPLIST_SECTION_IN_BINARY\=NO
    export CURRENT_ARCH\=undefined_arch
    export CURRENT_VARIANT\=normal
    export DEAD_CODE_STRIPPING\=YES
    export DEBUGGING_SYMBOLS\=YES
    export DEBUG_INFORMATION_FORMAT\=dwarf-with-dsym
    export DEBUG_INFORMATION_VERSION\=compiler-default
    export DEFAULT_COMPILER\=com.apple.compilers.llvm.clang.1_0
    export DEFAULT_DEXT_INSTALL_PATH\=/System/Library/DriverExtensions
    export DEFAULT_KEXT_INSTALL_PATH\=/System/Library/Extensions
    export DEFINES_MODULE\=YES
    export DEPLOYMENT_LOCATION\=NO
    export DEPLOYMENT_POSTPROCESSING\=NO
    export DEPLOYMENT_TARGET_SETTING_NAME\=IPHONEOS_DEPLOYMENT_TARGET
    export DEPLOYMENT_TARGET_SUGGESTED_VALUES\=12.0\ 12.1\ 12.2\ 12.3\ 12.4\ 13.0\ 13.1\ 13.2\ 13.3\ 13.4\ 13.5\ 13.6\ 14.0\ 14.1\ 14.2\ 14.3\ 14.4\ 14.5\ 14.6\ 14.7\ 15.0\ 15.1\ 15.2\ 15.3\ 15.4\ 15.5\ 15.6\ 16.0\ 16.1\ 16.2\ 16.3\ 16.4\ 16.5\ 16.6\ 17.0\ 17.1\ 17.2\ 17.3\ 17.4\ 17.5\ 17.6\ 18.0\ 18.1\ 18.2\ 18.3\ 18.4\ 18.5\ 18.6\ 26.0
    export DERIVED_FILES_DIR\=/Users/myfuckingmacbookair/Documents/GitHub/bindery/ios/build/Build/Intermediates.noindex/Pods.build/Release-iphonesimulator/EXConstants.build/DerivedSources
    export DERIVED_FILE_DIR\=/Users/myfuckingmacbookair/Documents/GitHub/bindery/ios/build/Build/Intermediates.noindex/Pods.build/Release-iphonesimulator/EXConstants.build/DerivedSources
    export DERIVED_SOURCES_DIR\=/Users/myfuckingmacbookair/Documents/GitHub/bindery/ios/build/Build/Intermediates.noindex/Pods.build/Release-iphonesimulator/EXConstants.build/DerivedSources
    export DEVELOPER_APPLICATIONS_DIR\=/Applications/Xcode.app/Contents/Developer/Applications
    export DEVELOPER_BIN_DIR\=/Applications/Xcode.app/Contents/Developer/usr/bin
    export DEVELOPER_DIR\=/Applications/Xcode.app/Contents/Developer
    export DEVELOPER_FRAMEWORKS_DIR\=/Applications/Xcode.app/Contents/Developer/Library/Frameworks
    export DEVELOPER_FRAMEWORKS_DIR_QUOTED\=/Applications/Xcode.app/Contents/Developer/Library/Frameworks
    export DEVELOPER_LIBRARY_DIR\=/Applications/Xcode.app/Contents/Developer/Library
    export DEVELOPER_SDK_DIR\=/Applications/Xcode.app/Contents/Developer/Platforms/MacOSX.platform/Developer/SDKs
    export DEVELOPER_TOOLS_DIR\=/Applications/Xcode.app/Contents/Developer/Tools
    export DEVELOPER_USR_DIR\=/Applications/Xcode.app/Contents/Developer/usr
    export DEVELOPMENT_LANGUAGE\=en
    export DIAGNOSE_MISSING_TARGET_DEPENDENCIES\=YES
    export DIFF\=/usr/bin/diff
    export DONT_GENERATE_INFOPLIST_FILE\=NO
    export DSTROOT\=/tmp/Pods.dst
    export DT_TOOLCHAIN_DIR\=/Applications/Xcode.app/Contents/Developer/Toolchains/XcodeDefault.xctoolchain
    export DWARF_DSYM_FILE_NAME\=libEXConstants.a.dSYM
    export DWARF_DSYM_FILE_SHOULD_ACCOMPANY_PRODUCT\=NO
    export DWARF_DSYM_FOLDER_PATH\=/Users/myfuckingmacbookair/Documents/GitHub/bindery/ios/build/Build/Products/Release-iphonesimulator/EXConstants
    export DYNAMIC_LIBRARY_EXTENSION\=dylib
    export EAGER_COMPILATION_ALLOW_SCRIPTS\=NO
    export EAGER_LINKING\=NO
    export EFFECTIVE_PLATFORM_NAME\=-iphonesimulator
    export EMBEDDED_CONTENT_CONTAINS_SWIFT\=NO
    export EMBED_ASSET_PACKS_IN_PRODUCT_BUNDLE\=NO
    export ENABLE_APP_SANDBOX\=NO
    export ENABLE_CODE_COVERAGE\=YES
    export ENABLE_CPLUSPLUS_BOUNDS_SAFE_BUFFERS\=NO
    export ENABLE_C_BOUNDS_SAFETY\=NO
    export ENABLE_DEBUG_DYLIB\=NO
    export ENABLE_DEFAULT_HEADER_SEARCH_PATHS\=YES
    export ENABLE_DEFAULT_SEARCH_PATHS\=YES
    export ENABLE_ENHANCED_SECURITY\=NO
    export ENABLE_HARDENED_RUNTIME\=NO
    export ENABLE_HEADER_DEPENDENCIES\=YES
    export ENABLE_INCOMING_NETWORK_CONNECTIONS\=NO
    export ENABLE_MODULE_VERIFIER\=NO
    export ENABLE_NS_ASSERTIONS\=NO
    export ENABLE_ON_DEMAND_RESOURCES\=NO
    export ENABLE_OUTGOING_NETWORK_CONNECTIONS\=NO
    export ENABLE_POINTER_AUTHENTICATION\=NO
    export ENABLE_PREVIEWS\=NO
    export ENABLE_RESOURCE_ACCESS_AUDIO_INPUT\=NO
    export ENABLE_RESOURCE_ACCESS_BLUETOOTH\=NO
    export ENABLE_RESOURCE_ACCESS_CALENDARS\=NO
    export ENABLE_RESOURCE_ACCESS_CAMERA\=NO
    export ENABLE_RESOURCE_ACCESS_CONTACTS\=NO
    export ENABLE_RESOURCE_ACCESS_LOCATION\=NO
    export ENABLE_RESOURCE_ACCESS_PHOTO_LIBRARY\=NO
    export ENABLE_RESOURCE_ACCESS_PRINTING\=NO
    export ENABLE_RESOURCE_ACCESS_USB\=NO
    export ENABLE_SDK_IMPORTS\=NO
    export ENABLE_SECURITY_COMPILER_WARNINGS\=NO
    export ENABLE_STRICT_OBJC_MSGSEND\=YES
    export ENABLE_TESTABILITY\=NO
    export ENABLE_TESTING_SEARCH_PATHS\=NO
    export ENABLE_USER_SCRIPT_SANDBOXING\=NO
    export ENABLE_XOJIT_PREVIEWS\=NO
    export ENFORCE_VALID_ARCHS\=YES
    export ENTITLEMENTS_DESTINATION\=__entitlements
    export ENTITLEMENTS_REQUIRED\=YES
    export EXCLUDED_INSTALLSRC_SUBDIRECTORY_PATTERNS\=.DS_Store\ .svn\ .git\ .hg\ CVS
    export EXCLUDED_RECURSIVE_SEARCH_PATH_SUBDIRECTORIES\=\*.nib\ \*.lproj\ \*.framework\ \*.gch\ \*.xcode\*\ \*.xcassets\ \*.icon\ \(\*\)\ .DS_Store\ CVS\ .svn\ .git\ .hg\ \*.pbproj\ \*.pbxproj
    export EXECUTABLE_EXTENSION\=a
    export EXECUTABLE_NAME\=libEXConstants.a
    export EXECUTABLE_PATH\=libEXConstants.a
    export EXECUTABLE_PREFIX\=lib
    export EXECUTABLE_SUFFIX\=.a
    export FILE_LIST\=/Users/myfuckingmacbookair/Documents/GitHub/bindery/ios/build/Build/Intermediates.noindex/Pods.build/Release-iphonesimulator/EXConstants.build/Objects/LinkFileList
    export FIXED_FILES_DIR\=/Users/myfuckingmacbookair/Documents/GitHub/bindery/ios/build/Build/Intermediates.noindex/Pods.build/Release-iphonesimulator/EXConstants.build/FixedFiles
    export FRAMEWORK_FLAG_PREFIX\=-framework
    export FRAMEWORK_SEARCH_PATHS\=/Users/myfuckingmacbookair/Documents/GitHub/bindery/ios/build/Build/Products/Release-iphonesimulator/EXConstants\ \ \"/Users/myfuckingmacbookair/Documents/GitHub/bindery/ios/Pods/../../node_modules/expo-modules-jsi/apple/Products\"\ \"/Users/myfuckingmacbookair/Documents/GitHub/bindery/ios/Pods/ExpoModulesCore\"\ \"/Users/myfuckingmacbookair/Documents/GitHub/bindery/ios/Pods/React-Core-prebuilt\"\ \"/Users/myfuckingmacbookair/Documents/GitHub/bindery/ios/Pods/ReactNativeDependencies/framework/packages/react-native\"\ \"/Users/myfuckingmacbookair/Documents/GitHub/bindery/ios/Pods/hermes-engine/destroot/Library/Frameworks/universal\"\ \"/Users/myfuckingmacbookair/Documents/GitHub/bindery/ios/build/Build/Products/Release-iphonesimulator/XCFrameworkIntermediates/ExpoModulesCore\"\ \"/Users/myfuckingmacbookair/Documents/GitHub/bindery/ios/build/Build/Products/Release-iphonesimulator/XCFrameworkIntermediates/ExpoModulesJSI\"\ \"/Users/myfuckingmacbookair/Documents/GitHub/bindery/ios/build/Build/Products/Release-iphonesimulator/XCFrameworkIntermediates/React-Core-prebuilt\"\ \"/Users/myfuckingmacbookair/Documents/GitHub/bindery/ios/build/Build/Products/Release-iphonesimulator/XCFrameworkIntermediates/ReactNativeDependencies\"\ \"/Users/myfuckingmacbookair/Documents/GitHub/bindery/ios/build/Build/Products/Release-iphonesimulator/XCFrameworkIntermediates/hermes-engine/Pre-built\"
    export FRAMEWORK_VERSION\=A
    export FULL_PRODUCT_NAME\=libEXConstants.a
    export FUSE_BUILD_PHASES\=YES
    export FUSE_BUILD_SCRIPT_PHASES\=NO
    export GCC3_VERSION\=3.3
    export GCC_C_LANGUAGE_STANDARD\=gnu11
    export GCC_NO_COMMON_BLOCKS\=YES
    export GCC_OBJC_LEGACY_DISPATCH\=YES
    export GCC_PFE_FILE_C_DIALECTS\=c\ objective-c\ c++\ objective-c++
    export GCC_PREFIX_HEADER\=Target\ Support\ Files/EXConstants/EXConstants-prefix.pch
    export GCC_PREPROCESSOR_DEFINITIONS\=POD_CONFIGURATION_RELEASE\=1\ \ COCOAPODS\=1
    export GCC_TREAT_WARNINGS_AS_ERRORS\=NO
    export GCC_VERSION\=com.apple.compilers.llvm.clang.1_0
    export GCC_VERSION_IDENTIFIER\=com_apple_compilers_llvm_clang_1_0
    export GCC_WARN_64_TO_32_BIT_CONVERSION\=YES
    export GCC_WARN_ABOUT_RETURN_TYPE\=YES_ERROR
    export GCC_WARN_UNDECLARED_SELECTOR\=YES
    export GCC_WARN_UNINITIALIZED_AUTOS\=YES_AGGRESSIVE
    export GCC_WARN_UNUSED_FUNCTION\=YES
    export GCC_WARN_UNUSED_VARIABLE\=YES
    export GENERATED_MODULEMAP_DIR\=/Users/myfuckingmacbookair/Documents/GitHub/bindery/ios/build/Build/Intermediates.noindex/GeneratedModuleMaps-iphonesimulator
    export GENERATE_INFOPLIST_FILE\=NO
    export GENERATE_INTERMEDIATE_TEXT_BASED_STUBS\=YES
    export GENERATE_PKGINFO_FILE\=NO
    export GENERATE_PRELINK_OBJECT_FILE\=NO
    export GENERATE_PROFILING_CODE\=NO
    export GENERATE_TEXT_BASED_STUBS\=NO
    export GID\=20
    export GROUP\=staff
    export HEADERMAP_INCLUDES_FLAT_ENTRIES_FOR_TARGET_BEING_BUILT\=YES
    export HEADERMAP_INCLUDES_FRAMEWORK_ENTRIES_FOR_ALL_PRODUCT_TYPES\=YES
    export HEADERMAP_INCLUDES_FRAMEWORK_ENTRIES_FOR_TARGETS_NOT_BEING_BUILT\=YES
    export HEADERMAP_INCLUDES_NONPUBLIC_NONPRIVATE_HEADERS\=YES
    export HEADERMAP_INCLUDES_PROJECT_HEADERS\=YES
    export HEADERMAP_USES_FRAMEWORK_PREFIX_ENTRIES\=YES
    export HEADERMAP_USES_VFS\=YES
    export HEADER_SEARCH_PATHS\=/Users/myfuckingmacbookair/Documents/GitHub/bindery/ios/build/Build/Products/Release-iphonesimulator/EXConstants/include\ \ \"/Users/myfuckingmacbookair/Documents/GitHub/bindery/ios/Pods/Headers/Private\"\ \"/Users/myfuckingmacbookair/Documents/GitHub/bindery/ios/Pods/Headers/Private/EXConstants\"\ \"/Users/myfuckingmacbookair/Documents/GitHub/bindery/ios/Pods/Headers/Public\"\ \"/Users/myfuckingmacbookair/Documents/GitHub/bindery/ios/Pods/Headers/Public/FBLazyVector\"\ \"/Users/myfuckingmacbookair/Documents/GitHub/bindery/ios/Pods/Headers/Public/RCTRequired\"\ \"/Users/myfuckingmacbookair/Documents/GitHub/bindery/ios/Pods/Headers/Public/RCTSwiftUIWrapper\"\ \"/Users/myfuckingmacbookair/Documents/GitHub/bindery/ios/Pods/Headers/Public/RCTTypeSafety\"\ \"/Users/myfuckingmacbookair/Documents/GitHub/bindery/ios/Pods/Headers/Public/React-Core\"\ \"/Users/myfuckingmacbookair/Documents/GitHub/bindery/ios/Pods/Headers/Public/React-Core-prebuilt\"\ \"/Users/myfuckingmacbookair/Documents/GitHub/bindery/ios/Pods/Headers/Public/React-CoreModules\"\ \"/Users/myfuckingmacbookair/Documents/GitHub/bindery/ios/Pods/Headers/Public/React-Fabric\"\ \"/Users/myfuckingmacbookair/Documents/GitHub/bindery/ios/Pods/Headers/Public/React-FabricComponents\"\ \"/Users/myfuckingmacbookair/Documents/GitHub/bindery/ios/Pods/Headers/Public/React-FabricImage\"\ \"/Users/myfuckingmacbookair/Documents/GitHub/bindery/ios/Pods/Headers/Public/React-ImageManager\"\ \"/Users/myfuckingmacbookair/Documents/GitHub/bindery/ios/Pods/Headers/Public/React-Mapbuffer\"\ \"/Users/myfuckingmacbookair/Documents/GitHub/bindery/ios/Pods/Headers/Public/React-NativeModulesApple\"\ \"/Users/myfuckingmacbookair/Documents/GitHub/bindery/ios/Pods/Headers/Public/React-RCTAnimation\"\ \"/Users/myfuckingmacbookair/Documents/GitHub/bindery/ios/Pods/Headers/Public/React-RCTBlob\"\ \"/Users/myfuckingmacbookair/Documents/GitHub/bindery/ios/Pods/Headers/Public/React-RCTFBReactNativeSpec\"\ \"/Users/myfuckingmacbookair/Documents/GitHub/bindery/ios/Pods/Headers/Public/React-RCTFabric\"\ \"/Users/myfuckingmacbookair/Documents/GitHub/bindery/ios/Pods/Headers/Public/React-RCTImage\"\ \"/Users/myfuckingmacbookair/Documents/GitHub/bindery/ios/Pods/Headers/Public/React-RCTRuntime\"\ \"/Users/myfuckingmacbookair/Documents/GitHub/bindery/ios/Pods/Headers/Public/React-RCTText\"\ \"/Users/myfuckingmacbookair/Documents/GitHub/bindery/ios/Pods/Headers/Public/React-RuntimeApple\"\ \"/Users/myfuckingmacbookair/Documents/GitHub/bindery/ios/Pods/Headers/Public/React-RuntimeCore\"\ \"/Users/myfuckingmacbookair/Documents/GitHub/bindery/ios/Pods/Headers/Public/React-RuntimeHermes\"\ \"/Users/myfuckingmacbookair/Documents/GitHub/bindery/ios/Pods/Headers/Public/React-callinvoker\"\ \"/Users/myfuckingmacbookair/Documents/GitHub/bindery/ios/Pods/Headers/Public/React-cxxreact\"\ \"/Users/myfuckingmacbookair/Documents/GitHub/bindery/ios/Pods/Headers/Public/React-debug\"\ \"/Users/myfuckingmacbookair/Documents/GitHub/bindery/ios/Pods/Headers/Public/React-defaultsnativemodule\"\ \"/Users/myfuckingmacbookair/Documents/GitHub/bindery/ios/Pods/Headers/Public/React-domnativemodule\"\ \"/Users/myfuckingmacbookair/Documents/GitHub/bindery/ios/Pods/Headers/Public/React-featureflags\"\ \"/Users/myfuckingmacbookair/Documents/GitHub/bindery/ios/Pods/Headers/Public/React-featureflagsnativemodule\"\ \"/Users/myfuckingmacbookair/Documents/GitHub/bindery/ios/Pods/Headers/Public/React-graphics\"\ \"/Users/myfuckingmacbookair/Documents/GitHub/bindery/ios/Pods/Headers/Public/React-hermes\"\ \"/Users/myfuckingmacbookair/Documents/GitHub/bindery/ios/Pods/Headers/Public/React-idlecallbacksnativemodule\"\ \"/Users/myfuckingmacbookair/Documents/GitHub/bindery/ios/Pods/Headers/Public/React-intersectionobservernativemodule\"\ \"/Users/myfuckingmacbookair/Documents/GitHub/bindery/ios/Pods/Headers/Public/React-jserrorhandler\"\ \"/Users/myfuckingmacbookair/Documents/GitHub/bindery/ios/Pods/Headers/Public/React-jsi\"\ \"/Users/myfuckingmacbookair/Documents/GitHub/bindery/ios/Pods/Headers/Public/React-jsiexecutor\"\ \"/Users/myfuckingmacbookair/Documents/GitHub/bindery/ios/Pods/Headers/Public/React-jsinspector\"\ \"/Users/myfuckingmacbookair/Documents/GitHub/bindery/ios/Pods/Headers/Public/React-jsinspectorcdp\"\ \"/Users/myfuckingmacbookair/Documents/GitHub/bindery/ios/Pods/Headers/Public/React-jsinspectornetwork\"\ \"/Users/myfuckingmacbookair/Documents/GitHub/bindery/ios/Pods/Headers/Public/React-jsinspectortracing\"\ \"/Users/myfuckingmacbookair/Documents/GitHub/bindery/ios/Pods/Headers/Public/React-jsitooling\"\ \"/Users/myfuckingmacbookair/Documents/GitHub/bindery/ios/Pods/Headers/Public/React-logger\"\ \"/Users/myfuckingmacbookair/Documents/GitHub/bindery/ios/Pods/Headers/Public/React-microtasksnativemodule\"\ \"/Users/myfuckingmacbookair/Documents/GitHub/bindery/ios/Pods/Headers/Public/React-mutationobservernativemodule\"\ \"/Users/myfuckingmacbookair/Documents/GitHub/bindery/ios/Pods/Headers/Public/React-networking\"\ \"/Users/myfuckingmacbookair/Documents/GitHub/bindery/ios/Pods/Headers/Public/React-oscompat\"\ \"/Users/myfuckingmacbookair/Documents/GitHub/bindery/ios/Pods/Headers/Public/React-perflogger\"\ \"/Users/myfuckingmacbookair/Documents/GitHub/bindery/ios/Pods/Headers/Public/React-performancecdpmetrics\"\ \"/Users/myfuckingmacbookair/Documents/GitHub/bindery/ios/Pods/Headers/Public/React-performancetimeline\"\ \"/Users/myfuckingmacbookair/Documents/GitHub/bindery/ios/Pods/Headers/Public/React-rendererconsistency\"\ \"/Users/myfuckingmacbookair/Documents/GitHub/bindery/ios/Pods/Headers/Public/React-renderercss\"\ \"/Users/myfuckingmacbookair/Documents/GitHub/bindery/ios/Pods/Headers/Public/React-rendererdebug\"\ \"/Users/myfuckingmacbookair/Documents/GitHub/bindery/ios/Pods/Headers/Public/React-runtimeexecutor\"\ \"/Users/myfuckingmacbookair/Documents/GitHub/bindery/ios/Pods/Headers/Public/React-runtimescheduler\"\ \"/Users/myfuckingmacbookair/Documents/GitHub/bindery/ios/Pods/Headers/Public/React-timing\"\ \"/Users/myfuckingmacbookair/Documents/GitHub/bindery/ios/Pods/Headers/Public/React-utils\"\ \"/Users/myfuckingmacbookair/Documents/GitHub/bindery/ios/Pods/Headers/Public/React-viewtransitionnativemodule\"\ \"/Users/myfuckingmacbookair/Documents/GitHub/bindery/ios/Pods/Headers/Public/React-webperformancenativemodule\"\ \"/Users/myfuckingmacbookair/Documents/GitHub/bindery/ios/Pods/Headers/Public/ReactCodegen\"\ \"/Users/myfuckingmacbookair/Documents/GitHub/bindery/ios/Pods/Headers/Public/ReactCommon\"\ \"/Users/myfuckingmacbookair/Documents/GitHub/bindery/ios/Pods/Headers/Public/ReactNativeDependencies\"\ \"/Users/myfuckingmacbookair/Documents/GitHub/bindery/ios/Pods/Headers/Public/Yoga\"\ \"/Users/myfuckingmacbookair/Documents/GitHub/bindery/ios/Pods/Headers/Public/hermes-engine\"\ \"/Users/myfuckingmacbookair/Documents/GitHub/bindery/ios/Pods/ExpoModulesCore/ExpoModulesCore.xcframework/ios-arm64_x86_64-simulator/ExpoModulesCore.framework/Headers\"\ \"/Users/myfuckingmacbookair/Documents/GitHub/bindery/ios/Pods/ExpoModulesCore/ExpoModulesCore.xcframework/ios-arm64/ExpoModulesCore.framework/Headers\"\ \"/Users/myfuckingmacbookair/Documents/GitHub/bindery/ios/Pods/ExpoModulesCore/ExpoModulesCore.xcframework/ios-arm64_x86_64-simulator/ExpoModulesCore.framework/Headers\"\ \"/Users/myfuckingmacbookair/Documents/GitHub/bindery/ios/Pods/ExpoModulesCore/ExpoModulesCore.xcframework/ios-arm64/ExpoModulesCore.framework/Headers\"
    export HOME\=/Users/myfuckingmacbookair
    export HOST_ARCH\=x86_64
    export HOST_PLATFORM\=macosx
    export ICONV\=/usr/bin/iconv
    export IMPLICIT_DEPENDENCY_DOMAIN\=default
    export INFOPLIST_ENABLE_CFBUNDLEICONS_MERGE\=YES
    export INFOPLIST_EXPAND_BUILD_SETTINGS\=YES
    export INFOPLIST_OUTPUT_FORMAT\=binary
    export INFOPLIST_PREPROCESS\=NO
    export INLINE_PRIVATE_FRAMEWORKS\=NO
    export INSTALLAPI_IGNORE_SKIP_INSTALL\=YES
    export INSTALLHDRS_COPY_PHASE\=NO
    export INSTALLHDRS_SCRIPT_PHASE\=NO
    export INSTALL_DIR\=/tmp/Pods.dst/usr/local/lib
    export INSTALL_GROUP\=staff
    export INSTALL_MODE_FLAG\=u+w,go-w,a+rX
    export INSTALL_OWNER\=myfuckingmacbookair
    export INSTALL_PATH\=/usr/local/lib
    export INSTALL_ROOT\=/tmp/Pods.dst
    export IPHONEOS_DEPLOYMENT_TARGET\=16.4
    export IS_UNOPTIMIZED_BUILD\=NO
    export JAVAC_DEFAULT_FLAGS\=-J-Xms64m\ -J-XX:NewSize\=4M\ -J-Dfile.encoding\=UTF8
    export JAVA_APP_STUB\=/System/Library/Frameworks/JavaVM.framework/Resources/MacOS/JavaApplicationStub
    export JAVA_ARCHIVE_CLASSES\=YES
    export JAVA_ARCHIVE_TYPE\=JAR
    export JAVA_COMPILER\=/usr/bin/javac
    export JAVA_FRAMEWORK_RESOURCES_DIRS\=Resources
    export JAVA_JAR_FLAGS\=cv
    export JAVA_SOURCE_SUBDIR\=.
    export JAVA_USE_DEPENDENCIES\=YES
    export JAVA_ZIP_FLAGS\=-urg
    export JIKES_DEFAULT_FLAGS\=+E\ +OLDCSO
    export KEEP_PRIVATE_EXTERNS\=NO
    export LD_DEPENDENCY_INFO_FILE\=/Users/myfuckingmacbookair/Documents/GitHub/bindery/ios/build/Build/Intermediates.noindex/Pods.build/Release-iphonesimulator/EXConstants.build/Objects-normal/undefined_arch/EXConstants_dependency_info.dat
    export LD_EXPORT_SYMBOLS\=YES
    export LD_GENERATE_MAP_FILE\=NO
    export LD_MAP_FILE_PATH\=/Users/myfuckingmacbookair/Documents/GitHub/bindery/ios/build/Build/Intermediates.noindex/Pods.build/Release-iphonesimulator/EXConstants.build/EXConstants-LinkMap-normal-undefined_arch.txt
    export LD_NO_PIE\=NO
    export LD_QUOTE_LINKER_ARGUMENTS_FOR_COMPILER_DRIVER\=YES
    export LD_SHARED_CACHE_ELIGIBLE\=Automatic
    export LD_WARN_DUPLICATE_LIBRARIES\=NO
    export LD_WARN_UNUSED_DYLIBS\=NO
    export LEGACY_DEVELOPER_DIR\=/Applications/Xcode.app/Contents/PlugIns/Xcode3Core.ideplugin/Contents/SharedSupport/Developer
    export LEX\=lex
    export LIBRARY_DEXT_INSTALL_PATH\=/Library/DriverExtensions
    export LIBRARY_FLAG_NOSPACE\=YES
    export LIBRARY_FLAG_PREFIX\=-l
    export LIBRARY_KEXT_INSTALL_PATH\=/Library/Extensions
    export LIBRARY_SEARCH_PATHS\=/Users/myfuckingmacbookair/Documents/GitHub/bindery/ios/build/Build/Products/Release-iphonesimulator/EXConstants\ 
    export LINKER_DISPLAYS_MANGLED_NAMES\=NO
    export LINK_FILE_LIST_normal_arm64\=/Users/myfuckingmacbookair/Documents/GitHub/bindery/ios/build/Build/Intermediates.noindex/Pods.build/Release-iphonesimulator/EXConstants.build/Objects-normal/arm64/EXConstants.LinkFileList
    export LINK_FILE_LIST_normal_x86_64\=/Users/myfuckingmacbookair/Documents/GitHub/bindery/ios/build/Build/Intermediates.noindex/Pods.build/Release-iphonesimulator/EXConstants.build/Objects-normal/x86_64/EXConstants.LinkFileList
    export LINK_OBJC_RUNTIME\=YES
    export LINK_WITH_STANDARD_LIBRARIES\=YES
    export LLVM_TARGET_TRIPLE_OS_VERSION\=ios16.4
    export LLVM_TARGET_TRIPLE_SUFFIX\=-simulator
    export LLVM_TARGET_TRIPLE_VENDOR\=apple
    export LM_AUX_CONST_METADATA_LIST_PATH_normal_arm64\=/Users/myfuckingmacbookair/Documents/GitHub/bindery/ios/build/Build/Intermediates.noindex/Pods.build/Release-iphonesimulator/EXConstants.build/Objects-normal/arm64/EXConstants.SwiftConstValuesFileList
    export LM_AUX_CONST_METADATA_LIST_PATH_normal_x86_64\=/Users/myfuckingmacbookair/Documents/GitHub/bindery/ios/build/Build/Intermediates.noindex/Pods.build/Release-iphonesimulator/EXConstants.build/Objects-normal/x86_64/EXConstants.SwiftConstValuesFileList
    export LOCALIZATION_EXPORT_SUPPORTED\=YES
    export LOCALIZATION_PREFERS_STRING_CATALOGS\=NO
    export LOCALIZED_STRING_MACRO_NAMES\=NSLocalizedString\ CFCopyLocalizedString
    export LOCALIZED_STRING_SWIFTUI_SUPPORT\=YES
    export LOCAL_ADMIN_APPS_DIR\=/Applications/Utilities
    export LOCAL_APPS_DIR\=/Applications
    export LOCAL_DEVELOPER_DIR\=/Library/Developer
    export LOCAL_LIBRARY_DIR\=/Library
    export LOCROOT\=/Users/myfuckingmacbookair/Documents/GitHub/bindery/ios/Pods
    export LOCSYMROOT\=/Users/myfuckingmacbookair/Documents/GitHub/bindery/ios/Pods
    export MACH_O_TYPE\=staticlib
    export MAC_OS_X_PRODUCT_BUILD_VERSION\=25F80
    export MAC_OS_X_VERSION_ACTUAL\=260501
    export MAC_OS_X_VERSION_MAJOR\=260000
    export MAC_OS_X_VERSION_MINOR\=260500
    export MAKE_MERGEABLE\=NO
    export MERGEABLE_LIBRARY\=NO
    export MERGED_BINARY_TYPE\=none
    export MERGE_LINKED_LIBRARIES\=NO
    export METAL_LIBRARY_FILE_BASE\=default
    export METAL_LIBRARY_OUTPUT_DIR\=/Users/myfuckingmacbookair/Documents/GitHub/bindery/ios/build/Build/Products/Release-iphonesimulator/EXConstants/
    export MODULEMAP_FILE\=Headers/Public/EXConstants/EXConstants.modulemap
    export MODULE_CACHE_DIR\=/Users/myfuckingmacbookair/Documents/GitHub/bindery/ios/build/ModuleCache.noindex
    export MTL_ENABLE_DEBUG_INFO\=NO
    export MTL_FAST_MATH\=YES
    export NATIVE_ARCH\=x86_64
    export NATIVE_ARCH_32_BIT\=i386
    export NATIVE_ARCH_64_BIT\=x86_64
    export NATIVE_ARCH_ACTUAL\=x86_64
    export NO_COMMON\=YES
    export OBJC_ABI_VERSION\=2
    export OBJECT_FILE_DIR\=/Users/myfuckingmacbookair/Documents/GitHub/bindery/ios/build/Build/Intermediates.noindex/Pods.build/Release-iphonesimulator/EXConstants.build/Objects
    export OBJECT_FILE_DIR_normal\=/Users/myfuckingmacbookair/Documents/GitHub/bindery/ios/build/Build/Intermediates.noindex/Pods.build/Release-iphonesimulator/EXConstants.build/Objects-normal
    export OBJROOT\=/Users/myfuckingmacbookair/Documents/GitHub/bindery/ios/build/Build/Intermediates.noindex
    export ONLY_ACTIVE_ARCH\=NO
    export OS\=MACOS
    export OSAC\=/usr/bin/osacompile
    export OTHER_CFLAGS\=\ -DRCT_REMOVE_LEGACY_ARCH\=1\ -fmodule-map-file\=\"/Users/myfuckingmacbookair/Documents/GitHub/bindery/ios/Pods/Headers/Public/ReactCodegen/ReactCodegen.modulemap\"\ -DNDEBUG
    export OTHER_CPLUSPLUSFLAGS\=\ -DRCT_REMOVE_LEGACY_ARCH\=1\ -fmodule-map-file\=\"/Users/myfuckingmacbookair/Documents/GitHub/bindery/ios/Pods/Headers/Public/ReactCodegen/ReactCodegen.modulemap\"\ -DNDEBUG\ -DRCT_REMOVE_LEGACY_ARCH\=1\ -DNDEBUG
    export OTHER_SWIFT_FLAGS\=\ -D\ COCOAPODS\ -Xcc\ -fmodule-map-file\=\"/Users/myfuckingmacbookair/Documents/GitHub/bindery/ios/Pods/Headers/Public/ReactCodegen/ReactCodegen.modulemap\"\ -import-underlying-module\ -Xcc\ -fmodule-map-file\=\"/Users/myfuckingmacbookair/Documents/GitHub/bindery/ios/Pods/Headers/Public/EXConstants/EXConstants.modulemap\"\ -Xfrontend\ -load-plugin-executable\ -Xfrontend\ \"/Users/myfuckingmacbookair/Documents/GitHub/bindery/node_modules/@expo/expo-modules-macros-plugin/apple/ExpoModulesMacros-tool\#ExpoModulesMacros\"
    export PACKAGE_TYPE\=com.apple.package-type.static-library
    export PASCAL_STRINGS\=YES
    export PATH\=/Applications/Xcode.app/Contents/SharedFrameworks/SwiftBuild.framework/Versions/A/PlugIns/SWBBuildService.bundle/Contents/PlugIns/SWBUniversalPlatformPlugin.bundle/Contents/Frameworks/SWBUniversalPlatform.framework/Resources:/Applications/Xcode.app/Contents/Developer/Toolchains/XcodeDefault.xctoolchain/usr/bin:/Applications/Xcode.app/Contents/Developer/Toolchains/XcodeDefault.xctoolchain/usr/local/bin:/Applications/Xcode.app/Contents/Developer/Toolchains/XcodeDefault.xctoolchain/usr/libexec:/Applications/Xcode.app/Contents/Developer/Platforms/iPhoneSimulator.platform/usr/bin:/Applications/Xcode.app/Contents/Developer/Platforms/iPhoneSimulator.platform/usr/local/bin:/Applications/Xcode.app/Contents/Developer/Platforms/iPhoneSimulator.platform/Developer/usr/bin:/Applications/Xcode.app/Contents/Developer/Platforms/iPhoneSimulator.platform/Developer/usr/local/bin:/Applications/Xcode.app/Contents/Developer/usr/bin:/Applications/Xcode.app/Contents/Developer/usr/local/bin:/Users/myfuckingmacbookair/.local/bin:/Users/myfuckingmacbookair/.npm-global/bin:/usr/local/bin:/System/Cryptexes/App/usr/bin:/usr/bin:/bin:/usr/sbin:/sbin:/var/run/com.apple.security.cryptexd/codex.system/bootstrap/usr/local/bin:/var/run/com.apple.security.cryptexd/codex.system/bootstrap/usr/bin:/var/run/com.apple.security.cryptexd/codex.system/bootstrap/usr/appleinternal/bin:/pkg/env/global/bin:/Library/Apple/usr/bin:/Users/myfuckingmacbookair/.bun/bin:/Users/myfuckingmacbookair/Library/pnpm:/Users/myfuckingmacbookair/Library/Application\ Support/Claude/local-agent-mode-sessions/skills-plugin/8bf2ebc1-a06e-4b18-bf97-856db8c64549/ec19a108-c20c-455d-9708-6a8cfabeb0b8/bin
    export PATH_PREFIXES_EXCLUDED_FROM_HEADER_DEPENDENCIES\=/usr/include\ /usr/local/include\ /System/Library/Frameworks\ /System/Library/PrivateFrameworks\ /Applications/Xcode.app/Contents/Developer/Headers\ /Applications/Xcode.app/Contents/Developer/SDKs\ /Applications/Xcode.app/Contents/Developer/Platforms
    export PER_ARCH_MODULE_FILE_DIR\=/Users/myfuckingmacbookair/Documents/GitHub/bindery/ios/build/Build/Intermediates.noindex/Pods.build/Release-iphonesimulator/EXConstants.build/Objects-normal/undefined_arch
    export PER_ARCH_OBJECT_FILE_DIR\=/Users/myfuckingmacbookair/Documents/GitHub/bindery/ios/build/Build/Intermediates.noindex/Pods.build/Release-iphonesimulator/EXConstants.build/Objects-normal/undefined_arch
    export PER_VARIANT_OBJECT_FILE_DIR\=/Users/myfuckingmacbookair/Documents/GitHub/bindery/ios/build/Build/Intermediates.noindex/Pods.build/Release-iphonesimulator/EXConstants.build/Objects-normal
    export PKGINFO_FILE_PATH\=/Users/myfuckingmacbookair/Documents/GitHub/bindery/ios/build/Build/Intermediates.noindex/Pods.build/Release-iphonesimulator/EXConstants.build/PkgInfo
    export PLATFORM_DEVELOPER_APPLICATIONS_DIR\=/Applications/Xcode.app/Contents/Developer/Platforms/iPhoneSimulator.platform/Developer/Applications
    export PLATFORM_DEVELOPER_BIN_DIR\=/Applications/Xcode.app/Contents/Developer/Platforms/iPhoneSimulator.platform/Developer/usr/bin
    export PLATFORM_DEVELOPER_LIBRARY_DIR\=/Applications/Xcode.app/Contents/Developer/Platforms/iPhoneSimulator.platform/Developer/Library
    export PLATFORM_DEVELOPER_SDK_DIR\=/Applications/Xcode.app/Contents/Developer/Platforms/iPhoneSimulator.platform/Developer/SDKs
    export PLATFORM_DEVELOPER_TOOLS_DIR\=/Applications/Xcode.app/Contents/Developer/Platforms/iPhoneSimulator.platform/Developer/Tools
    export PLATFORM_DEVELOPER_USR_DIR\=/Applications/Xcode.app/Contents/Developer/Platforms/iPhoneSimulator.platform/Developer/usr
    export PLATFORM_DIR\=/Applications/Xcode.app/Contents/Developer/Platforms/iPhoneSimulator.platform
    export PLATFORM_DISPLAY_NAME\=iOS\ Simulator
    export PLATFORM_FAMILY_NAME\=iOS
    export PLATFORM_NAME\=iphonesimulator
    export PLATFORM_PREFERRED_ARCH\=x86_64
    export PLATFORM_PRODUCT_BUILD_VERSION\=23A339
    export PLATFORM_REQUIRES_SWIFT_AUTOLINK_EXTRACT\=NO
    export PLATFORM_REQUIRES_SWIFT_MODULEWRAP\=NO
    export PLIST_FILE_OUTPUT_FORMAT\=binary
    export PODFILE_DIR\=/Users/myfuckingmacbookair/Documents/GitHub/bindery/ios/Pods/..
    export PODS_BUILD_DIR\=/Users/myfuckingmacbookair/Documents/GitHub/bindery/ios/build/Build/Products
    export PODS_CONFIGURATION_BUILD_DIR\=/Users/myfuckingmacbookair/Documents/GitHub/bindery/ios/build/Build/Products/Release-iphonesimulator
    export PODS_DEVELOPMENT_LANGUAGE\=en
    export PODS_ROOT\=/Users/myfuckingmacbookair/Documents/GitHub/bindery/ios/Pods
    export PODS_TARGET_SRCROOT\=/Users/myfuckingmacbookair/Documents/GitHub/bindery/ios/Pods/../../node_modules/expo-constants/ios
    export PODS_XCFRAMEWORKS_BUILD_DIR\=/Users/myfuckingmacbookair/Documents/GitHub/bindery/ios/build/Build/Products/Release-iphonesimulator/XCFrameworkIntermediates
    export PRECOMPS_INCLUDE_HEADERS_FROM_BUILT_PRODUCTS_DIR\=YES
    export PRECOMP_DESTINATION_DIR\=/Users/myfuckingmacbookair/Documents/GitHub/bindery/ios/build/Build/Intermediates.noindex/Pods.build/Release-iphonesimulator/EXConstants.build/PrefixHeaders
    export PROCESSED_INFOPLIST_PATH\=/Users/myfuckingmacbookair/Documents/GitHub/bindery/ios/build/Build/Intermediates.noindex/Pods.build/Release-iphonesimulator/EXConstants.build/Objects-normal/undefined_arch/Processed-Info.plist
    export PRODUCT_BUNDLE_IDENTIFIER\=org.cocoapods.EXConstants
    export PRODUCT_MODULE_NAME\=EXConstants
    export PRODUCT_NAME\=EXConstants
    export PRODUCT_SETTINGS_PATH\=
    export PRODUCT_TYPE\=com.apple.product-type.library.static
    export PROFILING_CODE\=NO
    export PROJECT\=Pods
    export PROJECT_DERIVED_FILE_DIR\=/Users/myfuckingmacbookair/Documents/GitHub/bindery/ios/build/Build/Intermediates.noindex/Pods.build/DerivedSources
    export PROJECT_DIR\=/Users/myfuckingmacbookair/Documents/GitHub/bindery/ios/Pods
    export PROJECT_FILE_PATH\=/Users/myfuckingmacbookair/Documents/GitHub/bindery/ios/Pods/Pods.xcodeproj
    export PROJECT_GUID\=8699adb1dd336b26511df848a716bd42
    export PROJECT_NAME\=Pods
    export PROJECT_TEMP_DIR\=/Users/myfuckingmacbookair/Documents/GitHub/bindery/ios/build/Build/Intermediates.noindex/Pods.build
    export PROJECT_TEMP_ROOT\=/Users/myfuckingmacbookair/Documents/GitHub/bindery/ios/build/Build/Intermediates.noindex
    export REACT_NATIVE_PATH\=/Users/myfuckingmacbookair/Documents/GitHub/bindery/ios/Pods/../../node_modules/react-native
    export RECOMMENDED_IPHONEOS_DEPLOYMENT_TARGET\=15.0
    export RECURSIVE_SEARCH_PATHS_FOLLOW_SYMLINKS\=YES
    export REMOVE_CVS_FROM_RESOURCES\=YES
    export REMOVE_GIT_FROM_RESOURCES\=YES
    export REMOVE_HEADERS_FROM_EMBEDDED_BUNDLES\=YES
    export REMOVE_HG_FROM_RESOURCES\=YES
    export REMOVE_STATIC_EXECUTABLES_FROM_EMBEDDED_BUNDLES\=YES
    export REMOVE_SVN_FROM_RESOURCES\=YES
    export RESCHEDULE_INDEPENDENT_HEADERS_PHASES\=YES
    export REZ_COLLECTOR_DIR\=/Users/myfuckingmacbookair/Documents/GitHub/bindery/ios/build/Build/Intermediates.noindex/Pods.build/Release-iphonesimulator/EXConstants.build/ResourceManagerResources
    export REZ_EXECUTABLE\=YES
    export REZ_OBJECTS_DIR\=/Users/myfuckingmacbookair/Documents/GitHub/bindery/ios/build/Build/Intermediates.noindex/Pods.build/Release-iphonesimulator/EXConstants.build/ResourceManagerResources/Objects
    export REZ_SEARCH_PATHS\=/Users/myfuckingmacbookair/Documents/GitHub/bindery/ios/build/Build/Products/Release-iphonesimulator/EXConstants\ 
    export RUNTIME_EXCEPTION_ALLOW_DYLD_ENVIRONMENT_VARIABLES\=NO
    export RUNTIME_EXCEPTION_ALLOW_JIT\=NO
    export RUNTIME_EXCEPTION_ALLOW_UNSIGNED_EXECUTABLE_MEMORY\=NO
    export RUNTIME_EXCEPTION_DEBUGGING_TOOL\=NO
    export RUNTIME_EXCEPTION_DISABLE_EXECUTABLE_PAGE_PROTECTION\=NO
    export RUNTIME_EXCEPTION_DISABLE_LIBRARY_VALIDATION\=NO
    export SCAN_ALL_SOURCE_FILES_FOR_INCLUDES\=NO
    export SCRIPT_INPUT_FILE_COUNT\=0
    export SCRIPT_INPUT_FILE_LIST_COUNT\=0
    export SCRIPT_OUTPUT_FILE_COUNT\=0
    export SCRIPT_OUTPUT_FILE_LIST_COUNT\=0
    export SDKROOT\=/Applications/Xcode.app/Contents/Developer/Platforms/iPhoneSimulator.platform/Developer/SDKs/iPhoneSimulator26.0.sdk
    export SDK_DIR\=/Applications/Xcode.app/Contents/Developer/Platforms/iPhoneSimulator.platform/Developer/SDKs/iPhoneSimulator26.0.sdk
    export SDK_DIR_iphonesimulator\=/Applications/Xcode.app/Contents/Developer/Platforms/iPhoneSimulator.platform/Developer/SDKs/iPhoneSimulator26.0.sdk
    export SDK_DIR_iphonesimulator26_0\=/Applications/Xcode.app/Contents/Developer/Platforms/iPhoneSimulator.platform/Developer/SDKs/iPhoneSimulator26.0.sdk
    export SDK_NAME\=iphonesimulator26.0
    export SDK_NAMES\=iphonesimulator26.0
    export SDK_PRODUCT_BUILD_VERSION\=23A339
    export SDK_STAT_CACHE_DIR\=/Users/myfuckingmacbookair/Documents/GitHub/bindery/ios/build
    export SDK_STAT_CACHE_ENABLE\=YES
    export SDK_STAT_CACHE_PATH\=/Users/myfuckingmacbookair/Documents/GitHub/bindery/ios/build/SDKStatCaches.noindex/iphonesimulator26.0-23A339-26257891a6c027eb51374368541b8346.sdkstatcache
    export SDK_VERSION\=26.0
    export SDK_VERSION_ACTUAL\=260000
    export SDK_VERSION_MAJOR\=260000
    export SDK_VERSION_MINOR\=260000
    export SED\=/usr/bin/sed
    export SEPARATE_STRIP\=NO
    export SEPARATE_SYMBOL_EDIT\=NO
    export SET_DIR_MODE_OWNER_GROUP\=YES
    export SET_FILE_MODE_OWNER_GROUP\=NO
    export SHALLOW_BUNDLE\=NO
    export SHARED_DERIVED_FILE_DIR\=/Users/myfuckingmacbookair/Documents/GitHub/bindery/ios/build/Build/Products/Release-iphonesimulator/EXConstants/DerivedSources
    export SHARED_PRECOMPS_DIR\=/Users/myfuckingmacbookair/Documents/GitHub/bindery/ios/build/Build/Intermediates.noindex/PrecompiledHeaders
    export SKIP_INSTALL\=YES
    export SOURCE_ROOT\=/Users/myfuckingmacbookair/Documents/GitHub/bindery/ios/Pods
    export SRCROOT\=/Users/myfuckingmacbookair/Documents/GitHub/bindery/ios/Pods
    export STRINGSDATA_DIR\=/Users/myfuckingmacbookair/Documents/GitHub/bindery/ios/build/Build/Intermediates.noindex/Pods.build/Release-iphonesimulator/EXConstants.build/Objects-normal/undefined_arch
    export STRINGSDATA_ROOT\=/Users/myfuckingmacbookair/Documents/GitHub/bindery/ios/build/Build/Intermediates.noindex/Pods.build/Release-iphonesimulator/EXConstants.build
    export STRINGS_FILE_INFOPLIST_RENAME\=YES
    export STRINGS_FILE_OUTPUT_ENCODING\=binary
    export STRING_CATALOG_GENERATE_SYMBOLS\=NO
    export STRIP_BITCODE_FROM_COPIED_FILES\=NO
    export STRIP_INSTALLED_PRODUCT\=NO
    export STRIP_STYLE\=debugging
    export STRIP_SWIFT_SYMBOLS\=YES
    export SUPPORTED_DEVICE_FAMILIES\=1,2
    export SUPPORTED_PLATFORMS\=iphoneos\ iphonesimulator
    export SUPPORTS_TEXT_BASED_API\=NO
    export SUPPRESS_WARNINGS\=NO
    export SWIFT_ACTIVE_COMPILATION_CONDITIONS\=\ 
    export SWIFT_COMPILATION_MODE\=wholemodule
    export SWIFT_EMIT_CONST_VALUE_PROTOCOLS\=AppIntent\ EntityQuery\ AppEntity\ TransientEntity\ AppEnum\ AppShortcutProviding\ AppShortcutsProvider\ AnyResolverProviding\ AppIntentsPackage\ DynamicOptionsProvider\ _IntentValueRepresentable\ _AssistantIntentsProvider\ _GenerativeFunctionExtractable\ IntentValueQuery\ Resolver\ AppExtension\ ExtensionPointDefining
    export SWIFT_EMIT_LOC_STRINGS\=NO
    export SWIFT_EMIT_MODULE_INTERFACE\=NO
    export SWIFT_ENABLE_EXPLICIT_MODULES\=NO
    export SWIFT_INCLUDE_PATHS\=/Users/myfuckingmacbookair/Documents/GitHub/bindery/ios/build/Build/Products/Release-iphonesimulator/EXConstants\ \ \"/Users/myfuckingmacbookair/Documents/GitHub/bindery/ios/build/Build/Products/Release-iphonesimulator/ExpoModulesCore\"\ \"/Users/myfuckingmacbookair/Documents/GitHub/bindery/ios/build/Build/Products/Release-iphonesimulator/ExpoModulesJSI\"
    export SWIFT_INSTALL_OBJC_HEADER\=YES
    export SWIFT_OPTIMIZATION_LEVEL\=-O
    export SWIFT_PLATFORM_TARGET_PREFIX\=ios
    export SWIFT_RESPONSE_FILE_PATH_normal_arm64\=/Users/myfuckingmacbookair/Documents/GitHub/bindery/ios/build/Build/Intermediates.noindex/Pods.build/Release-iphonesimulator/EXConstants.build/Objects-normal/arm64/EXConstants.SwiftFileList
    export SWIFT_RESPONSE_FILE_PATH_normal_x86_64\=/Users/myfuckingmacbookair/Documents/GitHub/bindery/ios/build/Build/Intermediates.noindex/Pods.build/Release-iphonesimulator/EXConstants.build/Objects-normal/x86_64/EXConstants.SwiftFileList
    export SWIFT_VERSION\=5.9
    export SYMROOT\=/Users/myfuckingmacbookair/Documents/GitHub/bindery/ios/build/Build/Products
    export SYSTEM_ADMIN_APPS_DIR\=/Applications/Utilities
    export SYSTEM_APPS_DIR\=/Applications
    export SYSTEM_CORE_SERVICES_DIR\=/System/Library/CoreServices
    export SYSTEM_DEMOS_DIR\=/Applications/Extras
    export SYSTEM_DEVELOPER_APPS_DIR\=/Applications/Xcode.app/Contents/Developer/Applications
    export SYSTEM_DEVELOPER_BIN_DIR\=/Applications/Xcode.app/Contents/Developer/usr/bin
    export SYSTEM_DEVELOPER_DEMOS_DIR\=/Applications/Xcode.app/Contents/Developer/Applications/Utilities/Built\ Examples
    export SYSTEM_DEVELOPER_DIR\=/Applications/Xcode.app/Contents/Developer
    export SYSTEM_DEVELOPER_DOC_DIR\=/Applications/Xcode.app/Contents/Developer/ADC\ Reference\ Library
    export SYSTEM_DEVELOPER_GRAPHICS_TOOLS_DIR\=/Applications/Xcode.app/Contents/Developer/Applications/Graphics\ Tools
    export SYSTEM_DEVELOPER_JAVA_TOOLS_DIR\=/Applications/Xcode.app/Contents/Developer/Applications/Java\ Tools
    export SYSTEM_DEVELOPER_PERFORMANCE_TOOLS_DIR\=/Applications/Xcode.app/Contents/Developer/Applications/Performance\ Tools
    export SYSTEM_DEVELOPER_RELEASENOTES_DIR\=/Applications/Xcode.app/Contents/Developer/ADC\ Reference\ Library/releasenotes
    export SYSTEM_DEVELOPER_TOOLS\=/Applications/Xcode.app/Contents/Developer/Tools
    export SYSTEM_DEVELOPER_TOOLS_DOC_DIR\=/Applications/Xcode.app/Contents/Developer/ADC\ Reference\ Library/documentation/DeveloperTools
    export SYSTEM_DEVELOPER_TOOLS_RELEASENOTES_DIR\=/Applications/Xcode.app/Contents/Developer/ADC\ Reference\ Library/releasenotes/DeveloperTools
    export SYSTEM_DEVELOPER_USR_DIR\=/Applications/Xcode.app/Contents/Developer/usr
    export SYSTEM_DEVELOPER_UTILITIES_DIR\=/Applications/Xcode.app/Contents/Developer/Applications/Utilities
    export SYSTEM_DEXT_INSTALL_PATH\=/System/Library/DriverExtensions
    export SYSTEM_DOCUMENTATION_DIR\=/Library/Documentation
    export SYSTEM_KEXT_INSTALL_PATH\=/System/Library/Extensions
    export SYSTEM_LIBRARY_DIR\=/System/Library
    export TAPI_DEMANGLE\=YES
    export TAPI_ENABLE_PROJECT_HEADERS\=NO
    export TAPI_LANGUAGE\=objective-c
    export TAPI_LANGUAGE_STANDARD\=compiler-default
    export TAPI_USE_SRCROOT\=YES
    export TAPI_VERIFY_MODE\=Pedantic
    export TARGETED_DEVICE_FAMILY\=1,2
    export TARGETNAME\=EXConstants
    export TARGET_BUILD_DIR\=/Users/myfuckingmacbookair/Documents/GitHub/bindery/ios/build/Build/Products/Release-iphonesimulator/EXConstants
    export TARGET_DEVICE_IDENTIFIER\=4DC2E649-35BE-4445-9A24-38BD8A88D1BF
    export TARGET_DEVICE_MODEL\=iPhone18,1
    export TARGET_DEVICE_OS_VERSION\=26.0.1
    export TARGET_DEVICE_PLATFORM_NAME\=iphonesimulator
    export TARGET_NAME\=EXConstants
    export TARGET_TEMP_DIR\=/Users/myfuckingmacbookair/Documents/GitHub/bindery/ios/build/Build/Intermediates.noindex/Pods.build/Release-iphonesimulator/EXConstants.build
    export TEMP_DIR\=/Users/myfuckingmacbookair/Documents/GitHub/bindery/ios/build/Build/Intermediates.noindex/Pods.build/Release-iphonesimulator/EXConstants.build
    export TEMP_FILES_DIR\=/Users/myfuckingmacbookair/Documents/GitHub/bindery/ios/build/Build/Intermediates.noindex/Pods.build/Release-iphonesimulator/EXConstants.build
    export TEMP_FILE_DIR\=/Users/myfuckingmacbookair/Documents/GitHub/bindery/ios/build/Build/Intermediates.noindex/Pods.build/Release-iphonesimulator/EXConstants.build
    export TEMP_ROOT\=/Users/myfuckingmacbookair/Documents/GitHub/bindery/ios/build/Build/Intermediates.noindex
    export TEMP_SANDBOX_DIR\=/Users/myfuckingmacbookair/Documents/GitHub/bindery/ios/build/Build/Intermediates.noindex/TemporaryTaskSandboxes
    export TEST_FRAMEWORK_SEARCH_PATHS\=\ /Applications/Xcode.app/Contents/Developer/Platforms/iPhoneSimulator.platform/Developer/Library/Frameworks\ /Applications/Xcode.app/Contents/Developer/Platforms/iPhoneSimulator.platform/Developer/SDKs/iPhoneSimulator26.0.sdk/Developer/Library/Frameworks
    export TEST_LIBRARY_SEARCH_PATHS\=\ /Applications/Xcode.app/Contents/Developer/Platforms/iPhoneSimulator.platform/Developer/usr/lib
    export TOOLCHAINS\=com.apple.dt.toolchain.XcodeDefault
    export TOOLCHAIN_DIR\=/Applications/Xcode.app/Contents/Developer/Toolchains/XcodeDefault.xctoolchain
    export TREAT_MISSING_BASELINES_AS_TEST_FAILURES\=NO
    export TREAT_MISSING_SCRIPT_PHASE_OUTPUTS_AS_ERRORS\=NO
    export UID\=501
    export UNINSTALLED_PRODUCTS_DIR\=/Users/myfuckingmacbookair/Documents/GitHub/bindery/ios/build/Build/Intermediates.noindex/UninstalledProducts
    export UNSTRIPPED_PRODUCT\=NO
    export USER\=myfuckingmacbookair
    export USER_APPS_DIR\=/Users/myfuckingmacbookair/Applications
    export USER_LIBRARY_DIR\=/Users/myfuckingmacbookair/Library
    export USE_DYNAMIC_NO_PIC\=YES
    export USE_HEADERMAP\=YES
    export USE_HEADER_SYMLINKS\=NO
    export USE_HERMES\=true
    export USE_RECURSIVE_SCRIPT_INPUTS_IN_SCRIPT_PHASES\=YES
    export VALIDATE_DEVELOPMENT_ASSET_PATHS\=YES_ERROR
    export VALIDATE_PRODUCT\=YES
    export VALID_ARCHS\=arm64\ x86_64
    export VERBOSE_PBXCP\=NO
    export VERSION_INFO_BUILDER\=myfuckingmacbookair
    export VERSION_INFO_FILE\=EXConstants_vers.c
    export VERSION_INFO_STRING\=\"@\(\#\)PROGRAM:EXConstants\ \ PROJECT:Pods-\"
    export WORKSPACE_DIR\=/Users/myfuckingmacbookair/Documents/GitHub/bindery/ios
    export WRAP_ASSET_PACKS_IN_SEPARATE_DIRECTORIES\=NO
    export XCODE_APP_SUPPORT_DIR\=/Applications/Xcode.app/Contents/Developer/Library/Xcode
    export XCODE_PRODUCT_BUILD_VERSION\=17A400
    export XCODE_VERSION_ACTUAL\=2601
    export XCODE_VERSION_MAJOR\=2600
    export XCODE_VERSION_MINOR\=2600
    export XPCSERVICES_FOLDER_PATH\=/XPCServices
    export YACC\=yacc
    export _DISCOVER_COMMAND_LINE_LINKER_INPUTS\=YES
    export _DISCOVER_COMMAND_LINE_LINKER_INPUTS_INCLUDE_WL\=YES
    export _LD_MULTIARCH\=YES
    export __DIAGNOSE_DEPRECATED_ARCHS\=YES
    export arch\=undefined_arch
    export variant\=normal
    /bin/sh -c /Users/myfuckingmacbookair/Documents/GitHub/bindery/ios/build/Build/Intermediates.noindex/Pods.build/Release-iphonesimulator/EXConstants.build/Script-46EB2E0001B480.sh
Node found at: /usr/local/bin/node
The NODE_ENV environment variable is required but was not specified. Ensure the project is bundled with Expo CLI or NODE_ENV is set. Using only .env.local and .env

note: Run script build phase '[CP-User] [Expo] Switch ExpoFileSystem XCFramework for build configuration' will be run during every build because the option to run the script phase "Based on dependency analysis" is unchecked. (in target 'ExpoFileSystem' from project 'Pods')
PhaseScriptExecution [CP-User]\ [Expo]\ Switch\ ExpoFileSystem\ XCFramework\ for\ build\ configuration /Users/myfuckingmacbookair/Documents/GitHub/bindery/ios/build/Build/Intermediates.noindex/Pods.build/Release-iphonesimulator/ExpoFileSystem.build/Script-46EB2E0001B4A0.sh (in target 'ExpoFileSystem' from project 'Pods')
    cd /Users/myfuckingmacbookair/Documents/GitHub/bindery/ios/Pods
    export ACTION\=build
    export AD_HOC_CODE_SIGNING_ALLOWED\=YES
    export ALLOW_BUILD_REQUEST_OVERRIDES\=NO
    export ALLOW_TARGET_PLATFORM_SPECIALIZATION\=NO
    export ALTERNATE_GROUP\=staff
    export ALTERNATE_MODE\=u+w,go-w,a+rX
    export ALTERNATE_OWNER\=myfuckingmacbookair
    export ALTERNATIVE_DISTRIBUTION_WEB\=NO
    export ALWAYS_EMBED_SWIFT_STANDARD_LIBRARIES\=NO
    export ALWAYS_SEARCH_USER_PATHS\=NO
    export ALWAYS_USE_SEPARATE_HEADERMAPS\=NO
    export ANDROID_DEPLOYMENT_TARGET\=21.0
    export APPLICATION_EXTENSION_API_ONLY\=NO
    export APPLY_RULES_IN_COPY_FILES\=NO
    export APPLY_RULES_IN_COPY_HEADERS\=NO
    export APP_SHORTCUTS_ENABLE_FLEXIBLE_MATCHING\=YES
    export ARCHS\=arm64\ x86_64
    export ARCHS_STANDARD\=arm64\ x86_64
    export ARCHS_STANDARD_32_64_BIT\=arm64\ x86_64
    export ARCHS_STANDARD_64_BIT\=arm64\ x86_64
    export ARCHS_STANDARD_INCLUDING_64_BIT\=arm64\ x86_64
    export ARCHS_UNIVERSAL_IPHONE_OS\=arm64\ x86_64
    export ASSETCATALOG_COMPILER_APPICON_NAME\=AppIcon
    export ASSETCATALOG_COMPILER_GLOBAL_ACCENT_COLOR_NAME\=AccentColor
    export ASSETCATALOG_FILTER_FOR_DEVICE_MODEL\=iPhone18,1
    export ASSETCATALOG_FILTER_FOR_DEVICE_OS_VERSION\=26.0.1
    export ASSETCATALOG_FILTER_FOR_THINNING_DEVICE_CONFIGURATION\=iPhone18,1
    export AUTOMATICALLY_MERGE_DEPENDENCIES\=NO
    export AUTOMATION_APPLE_EVENTS\=NO
    export AVAILABLE_PLATFORMS\=android\ appletvos\ appletvsimulator\ driverkit\ iphoneos\ iphonesimulator\ macosx\ qnx\ watchos\ watchsimulator\ webassembly\ xros\ xrsimulator
    export BUILD_ACTIVE_RESOURCES_ONLY\=YES
    export BUILD_COMPONENTS\=headers\ build
    export BUILD_DIR\=/Users/myfuckingmacbookair/Documents/GitHub/bindery/ios/build/Build/Products
    export BUILD_LIBRARY_FOR_DISTRIBUTION\=NO
    export BUILD_ROOT\=/Users/myfuckingmacbookair/Documents/GitHub/bindery/ios/build/Build/Products
    export BUILD_STYLE\=
    export BUILD_VARIANTS\=normal
    export BUILT_PRODUCTS_DIR\=/Users/myfuckingmacbookair/Documents/GitHub/bindery/ios/build/Build/Products/Release-iphonesimulator/ExpoFileSystem
    export BUNDLE_CONTENTS_FOLDER_PATH_deep\=Contents/
    export BUNDLE_EXECUTABLE_FOLDER_NAME_deep\=MacOS
    export BUNDLE_EXTENSIONS_FOLDER_PATH\=Extensions
    export BUNDLE_FORMAT\=shallow
    export BUNDLE_FRAMEWORKS_FOLDER_PATH\=Frameworks
    export BUNDLE_PLUGINS_FOLDER_PATH\=PlugIns
    export BUNDLE_PRIVATE_HEADERS_FOLDER_PATH\=PrivateHeaders
    export BUNDLE_PUBLIC_HEADERS_FOLDER_PATH\=Headers
    export CACHE_ROOT\=/var/folders/p3/qv3pwhyn1njgqlcyk_px59gr0000gn/C/com.apple.DeveloperTools/26.0.1-17A400/Xcode
    export CCHROOT\=/var/folders/p3/qv3pwhyn1njgqlcyk_px59gr0000gn/C/com.apple.DeveloperTools/26.0.1-17A400/Xcode
    export CHMOD\=/bin/chmod
    export CHOWN\=/usr/sbin/chown
    export CLANG_ANALYZER_LOCALIZABILITY_NONLOCALIZED\=YES
    export CLANG_ANALYZER_NONNULL\=YES
    export CLANG_ANALYZER_NUMBER_OBJECT_CONVERSION\=YES_AGGRESSIVE
    export CLANG_CACHE_FINE_GRAINED_OUTPUTS\=YES
    export CLANG_CXX_LANGUAGE_STANDARD\=c++20
    export CLANG_CXX_LIBRARY\=libc++
    export CLANG_ENABLE_EXPLICIT_MODULES\=YES
    export CLANG_ENABLE_MODULES\=YES
    export CLANG_ENABLE_OBJC_ARC\=YES
    export CLANG_ENABLE_OBJC_WEAK\=NO
    export CLANG_MODULES_BUILD_SESSION_FILE\=/Users/myfuckingmacbookair/Documents/GitHub/bindery/ios/build/ModuleCache.noindex/Session.modulevalidation
    export CLANG_WARN_BLOCK_CAPTURE_AUTORELEASING\=YES
    export CLANG_WARN_BOOL_CONVERSION\=YES
    export CLANG_WARN_COMMA\=YES
    export CLANG_WARN_CONSTANT_CONVERSION\=YES
    export CLANG_WARN_DEPRECATED_OBJC_IMPLEMENTATIONS\=YES
    export CLANG_WARN_DIRECT_OBJC_ISA_USAGE\=YES_ERROR
    export CLANG_WARN_DOCUMENTATION_COMMENTS\=YES
    export CLANG_WARN_EMPTY_BODY\=YES
    export CLANG_WARN_ENUM_CONVERSION\=YES
    export CLANG_WARN_INFINITE_RECURSION\=YES
    export CLANG_WARN_INT_CONVERSION\=YES
    export CLANG_WARN_NON_LITERAL_NULL_CONVERSION\=YES
    export CLANG_WARN_OBJC_IMPLICIT_RETAIN_SELF\=YES
    export CLANG_WARN_OBJC_LITERAL_CONVERSION\=YES
    export CLANG_WARN_OBJC_ROOT_CLASS\=YES_ERROR
    export CLANG_WARN_QUOTED_INCLUDE_IN_FRAMEWORK_HEADER\=NO
    export CLANG_WARN_RANGE_LOOP_ANALYSIS\=YES
    export CLANG_WARN_STRICT_PROTOTYPES\=YES
    export CLANG_WARN_SUSPICIOUS_MOVE\=YES
    export CLANG_WARN_UNGUARDED_AVAILABILITY\=YES_AGGRESSIVE
    export CLANG_WARN_UNREACHABLE_CODE\=YES
    export CLANG_WARN__DUPLICATE_METHOD_MATCH\=YES
    export CLASS_FILE_DIR\=/Users/myfuckingmacbookair/Documents/GitHub/bindery/ios/build/Build/Intermediates.noindex/Pods.build/Release-iphonesimulator/ExpoFileSystem.build/JavaClasses
    export CLEAN_PRECOMPS\=YES
    export CLONE_HEADERS\=NO
    export CODESIGNING_FOLDER_PATH\=/Users/myfuckingmacbookair/Documents/GitHub/bindery/ios/build/Build/Products/Release-iphonesimulator/ExpoFileSystem/
    export CODE_SIGNING_ALLOWED\=NO
    export CODE_SIGNING_REQUIRED\=YES
    export CODE_SIGN_CONTEXT_CLASS\=XCiPhoneSimulatorCodeSignContext
    export CODE_SIGN_IDENTITY\=-
    export CODE_SIGN_INJECT_BASE_ENTITLEMENTS\=YES
    export COLOR_DIAGNOSTICS\=NO
    export COMBINE_HIDPI_IMAGES\=NO
    export COMPILATION_CACHE_CAS_PATH\=/Users/myfuckingmacbookair/Documents/GitHub/bindery/ios/build/CompilationCache.noindex
    export COMPILATION_CACHE_KEEP_CAS_DIRECTORY\=YES
    export COMPILER_INDEX_STORE_ENABLE\=Default
    export COMPOSITE_SDK_DIRS\=/Users/myfuckingmacbookair/Documents/GitHub/bindery/ios/build/Build/Intermediates.noindex/CompositeSDKs
    export COMPRESS_PNG_FILES\=YES
    export CONFIGURATION\=Release
    export CONFIGURATION_BUILD_DIR\=/Users/myfuckingmacbookair/Documents/GitHub/bindery/ios/build/Build/Products/Release-iphonesimulator/ExpoFileSystem
    export CONFIGURATION_TEMP_DIR\=/Users/myfuckingmacbookair/Documents/GitHub/bindery/ios/build/Build/Intermediates.noindex/Pods.build/Release-iphonesimulator
    export COPYING_PRESERVES_HFS_DATA\=NO
    export COPY_HEADERS_RUN_UNIFDEF\=NO
    export COPY_PHASE_STRIP\=NO
    export CORRESPONDING_DEVICE_PLATFORM_DIR\=/Applications/Xcode.app/Contents/Developer/Platforms/iPhoneOS.platform
    export CORRESPONDING_DEVICE_PLATFORM_NAME\=iphoneos
    export CORRESPONDING_DEVICE_SDK_DIR\=/Applications/Xcode.app/Contents/Developer/Platforms/iPhoneOS.platform/Developer/SDKs/iPhoneOS26.0.sdk
    export CORRESPONDING_DEVICE_SDK_NAME\=iphoneos26.0
    export CP\=/bin/cp
    export CREATE_INFOPLIST_SECTION_IN_BINARY\=NO
    export CURRENT_ARCH\=undefined_arch
    export CURRENT_VARIANT\=normal
    export DEAD_CODE_STRIPPING\=YES
    export DEBUGGING_SYMBOLS\=YES
    export DEBUG_INFORMATION_FORMAT\=dwarf-with-dsym
    export DEBUG_INFORMATION_VERSION\=compiler-default
    export DEFAULT_COMPILER\=com.apple.compilers.llvm.clang.1_0
    export DEFAULT_DEXT_INSTALL_PATH\=/System/Library/DriverExtensions
    export DEFAULT_KEXT_INSTALL_PATH\=/System/Library/Extensions
    export DEFINES_MODULE\=YES
    export DEPLOYMENT_LOCATION\=NO
    export DEPLOYMENT_POSTPROCESSING\=NO
    export DEPLOYMENT_TARGET_SETTING_NAME\=IPHONEOS_DEPLOYMENT_TARGET
    export DEPLOYMENT_TARGET_SUGGESTED_VALUES\=12.0\ 12.1\ 12.2\ 12.3\ 12.4\ 13.0\ 13.1\ 13.2\ 13.3\ 13.4\ 13.5\ 13.6\ 14.0\ 14.1\ 14.2\ 14.3\ 14.4\ 14.5\ 14.6\ 14.7\ 15.0\ 15.1\ 15.2\ 15.3\ 15.4\ 15.5\ 15.6\ 16.0\ 16.1\ 16.2\ 16.3\ 16.4\ 16.5\ 16.6\ 17.0\ 17.1\ 17.2\ 17.3\ 17.4\ 17.5\ 17.6\ 18.0\ 18.1\ 18.2\ 18.3\ 18.4\ 18.5\ 18.6\ 26.0
    export DERIVED_FILES_DIR\=/Users/myfuckingmacbookair/Documents/GitHub/bindery/ios/build/Build/Intermediates.noindex/Pods.build/Release-iphonesimulator/ExpoFileSystem.build/DerivedSources
    export DERIVED_FILE_DIR\=/Users/myfuckingmacbookair/Documents/GitHub/bindery/ios/build/Build/Intermediates.noindex/Pods.build/Release-iphonesimulator/ExpoFileSystem.build/DerivedSources
    export DERIVED_SOURCES_DIR\=/Users/myfuckingmacbookair/Documents/GitHub/bindery/ios/build/Build/Intermediates.noindex/Pods.build/Release-iphonesimulator/ExpoFileSystem.build/DerivedSources
    export DEVELOPER_APPLICATIONS_DIR\=/Applications/Xcode.app/Contents/Developer/Applications
    export DEVELOPER_BIN_DIR\=/Applications/Xcode.app/Contents/Developer/usr/bin
    export DEVELOPER_DIR\=/Applications/Xcode.app/Contents/Developer
    export DEVELOPER_FRAMEWORKS_DIR\=/Applications/Xcode.app/Contents/Developer/Library/Frameworks
    export DEVELOPER_FRAMEWORKS_DIR_QUOTED\=/Applications/Xcode.app/Contents/Developer/Library/Frameworks
    export DEVELOPER_LIBRARY_DIR\=/Applications/Xcode.app/Contents/Developer/Library
    export DEVELOPER_SDK_DIR\=/Applications/Xcode.app/Contents/Developer/Platforms/MacOSX.platform/Developer/SDKs
    export DEVELOPER_TOOLS_DIR\=/Applications/Xcode.app/Contents/Developer/Tools
    export DEVELOPER_USR_DIR\=/Applications/Xcode.app/Contents/Developer/usr
    export DEVELOPMENT_LANGUAGE\=en
    export DIAGNOSE_MISSING_TARGET_DEPENDENCIES\=YES
    export DIFF\=/usr/bin/diff
    export DONT_GENERATE_INFOPLIST_FILE\=NO
    export DSTROOT\=/tmp/Pods.dst
    export DT_TOOLCHAIN_DIR\=/Applications/Xcode.app/Contents/Developer/Toolchains/XcodeDefault.xctoolchain
    export DWARF_DSYM_FILE_NAME\=.dSYM
    export DWARF_DSYM_FILE_SHOULD_ACCOMPANY_PRODUCT\=NO
    export DWARF_DSYM_FOLDER_PATH\=/Users/myfuckingmacbookair/Documents/GitHub/bindery/ios/build/Build/Products/Release-iphonesimulator/ExpoFileSystem
    export DYNAMIC_LIBRARY_EXTENSION\=dylib
    export EAGER_COMPILATION_ALLOW_SCRIPTS\=NO
    export EAGER_LINKING\=NO
    export EFFECTIVE_PLATFORM_NAME\=-iphonesimulator
    export EMBEDDED_CONTENT_CONTAINS_SWIFT\=NO
    export EMBED_ASSET_PACKS_IN_PRODUCT_BUNDLE\=NO
    export ENABLE_APP_SANDBOX\=NO
    export ENABLE_CODE_COVERAGE\=YES
    export ENABLE_CPLUSPLUS_BOUNDS_SAFE_BUFFERS\=NO
    export ENABLE_C_BOUNDS_SAFETY\=NO
    export ENABLE_DEBUG_DYLIB\=NO
    export ENABLE_DEFAULT_HEADER_SEARCH_PATHS\=YES
    export ENABLE_DEFAULT_SEARCH_PATHS\=YES
    export ENABLE_ENHANCED_SECURITY\=NO
    export ENABLE_HARDENED_RUNTIME\=NO
    export ENABLE_HEADER_DEPENDENCIES\=YES
    export ENABLE_INCOMING_NETWORK_CONNECTIONS\=NO
    export ENABLE_NS_ASSERTIONS\=NO
    export ENABLE_ON_DEMAND_RESOURCES\=NO
    export ENABLE_OUTGOING_NETWORK_CONNECTIONS\=NO
    export ENABLE_POINTER_AUTHENTICATION\=NO
    export ENABLE_PREVIEWS\=NO
    export ENABLE_RESOURCE_ACCESS_AUDIO_INPUT\=NO
    export ENABLE_RESOURCE_ACCESS_BLUETOOTH\=NO
    export ENABLE_RESOURCE_ACCESS_CALENDARS\=NO
    export ENABLE_RESOURCE_ACCESS_CAMERA\=NO
    export ENABLE_RESOURCE_ACCESS_CONTACTS\=NO
    export ENABLE_RESOURCE_ACCESS_LOCATION\=NO
    export ENABLE_RESOURCE_ACCESS_PHOTO_LIBRARY\=NO
    export ENABLE_RESOURCE_ACCESS_PRINTING\=NO
    export ENABLE_RESOURCE_ACCESS_USB\=NO
    export ENABLE_SDK_IMPORTS\=NO
    export ENABLE_SECURITY_COMPILER_WARNINGS\=NO
    export ENABLE_STRICT_OBJC_MSGSEND\=YES
    export ENABLE_TESTABILITY\=NO
    export ENABLE_TESTING_SEARCH_PATHS\=NO
    export ENABLE_USER_SCRIPT_SANDBOXING\=NO
    export ENABLE_XOJIT_PREVIEWS\=NO
    export ENFORCE_VALID_ARCHS\=YES
    export ENTITLEMENTS_DESTINATION\=__entitlements
    export ENTITLEMENTS_REQUIRED\=YES
    export EXCLUDED_INSTALLSRC_SUBDIRECTORY_PATTERNS\=.DS_Store\ .svn\ .git\ .hg\ CVS
    export EXCLUDED_RECURSIVE_SEARCH_PATH_SUBDIRECTORIES\=\*.nib\ \*.lproj\ \*.framework\ \*.gch\ \*.xcode\*\ \*.xcassets\ \*.icon\ \(\*\)\ .DS_Store\ CVS\ .svn\ .git\ .hg\ \*.pbproj\ \*.pbxproj
    export FILE_LIST\=/Users/myfuckingmacbookair/Documents/GitHub/bindery/ios/build/Build/Intermediates.noindex/Pods.build/Release-iphonesimulator/ExpoFileSystem.build/Objects/LinkFileList
    export FIXED_FILES_DIR\=/Users/myfuckingmacbookair/Documents/GitHub/bindery/ios/build/Build/Intermediates.noindex/Pods.build/Release-iphonesimulator/ExpoFileSystem.build/FixedFiles
    export FRAMEWORK_SEARCH_PATHS\=\ \"/Users/myfuckingmacbookair/Documents/GitHub/bindery/ios/Pods/../../node_modules/expo-modules-jsi/apple/Products\"\ \"/Users/myfuckingmacbookair/Documents/GitHub/bindery/ios/Pods/ExpoFileSystem\"\ \"/Users/myfuckingmacbookair/Documents/GitHub/bindery/ios/Pods/ExpoModulesCore\"\ \"/Users/myfuckingmacbookair/Documents/GitHub/bindery/ios/Pods/React-Core-prebuilt\"\ \"/Users/myfuckingmacbookair/Documents/GitHub/bindery/ios/Pods/ReactNativeDependencies/framework/packages/react-native\"\ \"/Users/myfuckingmacbookair/Documents/GitHub/bindery/ios/Pods/hermes-engine/destroot/Library/Frameworks/universal\"\ \"/Users/myfuckingmacbookair/Documents/GitHub/bindery/ios/build/Build/Products/Release-iphonesimulator/XCFrameworkIntermediates/ExpoFileSystem\"\ \"/Users/myfuckingmacbookair/Documents/GitHub/bindery/ios/build/Build/Products/Release-iphonesimulator/XCFrameworkIntermediates/ExpoModulesCore\"\ \"/Users/myfuckingmacbookair/Documents/GitHub/bindery/ios/build/Build/Products/Release-iphonesimulator/XCFrameworkIntermediates/ExpoModulesJSI\"\ \"/Users/myfuckingmacbookair/Documents/GitHub/bindery/ios/build/Build/Products/Release-iphonesimulator/XCFrameworkIntermediates/React-Core-prebuilt\"\ \"/Users/myfuckingmacbookair/Documents/GitHub/bindery/ios/build/Build/Products/Release-iphonesimulator/XCFrameworkIntermediates/ReactNativeDependencies\"\ \"/Users/myfuckingmacbookair/Documents/GitHub/bindery/ios/build/Build/Products/Release-iphonesimulator/XCFrameworkIntermediates/hermes-engine/Pre-built\"
    export FRAMEWORK_VERSION\=A
    export FUSE_BUILD_PHASES\=YES
    export FUSE_BUILD_SCRIPT_PHASES\=NO
    export GCC3_VERSION\=3.3
    export GCC_C_LANGUAGE_STANDARD\=gnu11
    export GCC_NO_COMMON_BLOCKS\=YES
    export GCC_OBJC_LEGACY_DISPATCH\=YES
    export GCC_PFE_FILE_C_DIALECTS\=c\ objective-c\ c++\ objective-c++
    export GCC_PREPROCESSOR_DEFINITIONS\=POD_CONFIGURATION_RELEASE\=1\ \ COCOAPODS\=1
    export GCC_TREAT_WARNINGS_AS_ERRORS\=NO
    export GCC_VERSION\=com.apple.compilers.llvm.clang.1_0
    export GCC_VERSION_IDENTIFIER\=com_apple_compilers_llvm_clang_1_0
    export GCC_WARN_64_TO_32_BIT_CONVERSION\=YES
    export GCC_WARN_ABOUT_RETURN_TYPE\=YES_ERROR
    export GCC_WARN_UNDECLARED_SELECTOR\=YES
    export GCC_WARN_UNINITIALIZED_AUTOS\=YES_AGGRESSIVE
    export GCC_WARN_UNUSED_FUNCTION\=YES
    export GCC_WARN_UNUSED_VARIABLE\=YES
    export GENERATED_MODULEMAP_DIR\=/Users/myfuckingmacbookair/Documents/GitHub/bindery/ios/build/Build/Intermediates.noindex/GeneratedModuleMaps-iphonesimulator
    export GENERATE_INFOPLIST_FILE\=NO
    export GENERATE_INTERMEDIATE_TEXT_BASED_STUBS\=YES
    export GENERATE_PKGINFO_FILE\=NO
    export GENERATE_PRELINK_OBJECT_FILE\=NO
    export GENERATE_PROFILING_CODE\=NO
    export GENERATE_TEXT_BASED_STUBS\=NO
    export GID\=20
    export GROUP\=staff
    export HEADERMAP_INCLUDES_FLAT_ENTRIES_FOR_TARGET_BEING_BUILT\=YES
    export HEADERMAP_INCLUDES_FRAMEWORK_ENTRIES_FOR_ALL_PRODUCT_TYPES\=YES
    export HEADERMAP_INCLUDES_FRAMEWORK_ENTRIES_FOR_TARGETS_NOT_BEING_BUILT\=YES
    export HEADERMAP_INCLUDES_NONPUBLIC_NONPRIVATE_HEADERS\=YES
    export HEADERMAP_INCLUDES_PROJECT_HEADERS\=YES
    export HEADERMAP_USES_FRAMEWORK_PREFIX_ENTRIES\=YES
    export HEADERMAP_USES_VFS\=YES
    export HEADER_SEARCH_PATHS\=\ \"/Users/myfuckingmacbookair/Documents/GitHub/bindery/ios/Pods/Headers/Public\"\ \"/Users/myfuckingmacbookair/Documents/GitHub/bindery/ios/Pods/Headers/Public/FBLazyVector\"\ \"/Users/myfuckingmacbookair/Documents/GitHub/bindery/ios/Pods/Headers/Public/RCTRequired\"\ \"/Users/myfuckingmacbookair/Documents/GitHub/bindery/ios/Pods/Headers/Public/RCTSwiftUIWrapper\"\ \"/Users/myfuckingmacbookair/Documents/GitHub/bindery/ios/Pods/Headers/Public/RCTTypeSafety\"\ \"/Users/myfuckingmacbookair/Documents/GitHub/bindery/ios/Pods/Headers/Public/React-Core\"\ \"/Users/myfuckingmacbookair/Documents/GitHub/bindery/ios/Pods/Headers/Public/React-Core-prebuilt\"\ \"/Users/myfuckingmacbookair/Documents/GitHub/bindery/ios/Pods/Headers/Public/React-CoreModules\"\ \"/Users/myfuckingmacbookair/Documents/GitHub/bindery/ios/Pods/Headers/Public/React-Fabric\"\ \"/Users/myfuckingmacbookair/Documents/GitHub/bindery/ios/Pods/Headers/Public/React-FabricComponents\"\ \"/Users/myfuckingmacbookair/Documents/GitHub/bindery/ios/Pods/Headers/Public/React-FabricImage\"\ \"/Users/myfuckingmacbookair/Documents/GitHub/bindery/ios/Pods/Headers/Public/React-ImageManager\"\ \"/Users/myfuckingmacbookair/Documents/GitHub/bindery/ios/Pods/Headers/Public/React-Mapbuffer\"\ \"/Users/myfuckingmacbookair/Documents/GitHub/bindery/ios/Pods/Headers/Public/React-NativeModulesApple\"\ \"/Users/myfuckingmacbookair/Documents/GitHub/bindery/ios/Pods/Headers/Public/React-RCTAnimation\"\ \"/Users/myfuckingmacbookair/Documents/GitHub/bindery/ios/Pods/Headers/Public/React-RCTBlob\"\ \"/Users/myfuckingmacbookair/Documents/GitHub/bindery/ios/Pods/Headers/Public/React-RCTFBReactNativeSpec\"\ \"/Users/myfuckingmacbookair/Documents/GitHub/bindery/ios/Pods/Headers/Public/React-RCTFabric\"\ \"/Users/myfuckingmacbookair/Documents/GitHub/bindery/ios/Pods/Headers/Public/React-RCTImage\"\ \"/Users/myfuckingmacbookair/Documents/GitHub/bindery/ios/Pods/Headers/Public/React-RCTRuntime\"\ \"/Users/myfuckingmacbookair/Documents/GitHub/bindery/ios/Pods/Headers/Public/React-RCTText\"\ \"/Users/myfuckingmacbookair/Documents/GitHub/bindery/ios/Pods/Headers/Public/React-RuntimeApple\"\ \"/Users/myfuckingmacbookair/Documents/GitHub/bindery/ios/Pods/Headers/Public/React-RuntimeCore\"\ \"/Users/myfuckingmacbookair/Documents/GitHub/bindery/ios/Pods/Headers/Public/React-RuntimeHermes\"\ \"/Users/myfuckingmacbookair/Documents/GitHub/bindery/ios/Pods/Headers/Public/React-callinvoker\"\ \"/Users/myfuckingmacbookair/Documents/GitHub/bindery/ios/Pods/Headers/Public/React-cxxreact\"\ \"/Users/myfuckingmacbookair/Documents/GitHub/bindery/ios/Pods/Headers/Public/React-debug\"\ \"/Users/myfuckingmacbookair/Documents/GitHub/bindery/ios/Pods/Headers/Public/React-defaultsnativemodule\"\ \"/Users/myfuckingmacbookair/Documents/GitHub/bindery/ios/Pods/Headers/Public/React-domnativemodule\"\ \"/Users/myfuckingmacbookair/Documents/GitHub/bindery/ios/Pods/Headers/Public/React-featureflags\"\ \"/Users/myfuckingmacbookair/Documents/GitHub/bindery/ios/Pods/Headers/Public/React-featureflagsnativemodule\"\ \"/Users/myfuckingmacbookair/Documents/GitHub/bindery/ios/Pods/Headers/Public/React-graphics\"\ \"/Users/myfuckingmacbookair/Documents/GitHub/bindery/ios/Pods/Headers/Public/React-hermes\"\ \"/Users/myfuckingmacbookair/Documents/GitHub/bindery/ios/Pods/Headers/Public/React-idlecallbacksnativemodule\"\ \"/Users/myfuckingmacbookair/Documents/GitHub/bindery/ios/Pods/Headers/Public/React-intersectionobservernativemodule\"\ \"/Users/myfuckingmacbookair/Documents/GitHub/bindery/ios/Pods/Headers/Public/React-jserrorhandler\"\ \"/Users/myfuckingmacbookair/Documents/GitHub/bindery/ios/Pods/Headers/Public/React-jsi\"\ \"/Users/myfuckingmacbookair/Documents/GitHub/bindery/ios/Pods/Headers/Public/React-jsiexecutor\"\ \"/Users/myfuckingmacbookair/Documents/GitHub/bindery/ios/Pods/Headers/Public/React-jsinspector\"\ \"/Users/myfuckingmacbookair/Documents/GitHub/bindery/ios/Pods/Headers/Public/React-jsinspectorcdp\"\ \"/Users/myfuckingmacbookair/Documents/GitHub/bindery/ios/Pods/Headers/Public/React-jsinspectornetwork\"\ \"/Users/myfuckingmacbookair/Documents/GitHub/bindery/ios/Pods/Headers/Public/React-jsinspectortracing\"\ \"/Users/myfuckingmacbookair/Documents/GitHub/bindery/ios/Pods/Headers/Public/React-jsitooling\"\ \"/Users/myfuckingmacbookair/Documents/GitHub/bindery/ios/Pods/Headers/Public/React-logger\"\ \"/Users/myfuckingmacbookair/Documents/GitHub/bindery/ios/Pods/Headers/Public/React-microtasksnativemodule\"\ \"/Users/myfuckingmacbookair/Documents/GitHub/bindery/ios/Pods/Headers/Public/React-mutationobservernativemodule\"\ \"/Users/myfuckingmacbookair/Documents/GitHub/bindery/ios/Pods/Headers/Public/React-networking\"\ \"/Users/myfuckingmacbookair/Documents/GitHub/bindery/ios/Pods/Headers/Public/React-oscompat\"\ \"/Users/myfuckingmacbookair/Documents/GitHub/bindery/ios/Pods/Headers/Public/React-perflogger\"\ \"/Users/myfuckingmacbookair/Documents/GitHub/bindery/ios/Pods/Headers/Public/React-performancecdpmetrics\"\ \"/Users/myfuckingmacbookair/Documents/GitHub/bindery/ios/Pods/Headers/Public/React-performancetimeline\"\ \"/Users/myfuckingmacbookair/Documents/GitHub/bindery/ios/Pods/Headers/Public/React-rendererconsistency\"\ \"/Users/myfuckingmacbookair/Documents/GitHub/bindery/ios/Pods/Headers/Public/React-renderercss\"\ \"/Users/myfuckingmacbookair/Documents/GitHub/bindery/ios/Pods/Headers/Public/React-rendererdebug\"\ \"/Users/myfuckingmacbookair/Documents/GitHub/bindery/ios/Pods/Headers/Public/React-runtimeexecutor\"\ \"/Users/myfuckingmacbookair/Documents/GitHub/bindery/ios/Pods/Headers/Public/React-runtimescheduler\"\ \"/Users/myfuckingmacbookair/Documents/GitHub/bindery/ios/Pods/Headers/Public/React-timing\"\ \"/Users/myfuckingmacbookair/Documents/GitHub/bindery/ios/Pods/Headers/Public/React-utils\"\ \"/Users/myfuckingmacbookair/Documents/GitHub/bindery/ios/Pods/Headers/Public/React-viewtransitionnativemodule\"\ \"/Users/myfuckingmacbookair/Documents/GitHub/bindery/ios/Pods/Headers/Public/React-webperformancenativemodule\"\ \"/Users/myfuckingmacbookair/Documents/GitHub/bindery/ios/Pods/Headers/Public/ReactCodegen\"\ \"/Users/myfuckingmacbookair/Documents/GitHub/bindery/ios/Pods/Headers/Public/ReactCommon\"\ \"/Users/myfuckingmacbookair/Documents/GitHub/bindery/ios/Pods/Headers/Public/ReactNativeDependencies\"\ \"/Users/myfuckingmacbookair/Documents/GitHub/bindery/ios/Pods/Headers/Public/Yoga\"\ \"/Users/myfuckingmacbookair/Documents/GitHub/bindery/ios/Pods/Headers/Public/hermes-engine\"\ \"/Users/myfuckingmacbookair/Documents/GitHub/bindery/ios/Pods/ExpoModulesCore/ExpoModulesCore.xcframework/ios-arm64_x86_64-simulator/ExpoModulesCore.framework/Headers\"\ \"/Users/myfuckingmacbookair/Documents/GitHub/bindery/ios/Pods/ExpoModulesCore/ExpoModulesCore.xcframework/ios-arm64/ExpoModulesCore.framework/Headers\"\ \"/Users/myfuckingmacbookair/Documents/GitHub/bindery/ios/Pods/ExpoModulesCore/ExpoModulesCore.xcframework/ios-arm64_x86_64-simulator/ExpoModulesCore.framework/Headers\"\ \"/Users/myfuckingmacbookair/Documents/GitHub/bindery/ios/Pods/ExpoModulesCore/ExpoModulesCore.xcframework/ios-arm64/ExpoModulesCore.framework/Headers\"
    export HOME\=/Users/myfuckingmacbookair
    export HOST_ARCH\=x86_64
    export HOST_PLATFORM\=macosx
    export ICONV\=/usr/bin/iconv
    export IMPLICIT_DEPENDENCY_DOMAIN\=default
    export INFOPLIST_ENABLE_CFBUNDLEICONS_MERGE\=YES
    export INFOPLIST_EXPAND_BUILD_SETTINGS\=YES
    export INFOPLIST_OUTPUT_FORMAT\=binary
    export INFOPLIST_PREPROCESS\=NO
    export INLINE_PRIVATE_FRAMEWORKS\=NO
    export INSTALLAPI_IGNORE_SKIP_INSTALL\=YES
    export INSTALLHDRS_COPY_PHASE\=NO
    export INSTALLHDRS_SCRIPT_PHASE\=NO
    export INSTALL_DIR\=/tmp/Pods.dst
    export INSTALL_GROUP\=staff
    export INSTALL_MODE_FLAG\=u+w,go-w,a+rX
    export INSTALL_OWNER\=myfuckingmacbookair
    export INSTALL_ROOT\=/tmp/Pods.dst
    export IPHONEOS_DEPLOYMENT_TARGET\=16.4
    export IS_UNOPTIMIZED_BUILD\=NO
    export JAVAC_DEFAULT_FLAGS\=-J-Xms64m\ -J-XX:NewSize\=4M\ -J-Dfile.encoding\=UTF8
    export JAVA_APP_STUB\=/System/Library/Frameworks/JavaVM.framework/Resources/MacOS/JavaApplicationStub
    export JAVA_ARCHIVE_CLASSES\=YES
    export JAVA_ARCHIVE_TYPE\=JAR
    export JAVA_COMPILER\=/usr/bin/javac
    export JAVA_FRAMEWORK_RESOURCES_DIRS\=Resources
    export JAVA_JAR_FLAGS\=cv
    export JAVA_SOURCE_SUBDIR\=.
    export JAVA_USE_DEPENDENCIES\=YES
    export JAVA_ZIP_FLAGS\=-urg
    export JIKES_DEFAULT_FLAGS\=+E\ +OLDCSO
    export KEEP_PRIVATE_EXTERNS\=NO
    export LD_DEPENDENCY_INFO_FILE\=/Users/myfuckingmacbookair/Documents/GitHub/bindery/ios/build/Build/Intermediates.noindex/Pods.build/Release-iphonesimulator/ExpoFileSystem.build/Objects-normal/undefined_arch/ExpoFileSystem_dependency_info.dat
    export LD_EXPORT_SYMBOLS\=YES
    export LD_GENERATE_MAP_FILE\=NO
    export LD_MAP_FILE_PATH\=/Users/myfuckingmacbookair/Documents/GitHub/bindery/ios/build/Build/Intermediates.noindex/Pods.build/Release-iphonesimulator/ExpoFileSystem.build/ExpoFileSystem-LinkMap-normal-undefined_arch.txt
    export LD_NO_PIE\=NO
    export LD_QUOTE_LINKER_ARGUMENTS_FOR_COMPILER_DRIVER\=YES
    export LD_RUNPATH_SEARCH_PATHS\=\ @executable_path/Frameworks
    export LD_SHARED_CACHE_ELIGIBLE\=Automatic
    export LD_WARN_DUPLICATE_LIBRARIES\=NO
    export LD_WARN_UNUSED_DYLIBS\=NO
    export LEGACY_DEVELOPER_DIR\=/Applications/Xcode.app/Contents/PlugIns/Xcode3Core.ideplugin/Contents/SharedSupport/Developer
    export LEX\=lex
    export LIBRARY_DEXT_INSTALL_PATH\=/Library/DriverExtensions
    export LIBRARY_FLAG_NOSPACE\=YES
    export LIBRARY_KEXT_INSTALL_PATH\=/Library/Extensions
    export LINKER_DISPLAYS_MANGLED_NAMES\=NO
    export LINK_FILE_LIST_normal_arm64\=/Users/myfuckingmacbookair/Documents/GitHub/bindery/ios/build/Build/Intermediates.noindex/Pods.build/Release-iphonesimulator/ExpoFileSystem.build/Objects-normal/arm64/ExpoFileSystem.LinkFileList
    export LINK_FILE_LIST_normal_x86_64\=/Users/myfuckingmacbookair/Documents/GitHub/bindery/ios/build/Build/Intermediates.noindex/Pods.build/Release-iphonesimulator/ExpoFileSystem.build/Objects-normal/x86_64/ExpoFileSystem.LinkFileList
    export LINK_OBJC_RUNTIME\=YES
    export LINK_WITH_STANDARD_LIBRARIES\=YES
    export LLVM_TARGET_TRIPLE_OS_VERSION\=ios16.4
    export LLVM_TARGET_TRIPLE_SUFFIX\=-simulator
    export LLVM_TARGET_TRIPLE_VENDOR\=apple
    export LM_AUX_CONST_METADATA_LIST_PATH_normal_arm64\=/Users/myfuckingmacbookair/Documents/GitHub/bindery/ios/build/Build/Intermediates.noindex/Pods.build/Release-iphonesimulator/ExpoFileSystem.build/Objects-normal/arm64/ExpoFileSystem.SwiftConstValuesFileList
    export LM_AUX_CONST_METADATA_LIST_PATH_normal_x86_64\=/Users/myfuckingmacbookair/Documents/GitHub/bindery/ios/build/Build/Intermediates.noindex/Pods.build/Release-iphonesimulator/ExpoFileSystem.build/Objects-normal/x86_64/ExpoFileSystem.SwiftConstValuesFileList
    export LOCALIZATION_EXPORT_SUPPORTED\=YES
    export LOCALIZATION_PREFERS_STRING_CATALOGS\=NO
    export LOCALIZED_STRING_MACRO_NAMES\=NSLocalizedString\ CFCopyLocalizedString
    export LOCALIZED_STRING_SWIFTUI_SUPPORT\=YES
    export LOCAL_ADMIN_APPS_DIR\=/Applications/Utilities
    export LOCAL_APPS_DIR\=/Applications
    export LOCAL_DEVELOPER_DIR\=/Library/Developer
    export LOCAL_LIBRARY_DIR\=/Library
    export LOCROOT\=/Users/myfuckingmacbookair/Documents/GitHub/bindery/ios/Pods
    export LOCSYMROOT\=/Users/myfuckingmacbookair/Documents/GitHub/bindery/ios/Pods
    export MAC_OS_X_PRODUCT_BUILD_VERSION\=25F80
    export MAC_OS_X_VERSION_ACTUAL\=260501
    export MAC_OS_X_VERSION_MAJOR\=260000
    export MAC_OS_X_VERSION_MINOR\=260500
    export MAKE_MERGEABLE\=NO
    export MERGEABLE_LIBRARY\=NO
    export MERGED_BINARY_TYPE\=none
    export MERGE_LINKED_LIBRARIES\=NO
    export METAL_LIBRARY_FILE_BASE\=default
    export METAL_LIBRARY_OUTPUT_DIR\=/Users/myfuckingmacbookair/Documents/GitHub/bindery/ios/build/Build/Products/Release-iphonesimulator/ExpoFileSystem/
    export MODULE_CACHE_DIR\=/Users/myfuckingmacbookair/Documents/GitHub/bindery/ios/build/ModuleCache.noindex
    export MTL_ENABLE_DEBUG_INFO\=NO
    export MTL_FAST_MATH\=YES
    export NATIVE_ARCH\=x86_64
    export NATIVE_ARCH_32_BIT\=i386
    export NATIVE_ARCH_64_BIT\=x86_64
    export NATIVE_ARCH_ACTUAL\=x86_64
    export NO_COMMON\=YES
    export OBJC_ABI_VERSION\=2
    export OBJECT_FILE_DIR\=/Users/myfuckingmacbookair/Documents/GitHub/bindery/ios/build/Build/Intermediates.noindex/Pods.build/Release-iphonesimulator/ExpoFileSystem.build/Objects
    export OBJECT_FILE_DIR_normal\=/Users/myfuckingmacbookair/Documents/GitHub/bindery/ios/build/Build/Intermediates.noindex/Pods.build/Release-iphonesimulator/ExpoFileSystem.build/Objects-normal
    export OBJROOT\=/Users/myfuckingmacbookair/Documents/GitHub/bindery/ios/build/Build/Intermediates.noindex
    export ONLY_ACTIVE_ARCH\=NO
    export OS\=MACOS
    export OSAC\=/usr/bin/osacompile
    export OTHER_CFLAGS\=\ -DRCT_REMOVE_LEGACY_ARCH\=1\ -fmodule-map-file\=\"/Users/myfuckingmacbookair/Documents/GitHub/bindery/ios/Pods/Headers/Public/ReactCodegen/ReactCodegen.modulemap\"\ -DNDEBUG
    export OTHER_CPLUSPLUSFLAGS\=\ -DRCT_REMOVE_LEGACY_ARCH\=1\ -fmodule-map-file\=\"/Users/myfuckingmacbookair/Documents/GitHub/bindery/ios/Pods/Headers/Public/ReactCodegen/ReactCodegen.modulemap\"\ -DNDEBUG\ -DRCT_REMOVE_LEGACY_ARCH\=1\ -DNDEBUG
    export OTHER_SWIFT_FLAGS\=\ -D\ COCOAPODS\ -Xcc\ -fmodule-map-file\=\"/Users/myfuckingmacbookair/Documents/GitHub/bindery/ios/Pods/Headers/Public/ReactCodegen/ReactCodegen.modulemap\"\ -import-underlying-module\ -Xcc\ -fmodule-map-file\=\"/Users/myfuckingmacbookair/Documents/GitHub/bindery/ios/Pods/\"\ -Xfrontend\ -load-plugin-executable\ -Xfrontend\ \"/Users/myfuckingmacbookair/Documents/GitHub/bindery/node_modules/@expo/expo-modules-macros-plugin/apple/ExpoModulesMacros-tool\#ExpoModulesMacros\"
    export PASCAL_STRINGS\=YES
    export PATH\=/Applications/Xcode.app/Contents/SharedFrameworks/SwiftBuild.framework/Versions/A/PlugIns/SWBBuildService.bundle/Contents/PlugIns/SWBUniversalPlatformPlugin.bundle/Contents/Frameworks/SWBUniversalPlatform.framework/Resources:/Applications/Xcode.app/Contents/Developer/Toolchains/XcodeDefault.xctoolchain/usr/bin:/Applications/Xcode.app/Contents/Developer/Toolchains/XcodeDefault.xctoolchain/usr/local/bin:/Applications/Xcode.app/Contents/Developer/Toolchains/XcodeDefault.xctoolchain/usr/libexec:/Applications/Xcode.app/Contents/Developer/Platforms/iPhoneSimulator.platform/usr/bin:/Applications/Xcode.app/Contents/Developer/Platforms/iPhoneSimulator.platform/usr/local/bin:/Applications/Xcode.app/Contents/Developer/Platforms/iPhoneSimulator.platform/Developer/usr/bin:/Applications/Xcode.app/Contents/Developer/Platforms/iPhoneSimulator.platform/Developer/usr/local/bin:/Applications/Xcode.app/Contents/Developer/usr/bin:/Applications/Xcode.app/Contents/Developer/usr/local/bin:/Users/myfuckingmacbookair/.local/bin:/Users/myfuckingmacbookair/.npm-global/bin:/usr/local/bin:/System/Cryptexes/App/usr/bin:/usr/bin:/bin:/usr/sbin:/sbin:/var/run/com.apple.security.cryptexd/codex.system/bootstrap/usr/local/bin:/var/run/com.apple.security.cryptexd/codex.system/bootstrap/usr/bin:/var/run/com.apple.security.cryptexd/codex.system/bootstrap/usr/appleinternal/bin:/pkg/env/global/bin:/Library/Apple/usr/bin:/Users/myfuckingmacbookair/.bun/bin:/Users/myfuckingmacbookair/Library/pnpm:/Users/myfuckingmacbookair/Library/Application\ Support/Claude/local-agent-mode-sessions/skills-plugin/8bf2ebc1-a06e-4b18-bf97-856db8c64549/ec19a108-c20c-455d-9708-6a8cfabeb0b8/bin
    export PATH_PREFIXES_EXCLUDED_FROM_HEADER_DEPENDENCIES\=/usr/include\ /usr/local/include\ /System/Library/Frameworks\ /System/Library/PrivateFrameworks\ /Applications/Xcode.app/Contents/Developer/Headers\ /Applications/Xcode.app/Contents/Developer/SDKs\ /Applications/Xcode.app/Contents/Developer/Platforms
    export PER_ARCH_MODULE_FILE_DIR\=/Users/myfuckingmacbookair/Documents/GitHub/bindery/ios/build/Build/Intermediates.noindex/Pods.build/Release-iphonesimulator/ExpoFileSystem.build/Objects-normal/undefined_arch
    export PER_ARCH_OBJECT_FILE_DIR\=/Users/myfuckingmacbookair/Documents/GitHub/bindery/ios/build/Build/Intermediates.noindex/Pods.build/Release-iphonesimulator/ExpoFileSystem.build/Objects-normal/undefined_arch
    export PER_VARIANT_OBJECT_FILE_DIR\=/Users/myfuckingmacbookair/Documents/GitHub/bindery/ios/build/Build/Intermediates.noindex/Pods.build/Release-iphonesimulator/ExpoFileSystem.build/Objects-normal
    export PKGINFO_FILE_PATH\=/Users/myfuckingmacbookair/Documents/GitHub/bindery/ios/build/Build/Intermediates.noindex/Pods.build/Release-iphonesimulator/ExpoFileSystem.build/PkgInfo
    export PLATFORM_DEVELOPER_APPLICATIONS_DIR\=/Applications/Xcode.app/Contents/Developer/Platforms/iPhoneSimulator.platform/Developer/Applications
    export PLATFORM_DEVELOPER_BIN_DIR\=/Applications/Xcode.app/Contents/Developer/Platforms/iPhoneSimulator.platform/Developer/usr/bin
    export PLATFORM_DEVELOPER_LIBRARY_DIR\=/Applications/Xcode.app/Contents/Developer/Platforms/iPhoneSimulator.platform/Developer/Library
    export PLATFORM_DEVELOPER_SDK_DIR\=/Applications/Xcode.app/Contents/Developer/Platforms/iPhoneSimulator.platform/Developer/SDKs
    export PLATFORM_DEVELOPER_TOOLS_DIR\=/Applications/Xcode.app/Contents/Developer/Platforms/iPhoneSimulator.platform/Developer/Tools
    export PLATFORM_DEVELOPER_USR_DIR\=/Applications/Xcode.app/Contents/Developer/Platforms/iPhoneSimulator.platform/Developer/usr
    export PLATFORM_DIR\=/Applications/Xcode.app/Contents/Developer/Platforms/iPhoneSimulator.platform
    export PLATFORM_DISPLAY_NAME\=iOS\ Simulator
    export PLATFORM_FAMILY_NAME\=iOS
    export PLATFORM_NAME\=iphonesimulator
    export PLATFORM_PREFERRED_ARCH\=x86_64
    export PLATFORM_PRODUCT_BUILD_VERSION\=23A339
    export PLATFORM_REQUIRES_SWIFT_AUTOLINK_EXTRACT\=NO
    export PLATFORM_REQUIRES_SWIFT_MODULEWRAP\=NO
    export PLIST_FILE_OUTPUT_FORMAT\=binary
    export PODFILE_DIR\=/Users/myfuckingmacbookair/Documents/GitHub/bindery/ios/Pods/..
    export PODS_BUILD_DIR\=/Users/myfuckingmacbookair/Documents/GitHub/bindery/ios/build/Build/Products
    export PODS_CONFIGURATION_BUILD_DIR\=/Users/myfuckingmacbookair/Documents/GitHub/bindery/ios/build/Build/Products/Release-iphonesimulator
    export PODS_DEVELOPMENT_LANGUAGE\=en
    export PODS_ROOT\=/Users/myfuckingmacbookair/Documents/GitHub/bindery/ios/Pods
    export PODS_TARGET_SRCROOT\=/Users/myfuckingmacbookair/Documents/GitHub/bindery/ios/Pods/ExpoFileSystem
    export PODS_XCFRAMEWORKS_BUILD_DIR\=/Users/myfuckingmacbookair/Documents/GitHub/bindery/ios/build/Build/Products/Release-iphonesimulator/XCFrameworkIntermediates
    export PRECOMPS_INCLUDE_HEADERS_FROM_BUILT_PRODUCTS_DIR\=YES
    export PRECOMP_DESTINATION_DIR\=/Users/myfuckingmacbookair/Documents/GitHub/bindery/ios/build/Build/Intermediates.noindex/Pods.build/Release-iphonesimulator/ExpoFileSystem.build/PrefixHeaders
    export PROCESSED_INFOPLIST_PATH\=/Users/myfuckingmacbookair/Documents/GitHub/bindery/ios/build/Build/Intermediates.noindex/Pods.build/Release-iphonesimulator/ExpoFileSystem.build/Objects-normal/undefined_arch/Processed-Info.plist
    export PRODUCT_BUNDLE_IDENTIFIER\=org.cocoapods.ExpoFileSystem
    export PRODUCT_MODULE_NAME\=ExpoFileSystem
    export PRODUCT_NAME\=ExpoFileSystem
    export PRODUCT_SETTINGS_PATH\=
    export PROFILING_CODE\=NO
    export PROJECT\=Pods
    export PROJECT_DERIVED_FILE_DIR\=/Users/myfuckingmacbookair/Documents/GitHub/bindery/ios/build/Build/Intermediates.noindex/Pods.build/DerivedSources
    export PROJECT_DIR\=/Users/myfuckingmacbookair/Documents/GitHub/bindery/ios/Pods
    export PROJECT_FILE_PATH\=/Users/myfuckingmacbookair/Documents/GitHub/bindery/ios/Pods/Pods.xcodeproj
    export PROJECT_GUID\=8699adb1dd336b26511df848a716bd42
    export PROJECT_NAME\=Pods
    export PROJECT_TEMP_DIR\=/Users/myfuckingmacbookair/Documents/GitHub/bindery/ios/build/Build/Intermediates.noindex/Pods.build
    export PROJECT_TEMP_ROOT\=/Users/myfuckingmacbookair/Documents/GitHub/bindery/ios/build/Build/Intermediates.noindex
    export REACT_NATIVE_PATH\=/Users/myfuckingmacbookair/Documents/GitHub/bindery/ios/Pods/../../node_modules/react-native
    export RECOMMENDED_IPHONEOS_DEPLOYMENT_TARGET\=15.0
    export RECURSIVE_SEARCH_PATHS_FOLLOW_SYMLINKS\=YES
    export REMOVE_CVS_FROM_RESOURCES\=YES
    export REMOVE_GIT_FROM_RESOURCES\=YES
    export REMOVE_HEADERS_FROM_EMBEDDED_BUNDLES\=YES
    export REMOVE_HG_FROM_RESOURCES\=YES
    export REMOVE_STATIC_EXECUTABLES_FROM_EMBEDDED_BUNDLES\=YES
    export REMOVE_SVN_FROM_RESOURCES\=YES
    export RESCHEDULE_INDEPENDENT_HEADERS_PHASES\=YES
    export REZ_COLLECTOR_DIR\=/Users/myfuckingmacbookair/Documents/GitHub/bindery/ios/build/Build/Intermediates.noindex/Pods.build/Release-iphonesimulator/ExpoFileSystem.build/ResourceManagerResources
    export REZ_OBJECTS_DIR\=/Users/myfuckingmacbookair/Documents/GitHub/bindery/ios/build/Build/Intermediates.noindex/Pods.build/Release-iphonesimulator/ExpoFileSystem.build/ResourceManagerResources/Objects
    export RUNTIME_EXCEPTION_ALLOW_DYLD_ENVIRONMENT_VARIABLES\=NO
    export RUNTIME_EXCEPTION_ALLOW_JIT\=NO
    export RUNTIME_EXCEPTION_ALLOW_UNSIGNED_EXECUTABLE_MEMORY\=NO
    export RUNTIME_EXCEPTION_DEBUGGING_TOOL\=NO
    export RUNTIME_EXCEPTION_DISABLE_EXECUTABLE_PAGE_PROTECTION\=NO
    export RUNTIME_EXCEPTION_DISABLE_LIBRARY_VALIDATION\=NO
    export SCAN_ALL_SOURCE_FILES_FOR_INCLUDES\=NO
    export SCRIPT_INPUT_FILE_0\=/Users/myfuckingmacbookair/Documents/GitHub/bindery/node_modules/expo-modules-autolinking/scripts/ios/replace-xcframework.js
    export SCRIPT_INPUT_FILE_COUNT\=1
    export SCRIPT_INPUT_FILE_LIST_COUNT\=0
    export SCRIPT_OUTPUT_FILE_COUNT\=0
    export SCRIPT_OUTPUT_FILE_LIST_COUNT\=0
    export SDKROOT\=/Applications/Xcode.app/Contents/Developer/Platforms/iPhoneSimulator.platform/Developer/SDKs/iPhoneSimulator26.0.sdk
    export SDK_DIR\=/Applications/Xcode.app/Contents/Developer/Platforms/iPhoneSimulator.platform/Developer/SDKs/iPhoneSimulator26.0.sdk
    export SDK_DIR_iphonesimulator\=/Applications/Xcode.app/Contents/Developer/Platforms/iPhoneSimulator.platform/Developer/SDKs/iPhoneSimulator26.0.sdk
    export SDK_DIR_iphonesimulator26_0\=/Applications/Xcode.app/Contents/Developer/Platforms/iPhoneSimulator.platform/Developer/SDKs/iPhoneSimulator26.0.sdk
    export SDK_NAME\=iphonesimulator26.0
    export SDK_NAMES\=iphonesimulator26.0
    export SDK_PRODUCT_BUILD_VERSION\=23A339
    export SDK_STAT_CACHE_DIR\=/Users/myfuckingmacbookair/Documents/GitHub/bindery/ios/build
    export SDK_STAT_CACHE_ENABLE\=YES
    export SDK_STAT_CACHE_PATH\=/Users/myfuckingmacbookair/Documents/GitHub/bindery/ios/build/SDKStatCaches.noindex/iphonesimulator26.0-23A339-26257891a6c027eb51374368541b8346.sdkstatcache
    export SDK_VERSION\=26.0
    export SDK_VERSION_ACTUAL\=260000
    export SDK_VERSION_MAJOR\=260000
    export SDK_VERSION_MINOR\=260000
    export SED\=/usr/bin/sed
    export SEPARATE_STRIP\=NO
    export SEPARATE_SYMBOL_EDIT\=NO
    export SET_DIR_MODE_OWNER_GROUP\=YES
    export SET_FILE_MODE_OWNER_GROUP\=NO
    export SHALLOW_BUNDLE\=NO
    export SHARED_DERIVED_FILE_DIR\=/Users/myfuckingmacbookair/Documents/GitHub/bindery/ios/build/Build/Products/Release-iphonesimulator/ExpoFileSystem/DerivedSources
    export SHARED_PRECOMPS_DIR\=/Users/myfuckingmacbookair/Documents/GitHub/bindery/ios/build/Build/Intermediates.noindex/PrecompiledHeaders
    export SKIP_INSTALL\=YES
    export SOURCE_ROOT\=/Users/myfuckingmacbookair/Documents/GitHub/bindery/ios/Pods
    export SRCROOT\=/Users/myfuckingmacbookair/Documents/GitHub/bindery/ios/Pods
    export STRINGSDATA_DIR\=/Users/myfuckingmacbookair/Documents/GitHub/bindery/ios/build/Build/Intermediates.noindex/Pods.build/Release-iphonesimulator/ExpoFileSystem.build/Objects-normal/undefined_arch
    export STRINGSDATA_ROOT\=/Users/myfuckingmacbookair/Documents/GitHub/bindery/ios/build/Build/Intermediates.noindex/Pods.build/Release-iphonesimulator/ExpoFileSystem.build
    export STRINGS_FILE_INFOPLIST_RENAME\=YES
    export STRINGS_FILE_OUTPUT_ENCODING\=binary
    export STRING_CATALOG_GENERATE_SYMBOLS\=NO
    export STRIP_BITCODE_FROM_COPIED_FILES\=NO
    export STRIP_INSTALLED_PRODUCT\=NO
    export STRIP_STYLE\=all
    export STRIP_SWIFT_SYMBOLS\=YES
    export SUPPORTED_DEVICE_FAMILIES\=1,2
    export SUPPORTED_PLATFORMS\=iphoneos\ iphonesimulator
    export SUPPORTS_TEXT_BASED_API\=NO
    export SUPPRESS_WARNINGS\=NO
    export SWIFT_COMPILATION_MODE\=wholemodule
    export SWIFT_EMIT_CONST_VALUE_PROTOCOLS\=AppIntent\ EntityQuery\ AppEntity\ TransientEntity\ AppEnum\ AppShortcutProviding\ AppShortcutsProvider\ AnyResolverProviding\ AppIntentsPackage\ DynamicOptionsProvider\ _IntentValueRepresentable\ _AssistantIntentsProvider\ _GenerativeFunctionExtractable\ IntentValueQuery\ Resolver\ AppExtension\ ExtensionPointDefining
    export SWIFT_EMIT_LOC_STRINGS\=NO
    export SWIFT_EMIT_MODULE_INTERFACE\=NO
    export SWIFT_ENABLE_EXPLICIT_MODULES\=NO
    export SWIFT_INCLUDE_PATHS\=\ \"/Users/myfuckingmacbookair/Documents/GitHub/bindery/ios/build/Build/Products/Release-iphonesimulator/ExpoModulesCore\"\ \"/Users/myfuckingmacbookair/Documents/GitHub/bindery/ios/build/Build/Products/Release-iphonesimulator/ExpoModulesJSI\"
    export SWIFT_OPTIMIZATION_LEVEL\=-O
    export SWIFT_PLATFORM_TARGET_PREFIX\=ios
    export SWIFT_RESPONSE_FILE_PATH_normal_arm64\=/Users/myfuckingmacbookair/Documents/GitHub/bindery/ios/build/Build/Intermediates.noindex/Pods.build/Release-iphonesimulator/ExpoFileSystem.build/Objects-normal/arm64/ExpoFileSystem.SwiftFileList
    export SWIFT_RESPONSE_FILE_PATH_normal_x86_64\=/Users/myfuckingmacbookair/Documents/GitHub/bindery/ios/build/Build/Intermediates.noindex/Pods.build/Release-iphonesimulator/ExpoFileSystem.build/Objects-normal/x86_64/ExpoFileSystem.SwiftFileList
    export SWIFT_VERSION\=5.0
    export SYMROOT\=/Users/myfuckingmacbookair/Documents/GitHub/bindery/ios/build/Build/Products
    export SYSTEM_ADMIN_APPS_DIR\=/Applications/Utilities
    export SYSTEM_APPS_DIR\=/Applications
    export SYSTEM_CORE_SERVICES_DIR\=/System/Library/CoreServices
    export SYSTEM_DEMOS_DIR\=/Applications/Extras
    export SYSTEM_DEVELOPER_APPS_DIR\=/Applications/Xcode.app/Contents/Developer/Applications
    export SYSTEM_DEVELOPER_BIN_DIR\=/Applications/Xcode.app/Contents/Developer/usr/bin
    export SYSTEM_DEVELOPER_DEMOS_DIR\=/Applications/Xcode.app/Contents/Developer/Applications/Utilities/Built\ Examples
    export SYSTEM_DEVELOPER_DIR\=/Applications/Xcode.app/Contents/Developer
    export SYSTEM_DEVELOPER_DOC_DIR\=/Applications/Xcode.app/Contents/Developer/ADC\ Reference\ Library
    export SYSTEM_DEVELOPER_GRAPHICS_TOOLS_DIR\=/Applications/Xcode.app/Contents/Developer/Applications/Graphics\ Tools
    export SYSTEM_DEVELOPER_JAVA_TOOLS_DIR\=/Applications/Xcode.app/Contents/Developer/Applications/Java\ Tools
    export SYSTEM_DEVELOPER_PERFORMANCE_TOOLS_DIR\=/Applications/Xcode.app/Contents/Developer/Applications/Performance\ Tools
    export SYSTEM_DEVELOPER_RELEASENOTES_DIR\=/Applications/Xcode.app/Contents/Developer/ADC\ Reference\ Library/releasenotes
    export SYSTEM_DEVELOPER_TOOLS\=/Applications/Xcode.app/Contents/Developer/Tools
    export SYSTEM_DEVELOPER_TOOLS_DOC_DIR\=/Applications/Xcode.app/Contents/Developer/ADC\ Reference\ Library/documentation/DeveloperTools
    export SYSTEM_DEVELOPER_TOOLS_RELEASENOTES_DIR\=/Applications/Xcode.app/Contents/Developer/ADC\ Reference\ Library/releasenotes/DeveloperTools
    export SYSTEM_DEVELOPER_USR_DIR\=/Applications/Xcode.app/Contents/Developer/usr
    export SYSTEM_DEVELOPER_UTILITIES_DIR\=/Applications/Xcode.app/Contents/Developer/Applications/Utilities
    export SYSTEM_DEXT_INSTALL_PATH\=/System/Library/DriverExtensions
    export SYSTEM_DOCUMENTATION_DIR\=/Library/Documentation
    export SYSTEM_KEXT_INSTALL_PATH\=/System/Library/Extensions
    export SYSTEM_LIBRARY_DIR\=/System/Library
    export TAPI_DEMANGLE\=YES
    export TAPI_ENABLE_PROJECT_HEADERS\=NO
    export TAPI_LANGUAGE\=objective-c
    export TAPI_LANGUAGE_STANDARD\=compiler-default
    export TAPI_USE_SRCROOT\=YES
    export TAPI_VERIFY_MODE\=Pedantic
    export TARGETED_DEVICE_FAMILY\=1,2
    export TARGETNAME\=ExpoFileSystem
    export TARGET_BUILD_DIR\=/Users/myfuckingmacbookair/Documents/GitHub/bindery/ios/build/Build/Products/Release-iphonesimulator/ExpoFileSystem
    export TARGET_DEVICE_IDENTIFIER\=4DC2E649-35BE-4445-9A24-38BD8A88D1BF
    export TARGET_DEVICE_MODEL\=iPhone18,1
    export TARGET_DEVICE_OS_VERSION\=26.0.1
    export TARGET_DEVICE_PLATFORM_NAME\=iphonesimulator
    export TARGET_NAME\=ExpoFileSystem
    export TARGET_TEMP_DIR\=/Users/myfuckingmacbookair/Documents/GitHub/bindery/ios/build/Build/Intermediates.noindex/Pods.build/Release-iphonesimulator/ExpoFileSystem.build
    export TEMP_DIR\=/Users/myfuckingmacbookair/Documents/GitHub/bindery/ios/build/Build/Intermediates.noindex/Pods.build/Release-iphonesimulator/ExpoFileSystem.build
    export TEMP_FILES_DIR\=/Users/myfuckingmacbookair/Documents/GitHub/bindery/ios/build/Build/Intermediates.noindex/Pods.build/Release-iphonesimulator/ExpoFileSystem.build
    export TEMP_FILE_DIR\=/Users/myfuckingmacbookair/Documents/GitHub/bindery/ios/build/Build/Intermediates.noindex/Pods.build/Release-iphonesimulator/ExpoFileSystem.build
    export TEMP_ROOT\=/Users/myfuckingmacbookair/Documents/GitHub/bindery/ios/build/Build/Intermediates.noindex
    export TEMP_SANDBOX_DIR\=/Users/myfuckingmacbookair/Documents/GitHub/bindery/ios/build/Build/Intermediates.noindex/TemporaryTaskSandboxes
    export TEST_FRAMEWORK_SEARCH_PATHS\=\ /Applications/Xcode.app/Contents/Developer/Platforms/iPhoneSimulator.platform/Developer/Library/Frameworks\ /Applications/Xcode.app/Contents/Developer/Platforms/iPhoneSimulator.platform/Developer/SDKs/iPhoneSimulator26.0.sdk/Developer/Library/Frameworks
    export TEST_LIBRARY_SEARCH_PATHS\=\ /Applications/Xcode.app/Contents/Developer/Platforms/iPhoneSimulator.platform/Developer/usr/lib
    export TOOLCHAINS\=com.apple.dt.toolchain.XcodeDefault
    export TOOLCHAIN_DIR\=/Applications/Xcode.app/Contents/Developer/Toolchains/XcodeDefault.xctoolchain
    export TREAT_MISSING_BASELINES_AS_TEST_FAILURES\=NO
    export TREAT_MISSING_SCRIPT_PHASE_OUTPUTS_AS_ERRORS\=NO
    export UID\=501
    export UNINSTALLED_PRODUCTS_DIR\=/Users/myfuckingmacbookair/Documents/GitHub/bindery/ios/build/Build/Intermediates.noindex/UninstalledProducts
    export UNSTRIPPED_PRODUCT\=NO
    export USER\=myfuckingmacbookair
    export USER_APPS_DIR\=/Users/myfuckingmacbookair/Applications
    export USER_LIBRARY_DIR\=/Users/myfuckingmacbookair/Library
    export USE_DYNAMIC_NO_PIC\=YES
    export USE_HEADERMAP\=YES
    export USE_HEADER_SYMLINKS\=NO
    export USE_HERMES\=true
    export USE_RECURSIVE_SCRIPT_INPUTS_IN_SCRIPT_PHASES\=YES
    export VALIDATE_DEVELOPMENT_ASSET_PATHS\=YES_ERROR
    export VALIDATE_PRODUCT\=YES
    export VALID_ARCHS\=arm64\ x86_64
    export VERBOSE_PBXCP\=NO
    export VERSION_INFO_BUILDER\=myfuckingmacbookair
    export VERSION_INFO_FILE\=ExpoFileSystem_vers.c
    export VERSION_INFO_STRING\=\"@\(\#\)PROGRAM:ExpoFileSystem\ \ PROJECT:Pods-\"
    export WORKSPACE_DIR\=/Users/myfuckingmacbookair/Documents/GitHub/bindery/ios
    export WRAP_ASSET_PACKS_IN_SEPARATE_DIRECTORIES\=NO
    export XCODE_APP_SUPPORT_DIR\=/Applications/Xcode.app/Contents/Developer/Library/Xcode
    export XCODE_PRODUCT_BUILD_VERSION\=17A400
    export XCODE_VERSION_ACTUAL\=2601
    export XCODE_VERSION_MAJOR\=2600
    export XCODE_VERSION_MINOR\=2600
    export XPCSERVICES_FOLDER_PATH\=/XPCServices
    export YACC\=yacc
    export _DISCOVER_COMMAND_LINE_LINKER_INPUTS\=YES
    export _DISCOVER_COMMAND_LINE_LINKER_INPUTS_INCLUDE_WL\=YES
    export _LD_MULTIARCH\=YES
    export __DIAGNOSE_DEPRECATED_ARCHS\=YES
    export arch\=undefined_arch
    export variant\=normal
    /bin/sh -c /Users/myfuckingmacbookair/Documents/GitHub/bindery/ios/build/Build/Intermediates.noindex/Pods.build/Release-iphonesimulator/ExpoFileSystem.build/Script-46EB2E0001B4A0.sh

PhaseScriptExecution [CP]\ Copy\ XCFrameworks /Users/myfuckingmacbookair/Documents/GitHub/bindery/ios/build/Build/Intermediates.noindex/Pods.build/Release-iphonesimulator/ExpoFileSystem.build/Script-46EB2E0001B490.sh (in target 'ExpoFileSystem' from project 'Pods')
    cd /Users/myfuckingmacbookair/Documents/GitHub/bindery/ios/Pods
    /bin/sh -c /Users/myfuckingmacbookair/Documents/GitHub/bindery/ios/build/Build/Intermediates.noindex/Pods.build/Release-iphonesimulator/ExpoFileSystem.build/Script-46EB2E0001B490.sh
Selected xcframework slice ios-arm64_x86_64-simulator
rsync --delete -av --filter P .*.?????? --links --filter "- CVS/" --filter "- .svn/" --filter "- .git/" --filter "- .hg/" "/Users/myfuckingmacbookair/Documents/GitHub/bindery/ios/Pods/ExpoFileSystem/ExpoFileSystem.xcframework/ios-arm64_x86_64-simulator/*" "/Users/myfuckingmacbookair/Documents/GitHub/bindery/ios/build/Build/Products/Release-iphonesimulator/XCFrameworkIntermediates/ExpoFileSystem"
Transfer starting: 51 files

sent 4780 bytes  received 20 bytes  119700 bytes/sec
total size is 6726189  speedup is 1401.29
Copied /Users/myfuckingmacbookair/Documents/GitHub/bindery/ios/Pods/ExpoFileSystem/ExpoFileSystem.xcframework/ios-arm64_x86_64-simulator to /Users/myfuckingmacbookair/Documents/GitHub/bindery/ios/build/Build/Products/Release-iphonesimulator/XCFrameworkIntermediates/ExpoFileSystem

note: Run script build phase '[CP-User] [Expo] Switch ExpoFont XCFramework for build configuration' will be run during every build because the option to run the script phase "Based on dependency analysis" is unchecked. (in target 'ExpoFont' from project 'Pods')
PhaseScriptExecution [CP-User]\ [Expo]\ Switch\ ExpoFont\ XCFramework\ for\ build\ configuration /Users/myfuckingmacbookair/Documents/GitHub/bindery/ios/build/Build/Intermediates.noindex/Pods.build/Release-iphonesimulator/ExpoFont.build/Script-46EB2E0001B4D0.sh (in target 'ExpoFont' from project 'Pods')
    cd /Users/myfuckingmacbookair/Documents/GitHub/bindery/ios/Pods
    export ACTION\=build
    export AD_HOC_CODE_SIGNING_ALLOWED\=YES
    export ALLOW_BUILD_REQUEST_OVERRIDES\=NO
    export ALLOW_TARGET_PLATFORM_SPECIALIZATION\=NO
    export ALTERNATE_GROUP\=staff
    export ALTERNATE_MODE\=u+w,go-w,a+rX
    export ALTERNATE_OWNER\=myfuckingmacbookair
    export ALTERNATIVE_DISTRIBUTION_WEB\=NO
    export ALWAYS_EMBED_SWIFT_STANDARD_LIBRARIES\=NO
    export ALWAYS_SEARCH_USER_PATHS\=NO
    export ALWAYS_USE_SEPARATE_HEADERMAPS\=NO
    export ANDROID_DEPLOYMENT_TARGET\=21.0
    export APPLICATION_EXTENSION_API_ONLY\=NO
    export APPLY_RULES_IN_COPY_FILES\=NO
    export APPLY_RULES_IN_COPY_HEADERS\=NO
    export APP_SHORTCUTS_ENABLE_FLEXIBLE_MATCHING\=YES
    export ARCHS\=arm64\ x86_64
    export ARCHS_STANDARD\=arm64\ x86_64
    export ARCHS_STANDARD_32_64_BIT\=arm64\ x86_64
    export ARCHS_STANDARD_64_BIT\=arm64\ x86_64
    export ARCHS_STANDARD_INCLUDING_64_BIT\=arm64\ x86_64
    export ARCHS_UNIVERSAL_IPHONE_OS\=arm64\ x86_64
    export ASSETCATALOG_COMPILER_APPICON_NAME\=AppIcon
    export ASSETCATALOG_COMPILER_GLOBAL_ACCENT_COLOR_NAME\=AccentColor
    export ASSETCATALOG_FILTER_FOR_DEVICE_MODEL\=iPhone18,1
    export ASSETCATALOG_FILTER_FOR_DEVICE_OS_VERSION\=26.0.1
    export ASSETCATALOG_FILTER_FOR_THINNING_DEVICE_CONFIGURATION\=iPhone18,1
    export AUTOMATICALLY_MERGE_DEPENDENCIES\=NO
    export AUTOMATION_APPLE_EVENTS\=NO
    export AVAILABLE_PLATFORMS\=android\ appletvos\ appletvsimulator\ driverkit\ iphoneos\ iphonesimulator\ macosx\ qnx\ watchos\ watchsimulator\ webassembly\ xros\ xrsimulator
    export BUILD_ACTIVE_RESOURCES_ONLY\=YES
    export BUILD_COMPONENTS\=headers\ build
    export BUILD_DIR\=/Users/myfuckingmacbookair/Documents/GitHub/bindery/ios/build/Build/Products
    export BUILD_LIBRARY_FOR_DISTRIBUTION\=NO
    export BUILD_ROOT\=/Users/myfuckingmacbookair/Documents/GitHub/bindery/ios/build/Build/Products
    export BUILD_STYLE\=
    export BUILD_VARIANTS\=normal
    export BUILT_PRODUCTS_DIR\=/Users/myfuckingmacbookair/Documents/GitHub/bindery/ios/build/Build/Products/Release-iphonesimulator/ExpoFont
    export BUNDLE_CONTENTS_FOLDER_PATH_deep\=Contents/
    export BUNDLE_EXECUTABLE_FOLDER_NAME_deep\=MacOS
    export BUNDLE_EXTENSIONS_FOLDER_PATH\=Extensions
    export BUNDLE_FORMAT\=shallow
    export BUNDLE_FRAMEWORKS_FOLDER_PATH\=Frameworks
    export BUNDLE_PLUGINS_FOLDER_PATH\=PlugIns
    export BUNDLE_PRIVATE_HEADERS_FOLDER_PATH\=PrivateHeaders
    export BUNDLE_PUBLIC_HEADERS_FOLDER_PATH\=Headers
    export CACHE_ROOT\=/var/folders/p3/qv3pwhyn1njgqlcyk_px59gr0000gn/C/com.apple.DeveloperTools/26.0.1-17A400/Xcode
    export CCHROOT\=/var/folders/p3/qv3pwhyn1njgqlcyk_px59gr0000gn/C/com.apple.DeveloperTools/26.0.1-17A400/Xcode
    export CHMOD\=/bin/chmod
    export CHOWN\=/usr/sbin/chown
    export CLANG_ANALYZER_LOCALIZABILITY_NONLOCALIZED\=YES
    export CLANG_ANALYZER_NONNULL\=YES
    export CLANG_ANALYZER_NUMBER_OBJECT_CONVERSION\=YES_AGGRESSIVE
    export CLANG_CACHE_FINE_GRAINED_OUTPUTS\=YES
    export CLANG_CXX_LANGUAGE_STANDARD\=c++20
    export CLANG_CXX_LIBRARY\=libc++
    export CLANG_ENABLE_EXPLICIT_MODULES\=YES
    export CLANG_ENABLE_MODULES\=YES
    export CLANG_ENABLE_OBJC_ARC\=YES
    export CLANG_ENABLE_OBJC_WEAK\=NO
    export CLANG_MODULES_BUILD_SESSION_FILE\=/Users/myfuckingmacbookair/Documents/GitHub/bindery/ios/build/ModuleCache.noindex/Session.modulevalidation
    export CLANG_WARN_BLOCK_CAPTURE_AUTORELEASING\=YES
    export CLANG_WARN_BOOL_CONVERSION\=YES
    export CLANG_WARN_COMMA\=YES
    export CLANG_WARN_CONSTANT_CONVERSION\=YES
    export CLANG_WARN_DEPRECATED_OBJC_IMPLEMENTATIONS\=YES
    export CLANG_WARN_DIRECT_OBJC_ISA_USAGE\=YES_ERROR
    export CLANG_WARN_DOCUMENTATION_COMMENTS\=YES
    export CLANG_WARN_EMPTY_BODY\=YES
    export CLANG_WARN_ENUM_CONVERSION\=YES
    export CLANG_WARN_INFINITE_RECURSION\=YES
    export CLANG_WARN_INT_CONVERSION\=YES
    export CLANG_WARN_NON_LITERAL_NULL_CONVERSION\=YES
    export CLANG_WARN_OBJC_IMPLICIT_RETAIN_SELF\=YES
    export CLANG_WARN_OBJC_LITERAL_CONVERSION\=YES
    export CLANG_WARN_OBJC_ROOT_CLASS\=YES_ERROR
    export CLANG_WARN_QUOTED_INCLUDE_IN_FRAMEWORK_HEADER\=NO
    export CLANG_WARN_RANGE_LOOP_ANALYSIS\=YES
    export CLANG_WARN_STRICT_PROTOTYPES\=YES
    export CLANG_WARN_SUSPICIOUS_MOVE\=YES
    export CLANG_WARN_UNGUARDED_AVAILABILITY\=YES_AGGRESSIVE
    export CLANG_WARN_UNREACHABLE_CODE\=YES
    export CLANG_WARN__DUPLICATE_METHOD_MATCH\=YES
    export CLASS_FILE_DIR\=/Users/myfuckingmacbookair/Documents/GitHub/bindery/ios/build/Build/Intermediates.noindex/Pods.build/Release-iphonesimulator/ExpoFont.build/JavaClasses
    export CLEAN_PRECOMPS\=YES
    export CLONE_HEADERS\=NO
    export CODESIGNING_FOLDER_PATH\=/Users/myfuckingmacbookair/Documents/GitHub/bindery/ios/build/Build/Products/Release-iphonesimulator/ExpoFont/
    export CODE_SIGNING_ALLOWED\=NO
    export CODE_SIGNING_REQUIRED\=YES
    export CODE_SIGN_CONTEXT_CLASS\=XCiPhoneSimulatorCodeSignContext
    export CODE_SIGN_IDENTITY\=-
    export CODE_SIGN_INJECT_BASE_ENTITLEMENTS\=YES
    export COLOR_DIAGNOSTICS\=NO
    export COMBINE_HIDPI_IMAGES\=NO
    export COMPILATION_CACHE_CAS_PATH\=/Users/myfuckingmacbookair/Documents/GitHub/bindery/ios/build/CompilationCache.noindex
    export COMPILATION_CACHE_KEEP_CAS_DIRECTORY\=YES
    export COMPILER_INDEX_STORE_ENABLE\=Default
    export COMPOSITE_SDK_DIRS\=/Users/myfuckingmacbookair/Documents/GitHub/bindery/ios/build/Build/Intermediates.noindex/CompositeSDKs
    export COMPRESS_PNG_FILES\=YES
    export CONFIGURATION\=Release
    export CONFIGURATION_BUILD_DIR\=/Users/myfuckingmacbookair/Documents/GitHub/bindery/ios/build/Build/Products/Release-iphonesimulator/ExpoFont
    export CONFIGURATION_TEMP_DIR\=/Users/myfuckingmacbookair/Documents/GitHub/bindery/ios/build/Build/Intermediates.noindex/Pods.build/Release-iphonesimulator
    export COPYING_PRESERVES_HFS_DATA\=NO
    export COPY_HEADERS_RUN_UNIFDEF\=NO
    export COPY_PHASE_STRIP\=NO
    export CORRESPONDING_DEVICE_PLATFORM_DIR\=/Applications/Xcode.app/Contents/Developer/Platforms/iPhoneOS.platform
    export CORRESPONDING_DEVICE_PLATFORM_NAME\=iphoneos
    export CORRESPONDING_DEVICE_SDK_DIR\=/Applications/Xcode.app/Contents/Developer/Platforms/iPhoneOS.platform/Developer/SDKs/iPhoneOS26.0.sdk
    export CORRESPONDING_DEVICE_SDK_NAME\=iphoneos26.0
    export CP\=/bin/cp
    export CREATE_INFOPLIST_SECTION_IN_BINARY\=NO
    export CURRENT_ARCH\=undefined_arch
    export CURRENT_VARIANT\=normal
    export DEAD_CODE_STRIPPING\=YES
    export DEBUGGING_SYMBOLS\=YES
    export DEBUG_INFORMATION_FORMAT\=dwarf-with-dsym
    export DEBUG_INFORMATION_VERSION\=compiler-default
    export DEFAULT_COMPILER\=com.apple.compilers.llvm.clang.1_0
    export DEFAULT_DEXT_INSTALL_PATH\=/System/Library/DriverExtensions
    export DEFAULT_KEXT_INSTALL_PATH\=/System/Library/Extensions
    export DEFINES_MODULE\=YES
    export DEPLOYMENT_LOCATION\=NO
    export DEPLOYMENT_POSTPROCESSING\=NO
    export DEPLOYMENT_TARGET_SETTING_NAME\=IPHONEOS_DEPLOYMENT_TARGET
    export DEPLOYMENT_TARGET_SUGGESTED_VALUES\=12.0\ 12.1\ 12.2\ 12.3\ 12.4\ 13.0\ 13.1\ 13.2\ 13.3\ 13.4\ 13.5\ 13.6\ 14.0\ 14.1\ 14.2\ 14.3\ 14.4\ 14.5\ 14.6\ 14.7\ 15.0\ 15.1\ 15.2\ 15.3\ 15.4\ 15.5\ 15.6\ 16.0\ 16.1\ 16.2\ 16.3\ 16.4\ 16.5\ 16.6\ 17.0\ 17.1\ 17.2\ 17.3\ 17.4\ 17.5\ 17.6\ 18.0\ 18.1\ 18.2\ 18.3\ 18.4\ 18.5\ 18.6\ 26.0
    export DERIVED_FILES_DIR\=/Users/myfuckingmacbookair/Documents/GitHub/bindery/ios/build/Build/Intermediates.noindex/Pods.build/Release-iphonesimulator/ExpoFont.build/DerivedSources
    export DERIVED_FILE_DIR\=/Users/myfuckingmacbookair/Documents/GitHub/bindery/ios/build/Build/Intermediates.noindex/Pods.build/Release-iphonesimulator/ExpoFont.build/DerivedSources
    export DERIVED_SOURCES_DIR\=/Users/myfuckingmacbookair/Documents/GitHub/bindery/ios/build/Build/Intermediates.noindex/Pods.build/Release-iphonesimulator/ExpoFont.build/DerivedSources
    export DEVELOPER_APPLICATIONS_DIR\=/Applications/Xcode.app/Contents/Developer/Applications
    export DEVELOPER_BIN_DIR\=/Applications/Xcode.app/Contents/Developer/usr/bin
    export DEVELOPER_DIR\=/Applications/Xcode.app/Contents/Developer
    export DEVELOPER_FRAMEWORKS_DIR\=/Applications/Xcode.app/Contents/Developer/Library/Frameworks
    export DEVELOPER_FRAMEWORKS_DIR_QUOTED\=/Applications/Xcode.app/Contents/Developer/Library/Frameworks
    export DEVELOPER_LIBRARY_DIR\=/Applications/Xcode.app/Contents/Developer/Library
    export DEVELOPER_SDK_DIR\=/Applications/Xcode.app/Contents/Developer/Platforms/MacOSX.platform/Developer/SDKs
    export DEVELOPER_TOOLS_DIR\=/Applications/Xcode.app/Contents/Developer/Tools
    export DEVELOPER_USR_DIR\=/Applications/Xcode.app/Contents/Developer/usr
    export DEVELOPMENT_LANGUAGE\=en
    export DIAGNOSE_MISSING_TARGET_DEPENDENCIES\=YES
    export DIFF\=/usr/bin/diff
    export DONT_GENERATE_INFOPLIST_FILE\=NO
    export DSTROOT\=/tmp/Pods.dst
    export DT_TOOLCHAIN_DIR\=/Applications/Xcode.app/Contents/Developer/Toolchains/XcodeDefault.xctoolchain
    export DWARF_DSYM_FILE_NAME\=.dSYM
    export DWARF_DSYM_FILE_SHOULD_ACCOMPANY_PRODUCT\=NO
    export DWARF_DSYM_FOLDER_PATH\=/Users/myfuckingmacbookair/Documents/GitHub/bindery/ios/build/Build/Products/Release-iphonesimulator/ExpoFont
    export DYNAMIC_LIBRARY_EXTENSION\=dylib
    export EAGER_COMPILATION_ALLOW_SCRIPTS\=NO
    export EAGER_LINKING\=NO
    export EFFECTIVE_PLATFORM_NAME\=-iphonesimulator
    export EMBEDDED_CONTENT_CONTAINS_SWIFT\=NO
    export EMBED_ASSET_PACKS_IN_PRODUCT_BUNDLE\=NO
    export ENABLE_APP_SANDBOX\=NO
    export ENABLE_CODE_COVERAGE\=YES
    export ENABLE_CPLUSPLUS_BOUNDS_SAFE_BUFFERS\=NO
    export ENABLE_C_BOUNDS_SAFETY\=NO
    export ENABLE_DEBUG_DYLIB\=NO
    export ENABLE_DEFAULT_HEADER_SEARCH_PATHS\=YES
    export ENABLE_DEFAULT_SEARCH_PATHS\=YES
    export ENABLE_ENHANCED_SECURITY\=NO
    export ENABLE_HARDENED_RUNTIME\=NO
    export ENABLE_HEADER_DEPENDENCIES\=YES
    export ENABLE_INCOMING_NETWORK_CONNECTIONS\=NO
    export ENABLE_NS_ASSERTIONS\=NO
    export ENABLE_ON_DEMAND_RESOURCES\=NO
    export ENABLE_OUTGOING_NETWORK_CONNECTIONS\=NO
    export ENABLE_POINTER_AUTHENTICATION\=NO
    export ENABLE_PREVIEWS\=NO
    export ENABLE_RESOURCE_ACCESS_AUDIO_INPUT\=NO
    export ENABLE_RESOURCE_ACCESS_BLUETOOTH\=NO
    export ENABLE_RESOURCE_ACCESS_CALENDARS\=NO
    export ENABLE_RESOURCE_ACCESS_CAMERA\=NO
    export ENABLE_RESOURCE_ACCESS_CONTACTS\=NO
    export ENABLE_RESOURCE_ACCESS_LOCATION\=NO
    export ENABLE_RESOURCE_ACCESS_PHOTO_LIBRARY\=NO
    export ENABLE_RESOURCE_ACCESS_PRINTING\=NO
    export ENABLE_RESOURCE_ACCESS_USB\=NO
    export ENABLE_SDK_IMPORTS\=NO
    export ENABLE_SECURITY_COMPILER_WARNINGS\=NO
    export ENABLE_STRICT_OBJC_MSGSEND\=YES
    export ENABLE_TESTABILITY\=NO
    export ENABLE_TESTING_SEARCH_PATHS\=NO
    export ENABLE_USER_SCRIPT_SANDBOXING\=NO
    export ENABLE_XOJIT_PREVIEWS\=NO
    export ENFORCE_VALID_ARCHS\=YES
    export ENTITLEMENTS_DESTINATION\=__entitlements
    export ENTITLEMENTS_REQUIRED\=YES
    export EXCLUDED_INSTALLSRC_SUBDIRECTORY_PATTERNS\=.DS_Store\ .svn\ .git\ .hg\ CVS
    export EXCLUDED_RECURSIVE_SEARCH_PATH_SUBDIRECTORIES\=\*.nib\ \*.lproj\ \*.framework\ \*.gch\ \*.xcode\*\ \*.xcassets\ \*.icon\ \(\*\)\ .DS_Store\ CVS\ .svn\ .git\ .hg\ \*.pbproj\ \*.pbxproj
    export FILE_LIST\=/Users/myfuckingmacbookair/Documents/GitHub/bindery/ios/build/Build/Intermediates.noindex/Pods.build/Release-iphonesimulator/ExpoFont.build/Objects/LinkFileList
    export FIXED_FILES_DIR\=/Users/myfuckingmacbookair/Documents/GitHub/bindery/ios/build/Build/Intermediates.noindex/Pods.build/Release-iphonesimulator/ExpoFont.build/FixedFiles
    export FRAMEWORK_SEARCH_PATHS\=\ \"/Users/myfuckingmacbookair/Documents/GitHub/bindery/ios/Pods/../../node_modules/expo-modules-jsi/apple/Products\"\ \"/Users/myfuckingmacbookair/Documents/GitHub/bindery/ios/Pods/ExpoFont\"\ \"/Users/myfuckingmacbookair/Documents/GitHub/bindery/ios/Pods/ExpoModulesCore\"\ \"/Users/myfuckingmacbookair/Documents/GitHub/bindery/ios/Pods/React-Core-prebuilt\"\ \"/Users/myfuckingmacbookair/Documents/GitHub/bindery/ios/Pods/ReactNativeDependencies/framework/packages/react-native\"\ \"/Users/myfuckingmacbookair/Documents/GitHub/bindery/ios/Pods/hermes-engine/destroot/Library/Frameworks/universal\"\ \"/Users/myfuckingmacbookair/Documents/GitHub/bindery/ios/build/Build/Products/Release-iphonesimulator/XCFrameworkIntermediates/ExpoFont\"\ \"/Users/myfuckingmacbookair/Documents/GitHub/bindery/ios/build/Build/Products/Release-iphonesimulator/XCFrameworkIntermediates/ExpoModulesCore\"\ \"/Users/myfuckingmacbookair/Documents/GitHub/bindery/ios/build/Build/Products/Release-iphonesimulator/XCFrameworkIntermediates/ExpoModulesJSI\"\ \"/Users/myfuckingmacbookair/Documents/GitHub/bindery/ios/build/Build/Products/Release-iphonesimulator/XCFrameworkIntermediates/React-Core-prebuilt\"\ \"/Users/myfuckingmacbookair/Documents/GitHub/bindery/ios/build/Build/Products/Release-iphonesimulator/XCFrameworkIntermediates/ReactNativeDependencies\"\ \"/Users/myfuckingmacbookair/Documents/GitHub/bindery/ios/build/Build/Products/Release-iphonesimulator/XCFrameworkIntermediates/hermes-engine/Pre-built\"
    export FRAMEWORK_VERSION\=A
    export FUSE_BUILD_PHASES\=YES
    export FUSE_BUILD_SCRIPT_PHASES\=NO
    export GCC3_VERSION\=3.3
    export GCC_C_LANGUAGE_STANDARD\=gnu11
    export GCC_NO_COMMON_BLOCKS\=YES
    export GCC_OBJC_LEGACY_DISPATCH\=YES
    export GCC_PFE_FILE_C_DIALECTS\=c\ objective-c\ c++\ objective-c++
    export GCC_PREPROCESSOR_DEFINITIONS\=POD_CONFIGURATION_RELEASE\=1\ \ COCOAPODS\=1
    export GCC_TREAT_WARNINGS_AS_ERRORS\=NO
    export GCC_VERSION\=com.apple.compilers.llvm.clang.1_0
    export GCC_VERSION_IDENTIFIER\=com_apple_compilers_llvm_clang_1_0
    export GCC_WARN_64_TO_32_BIT_CONVERSION\=YES
    export GCC_WARN_ABOUT_RETURN_TYPE\=YES_ERROR
    export GCC_WARN_UNDECLARED_SELECTOR\=YES
    export GCC_WARN_UNINITIALIZED_AUTOS\=YES_AGGRESSIVE
    export GCC_WARN_UNUSED_FUNCTION\=YES
    export GCC_WARN_UNUSED_VARIABLE\=YES
    export GENERATED_MODULEMAP_DIR\=/Users/myfuckingmacbookair/Documents/GitHub/bindery/ios/build/Build/Intermediates.noindex/GeneratedModuleMaps-iphonesimulator
    export GENERATE_INFOPLIST_FILE\=NO
    export GENERATE_INTERMEDIATE_TEXT_BASED_STUBS\=YES
    export GENERATE_PKGINFO_FILE\=NO
    export GENERATE_PRELINK_OBJECT_FILE\=NO
    export GENERATE_PROFILING_CODE\=NO
    export GENERATE_TEXT_BASED_STUBS\=NO
    export GID\=20
    export GROUP\=staff
    export HEADERMAP_INCLUDES_FLAT_ENTRIES_FOR_TARGET_BEING_BUILT\=YES
    export HEADERMAP_INCLUDES_FRAMEWORK_ENTRIES_FOR_ALL_PRODUCT_TYPES\=YES
    export HEADERMAP_INCLUDES_FRAMEWORK_ENTRIES_FOR_TARGETS_NOT_BEING_BUILT\=YES
    export HEADERMAP_INCLUDES_NONPUBLIC_NONPRIVATE_HEADERS\=YES
    export HEADERMAP_INCLUDES_PROJECT_HEADERS\=YES
    export HEADERMAP_USES_FRAMEWORK_PREFIX_ENTRIES\=YES
    export HEADERMAP_USES_VFS\=YES
    export HEADER_SEARCH_PATHS\=\ \"/Users/myfuckingmacbookair/Documents/GitHub/bindery/ios/Pods/Headers/Public\"\ \"/Users/myfuckingmacbookair/Documents/GitHub/bindery/ios/Pods/Headers/Public/FBLazyVector\"\ \"/Users/myfuckingmacbookair/Documents/GitHub/bindery/ios/Pods/Headers/Public/RCTRequired\"\ \"/Users/myfuckingmacbookair/Documents/GitHub/bindery/ios/Pods/Headers/Public/RCTSwiftUIWrapper\"\ \"/Users/myfuckingmacbookair/Documents/GitHub/bindery/ios/Pods/Headers/Public/RCTTypeSafety\"\ \"/Users/myfuckingmacbookair/Documents/GitHub/bindery/ios/Pods/Headers/Public/React-Core\"\ \"/Users/myfuckingmacbookair/Documents/GitHub/bindery/ios/Pods/Headers/Public/React-Core-prebuilt\"\ \"/Users/myfuckingmacbookair/Documents/GitHub/bindery/ios/Pods/Headers/Public/React-CoreModules\"\ \"/Users/myfuckingmacbookair/Documents/GitHub/bindery/ios/Pods/Headers/Public/React-Fabric\"\ \"/Users/myfuckingmacbookair/Documents/GitHub/bindery/ios/Pods/Headers/Public/React-FabricComponents\"\ \"/Users/myfuckingmacbookair/Documents/GitHub/bindery/ios/Pods/Headers/Public/React-FabricImage\"\ \"/Users/myfuckingmacbookair/Documents/GitHub/bindery/ios/Pods/Headers/Public/React-ImageManager\"\ \"/Users/myfuckingmacbookair/Documents/GitHub/bindery/ios/Pods/Headers/Public/React-Mapbuffer\"\ \"/Users/myfuckingmacbookair/Documents/GitHub/bindery/ios/Pods/Headers/Public/React-NativeModulesApple\"\ \"/Users/myfuckingmacbookair/Documents/GitHub/bindery/ios/Pods/Headers/Public/React-RCTAnimation\"\ \"/Users/myfuckingmacbookair/Documents/GitHub/bindery/ios/Pods/Headers/Public/React-RCTBlob\"\ \"/Users/myfuckingmacbookair/Documents/GitHub/bindery/ios/Pods/Headers/Public/React-RCTFBReactNativeSpec\"\ \"/Users/myfuckingmacbookair/Documents/GitHub/bindery/ios/Pods/Headers/Public/React-RCTFabric\"\ \"/Users/myfuckingmacbookair/Documents/GitHub/bindery/ios/Pods/Headers/Public/React-RCTImage\"\ \"/Users/myfuckingmacbookair/Documents/GitHub/bindery/ios/Pods/Headers/Public/React-RCTRuntime\"\ \"/Users/myfuckingmacbookair/Documents/GitHub/bindery/ios/Pods/Headers/Public/React-RCTText\"\ \"/Users/myfuckingmacbookair/Documents/GitHub/bindery/ios/Pods/Headers/Public/React-RuntimeApple\"\ \"/Users/myfuckingmacbookair/Documents/GitHub/bindery/ios/Pods/Headers/Public/React-RuntimeCore\"\ \"/Users/myfuckingmacbookair/Documents/GitHub/bindery/ios/Pods/Headers/Public/React-RuntimeHermes\"\ \"/Users/myfuckingmacbookair/Documents/GitHub/bindery/ios/Pods/Headers/Public/React-callinvoker\"\ \"/Users/myfuckingmacbookair/Documents/GitHub/bindery/ios/Pods/Headers/Public/React-cxxreact\"\ \"/Users/myfuckingmacbookair/Documents/GitHub/bindery/ios/Pods/Headers/Public/React-debug\"\ \"/Users/myfuckingmacbookair/Documents/GitHub/bindery/ios/Pods/Headers/Public/React-defaultsnativemodule\"\ \"/Users/myfuckingmacbookair/Documents/GitHub/bindery/ios/Pods/Headers/Public/React-domnativemodule\"\ \"/Users/myfuckingmacbookair/Documents/GitHub/bindery/ios/Pods/Headers/Public/React-featureflags\"\ \"/Users/myfuckingmacbookair/Documents/GitHub/bindery/ios/Pods/Headers/Public/React-featureflagsnativemodule\"\ \"/Users/myfuckingmacbookair/Documents/GitHub/bindery/ios/Pods/Headers/Public/React-graphics\"\ \"/Users/myfuckingmacbookair/Documents/GitHub/bindery/ios/Pods/Headers/Public/React-hermes\"\ \"/Users/myfuckingmacbookair/Documents/GitHub/bindery/ios/Pods/Headers/Public/React-idlecallbacksnativemodule\"\ \"/Users/myfuckingmacbookair/Documents/GitHub/bindery/ios/Pods/Headers/Public/React-intersectionobservernativemodule\"\ \"/Users/myfuckingmacbookair/Documents/GitHub/bindery/ios/Pods/Headers/Public/React-jserrorhandler\"\ \"/Users/myfuckingmacbookair/Documents/GitHub/bindery/ios/Pods/Headers/Public/React-jsi\"\ \"/Users/myfuckingmacbookair/Documents/GitHub/bindery/ios/Pods/Headers/Public/React-jsiexecutor\"\ \"/Users/myfuckingmacbookair/Documents/GitHub/bindery/ios/Pods/Headers/Public/React-jsinspector\"\ \"/Users/myfuckingmacbookair/Documents/GitHub/bindery/ios/Pods/Headers/Public/React-jsinspectorcdp\"\ \"/Users/myfuckingmacbookair/Documents/GitHub/bindery/ios/Pods/Headers/Public/React-jsinspectornetwork\"\ \"/Users/myfuckingmacbookair/Documents/GitHub/bindery/ios/Pods/Headers/Public/React-jsinspectortracing\"\ \"/Users/myfuckingmacbookair/Documents/GitHub/bindery/ios/Pods/Headers/Public/React-jsitooling\"\ \"/Users/myfuckingmacbookair/Documents/GitHub/bindery/ios/Pods/Headers/Public/React-logger\"\ \"/Users/myfuckingmacbookair/Documents/GitHub/bindery/ios/Pods/Headers/Public/React-microtasksnativemodule\"\ \"/Users/myfuckingmacbookair/Documents/GitHub/bindery/ios/Pods/Headers/Public/React-mutationobservernativemodule\"\ \"/Users/myfuckingmacbookair/Documents/GitHub/bindery/ios/Pods/Headers/Public/React-networking\"\ \"/Users/myfuckingmacbookair/Documents/GitHub/bindery/ios/Pods/Headers/Public/React-oscompat\"\ \"/Users/myfuckingmacbookair/Documents/GitHub/bindery/ios/Pods/Headers/Public/React-perflogger\"\ \"/Users/myfuckingmacbookair/Documents/GitHub/bindery/ios/Pods/Headers/Public/React-performancecdpmetrics\"\ \"/Users/myfuckingmacbookair/Documents/GitHub/bindery/ios/Pods/Headers/Public/React-performancetimeline\"\ \"/Users/myfuckingmacbookair/Documents/GitHub/bindery/ios/Pods/Headers/Public/React-rendererconsistency\"\ \"/Users/myfuckingmacbookair/Documents/GitHub/bindery/ios/Pods/Headers/Public/React-renderercss\"\ \"/Users/myfuckingmacbookair/Documents/GitHub/bindery/ios/Pods/Headers/Public/React-rendererdebug\"\ \"/Users/myfuckingmacbookair/Documents/GitHub/bindery/ios/Pods/Headers/Public/React-runtimeexecutor\"\ \"/Users/myfuckingmacbookair/Documents/GitHub/bindery/ios/Pods/Headers/Public/React-runtimescheduler\"\ \"/Users/myfuckingmacbookair/Documents/GitHub/bindery/ios/Pods/Headers/Public/React-timing\"\ \"/Users/myfuckingmacbookair/Documents/GitHub/bindery/ios/Pods/Headers/Public/React-utils\"\ \"/Users/myfuckingmacbookair/Documents/GitHub/bindery/ios/Pods/Headers/Public/React-viewtransitionnativemodule\"\ \"/Users/myfuckingmacbookair/Documents/GitHub/bindery/ios/Pods/Headers/Public/React-webperformancenativemodule\"\ \"/Users/myfuckingmacbookair/Documents/GitHub/bindery/ios/Pods/Headers/Public/ReactCodegen\"\ \"/Users/myfuckingmacbookair/Documents/GitHub/bindery/ios/Pods/Headers/Public/ReactCommon\"\ \"/Users/myfuckingmacbookair/Documents/GitHub/bindery/ios/Pods/Headers/Public/ReactNativeDependencies\"\ \"/Users/myfuckingmacbookair/Documents/GitHub/bindery/ios/Pods/Headers/Public/Yoga\"\ \"/Users/myfuckingmacbookair/Documents/GitHub/bindery/ios/Pods/Headers/Public/hermes-engine\"\ \"/Users/myfuckingmacbookair/Documents/GitHub/bindery/ios/Pods/ExpoModulesCore/ExpoModulesCore.xcframework/ios-arm64_x86_64-simulator/ExpoModulesCore.framework/Headers\"\ \"/Users/myfuckingmacbookair/Documents/GitHub/bindery/ios/Pods/ExpoModulesCore/ExpoModulesCore.xcframework/ios-arm64/ExpoModulesCore.framework/Headers\"\ \"/Users/myfuckingmacbookair/Documents/GitHub/bindery/ios/Pods/ExpoModulesCore/ExpoModulesCore.xcframework/ios-arm64_x86_64-simulator/ExpoModulesCore.framework/Headers\"\ \"/Users/myfuckingmacbookair/Documents/GitHub/bindery/ios/Pods/ExpoModulesCore/ExpoModulesCore.xcframework/ios-arm64/ExpoModulesCore.framework/Headers\"
    export HOME\=/Users/myfuckingmacbookair
    export HOST_ARCH\=x86_64
    export HOST_PLATFORM\=macosx
    export ICONV\=/usr/bin/iconv
    export IMPLICIT_DEPENDENCY_DOMAIN\=default
    export INFOPLIST_ENABLE_CFBUNDLEICONS_MERGE\=YES
    export INFOPLIST_EXPAND_BUILD_SETTINGS\=YES
    export INFOPLIST_OUTPUT_FORMAT\=binary
    export INFOPLIST_PREPROCESS\=NO
    export INLINE_PRIVATE_FRAMEWORKS\=NO
    export INSTALLAPI_IGNORE_SKIP_INSTALL\=YES
    export INSTALLHDRS_COPY_PHASE\=NO
    export INSTALLHDRS_SCRIPT_PHASE\=NO
    export INSTALL_DIR\=/tmp/Pods.dst
    export INSTALL_GROUP\=staff
    export INSTALL_MODE_FLAG\=u+w,go-w,a+rX
    export INSTALL_OWNER\=myfuckingmacbookair
    export INSTALL_ROOT\=/tmp/Pods.dst
    export IPHONEOS_DEPLOYMENT_TARGET\=16.4
    export IS_UNOPTIMIZED_BUILD\=NO
    export JAVAC_DEFAULT_FLAGS\=-J-Xms64m\ -J-XX:NewSize\=4M\ -J-Dfile.encoding\=UTF8
    export JAVA_APP_STUB\=/System/Library/Frameworks/JavaVM.framework/Resources/MacOS/JavaApplicationStub
    export JAVA_ARCHIVE_CLASSES\=YES
    export JAVA_ARCHIVE_TYPE\=JAR
    export JAVA_COMPILER\=/usr/bin/javac
    export JAVA_FRAMEWORK_RESOURCES_DIRS\=Resources
    export JAVA_JAR_FLAGS\=cv
    export JAVA_SOURCE_SUBDIR\=.
    export JAVA_USE_DEPENDENCIES\=YES
    export JAVA_ZIP_FLAGS\=-urg
    export JIKES_DEFAULT_FLAGS\=+E\ +OLDCSO
    export KEEP_PRIVATE_EXTERNS\=NO
    export LD_DEPENDENCY_INFO_FILE\=/Users/myfuckingmacbookair/Documents/GitHub/bindery/ios/build/Build/Intermediates.noindex/Pods.build/Release-iphonesimulator/ExpoFont.build/Objects-normal/undefined_arch/ExpoFont_dependency_info.dat
    export LD_EXPORT_SYMBOLS\=YES
    export LD_GENERATE_MAP_FILE\=NO
    export LD_MAP_FILE_PATH\=/Users/myfuckingmacbookair/Documents/GitHub/bindery/ios/build/Build/Intermediates.noindex/Pods.build/Release-iphonesimulator/ExpoFont.build/ExpoFont-LinkMap-normal-undefined_arch.txt
    export LD_NO_PIE\=NO
    export LD_QUOTE_LINKER_ARGUMENTS_FOR_COMPILER_DRIVER\=YES
    export LD_RUNPATH_SEARCH_PATHS\=\ @executable_path/Frameworks
    export LD_SHARED_CACHE_ELIGIBLE\=Automatic
    export LD_WARN_DUPLICATE_LIBRARIES\=NO
    export LD_WARN_UNUSED_DYLIBS\=NO
    export LEGACY_DEVELOPER_DIR\=/Applications/Xcode.app/Contents/PlugIns/Xcode3Core.ideplugin/Contents/SharedSupport/Developer
    export LEX\=lex
    export LIBRARY_DEXT_INSTALL_PATH\=/Library/DriverExtensions
    export LIBRARY_FLAG_NOSPACE\=YES
    export LIBRARY_KEXT_INSTALL_PATH\=/Library/Extensions
    export LINKER_DISPLAYS_MANGLED_NAMES\=NO
    export LINK_FILE_LIST_normal_arm64\=/Users/myfuckingmacbookair/Documents/GitHub/bindery/ios/build/Build/Intermediates.noindex/Pods.build/Release-iphonesimulator/ExpoFont.build/Objects-normal/arm64/ExpoFont.LinkFileList
    export LINK_FILE_LIST_normal_x86_64\=/Users/myfuckingmacbookair/Documents/GitHub/bindery/ios/build/Build/Intermediates.noindex/Pods.build/Release-iphonesimulator/ExpoFont.build/Objects-normal/x86_64/ExpoFont.LinkFileList
    export LINK_OBJC_RUNTIME\=YES
    export LINK_WITH_STANDARD_LIBRARIES\=YES
    export LLVM_TARGET_TRIPLE_OS_VERSION\=ios16.4
    export LLVM_TARGET_TRIPLE_SUFFIX\=-simulator
    export LLVM_TARGET_TRIPLE_VENDOR\=apple
    export LM_AUX_CONST_METADATA_LIST_PATH_normal_arm64\=/Users/myfuckingmacbookair/Documents/GitHub/bindery/ios/build/Build/Intermediates.noindex/Pods.build/Release-iphonesimulator/ExpoFont.build/Objects-normal/arm64/ExpoFont.SwiftConstValuesFileList
    export LM_AUX_CONST_METADATA_LIST_PATH_normal_x86_64\=/Users/myfuckingmacbookair/Documents/GitHub/bindery/ios/build/Build/Intermediates.noindex/Pods.build/Release-iphonesimulator/ExpoFont.build/Objects-normal/x86_64/ExpoFont.SwiftConstValuesFileList
    export LOCALIZATION_EXPORT_SUPPORTED\=YES
    export LOCALIZATION_PREFERS_STRING_CATALOGS\=NO
    export LOCALIZED_STRING_MACRO_NAMES\=NSLocalizedString\ CFCopyLocalizedString
    export LOCALIZED_STRING_SWIFTUI_SUPPORT\=YES
    export LOCAL_ADMIN_APPS_DIR\=/Applications/Utilities
    export LOCAL_APPS_DIR\=/Applications
    export LOCAL_DEVELOPER_DIR\=/Library/Developer
    export LOCAL_LIBRARY_DIR\=/Library
    export LOCROOT\=/Users/myfuckingmacbookair/Documents/GitHub/bindery/ios/Pods
    export LOCSYMROOT\=/Users/myfuckingmacbookair/Documents/GitHub/bindery/ios/Pods
    export MAC_OS_X_PRODUCT_BUILD_VERSION\=25F80
    export MAC_OS_X_VERSION_ACTUAL\=260501
    export MAC_OS_X_VERSION_MAJOR\=260000
    export MAC_OS_X_VERSION_MINOR\=260500
    export MAKE_MERGEABLE\=NO
    export MERGEABLE_LIBRARY\=NO
    export MERGED_BINARY_TYPE\=none
    export MERGE_LINKED_LIBRARIES\=NO
    export METAL_LIBRARY_FILE_BASE\=default
    export METAL_LIBRARY_OUTPUT_DIR\=/Users/myfuckingmacbookair/Documents/GitHub/bindery/ios/build/Build/Products/Release-iphonesimulator/ExpoFont/
    export MODULE_CACHE_DIR\=/Users/myfuckingmacbookair/Documents/GitHub/bindery/ios/build/ModuleCache.noindex
    export MTL_ENABLE_DEBUG_INFO\=NO
    export MTL_FAST_MATH\=YES
    export NATIVE_ARCH\=x86_64
    export NATIVE_ARCH_32_BIT\=i386
    export NATIVE_ARCH_64_BIT\=x86_64
    export NATIVE_ARCH_ACTUAL\=x86_64
    export NO_COMMON\=YES
    export OBJC_ABI_VERSION\=2
    export OBJECT_FILE_DIR\=/Users/myfuckingmacbookair/Documents/GitHub/bindery/ios/build/Build/Intermediates.noindex/Pods.build/Release-iphonesimulator/ExpoFont.build/Objects
    export OBJECT_FILE_DIR_normal\=/Users/myfuckingmacbookair/Documents/GitHub/bindery/ios/build/Build/Intermediates.noindex/Pods.build/Release-iphonesimulator/ExpoFont.build/Objects-normal
    export OBJROOT\=/Users/myfuckingmacbookair/Documents/GitHub/bindery/ios/build/Build/Intermediates.noindex
    export ONLY_ACTIVE_ARCH\=NO
    export OS\=MACOS
    export OSAC\=/usr/bin/osacompile
    export OTHER_CFLAGS\=\ -DRCT_REMOVE_LEGACY_ARCH\=1\ -fmodule-map-file\=\"/Users/myfuckingmacbookair/Documents/GitHub/bindery/ios/Pods/Headers/Public/ReactCodegen/ReactCodegen.modulemap\"\ -DNDEBUG
    export OTHER_CPLUSPLUSFLAGS\=\ -DRCT_REMOVE_LEGACY_ARCH\=1\ -fmodule-map-file\=\"/Users/myfuckingmacbookair/Documents/GitHub/bindery/ios/Pods/Headers/Public/ReactCodegen/ReactCodegen.modulemap\"\ -DNDEBUG\ -DRCT_REMOVE_LEGACY_ARCH\=1\ -DNDEBUG
    export OTHER_SWIFT_FLAGS\=\ -D\ COCOAPODS\ -Xcc\ -fmodule-map-file\=\"/Users/myfuckingmacbookair/Documents/GitHub/bindery/ios/Pods/Headers/Public/ReactCodegen/ReactCodegen.modulemap\"\ -import-underlying-module\ -Xcc\ -fmodule-map-file\=\"/Users/myfuckingmacbookair/Documents/GitHub/bindery/ios/Pods/\"\ -Xfrontend\ -load-plugin-executable\ -Xfrontend\ \"/Users/myfuckingmacbookair/Documents/GitHub/bindery/node_modules/@expo/expo-modules-macros-plugin/apple/ExpoModulesMacros-tool\#ExpoModulesMacros\"
    export PASCAL_STRINGS\=YES
    export PATH\=/Applications/Xcode.app/Contents/SharedFrameworks/SwiftBuild.framework/Versions/A/PlugIns/SWBBuildService.bundle/Contents/PlugIns/SWBUniversalPlatformPlugin.bundle/Contents/Frameworks/SWBUniversalPlatform.framework/Resources:/Applications/Xcode.app/Contents/Developer/Toolchains/XcodeDefault.xctoolchain/usr/bin:/Applications/Xcode.app/Contents/Developer/Toolchains/XcodeDefault.xctoolchain/usr/local/bin:/Applications/Xcode.app/Contents/Developer/Toolchains/XcodeDefault.xctoolchain/usr/libexec:/Applications/Xcode.app/Contents/Developer/Platforms/iPhoneSimulator.platform/usr/bin:/Applications/Xcode.app/Contents/Developer/Platforms/iPhoneSimulator.platform/usr/local/bin:/Applications/Xcode.app/Contents/Developer/Platforms/iPhoneSimulator.platform/Developer/usr/bin:/Applications/Xcode.app/Contents/Developer/Platforms/iPhoneSimulator.platform/Developer/usr/local/bin:/Applications/Xcode.app/Contents/Developer/usr/bin:/Applications/Xcode.app/Contents/Developer/usr/local/bin:/Users/myfuckingmacbookair/.local/bin:/Users/myfuckingmacbookair/.npm-global/bin:/usr/local/bin:/System/Cryptexes/App/usr/bin:/usr/bin:/bin:/usr/sbin:/sbin:/var/run/com.apple.security.cryptexd/codex.system/bootstrap/usr/local/bin:/var/run/com.apple.security.cryptexd/codex.system/bootstrap/usr/bin:/var/run/com.apple.security.cryptexd/codex.system/bootstrap/usr/appleinternal/bin:/pkg/env/global/bin:/Library/Apple/usr/bin:/Users/myfuckingmacbookair/.bun/bin:/Users/myfuckingmacbookair/Library/pnpm:/Users/myfuckingmacbookair/Library/Application\ Support/Claude/local-agent-mode-sessions/skills-plugin/8bf2ebc1-a06e-4b18-bf97-856db8c64549/ec19a108-c20c-455d-9708-6a8cfabeb0b8/bin
    export PATH_PREFIXES_EXCLUDED_FROM_HEADER_DEPENDENCIES\=/usr/include\ /usr/local/include\ /System/Library/Frameworks\ /System/Library/PrivateFrameworks\ /Applications/Xcode.app/Contents/Developer/Headers\ /Applications/Xcode.app/Contents/Developer/SDKs\ /Applications/Xcode.app/Contents/Developer/Platforms
    export PER_ARCH_MODULE_FILE_DIR\=/Users/myfuckingmacbookair/Documents/GitHub/bindery/ios/build/Build/Intermediates.noindex/Pods.build/Release-iphonesimulator/ExpoFont.build/Objects-normal/undefined_arch
    export PER_ARCH_OBJECT_FILE_DIR\=/Users/myfuckingmacbookair/Documents/GitHub/bindery/ios/build/Build/Intermediates.noindex/Pods.build/Release-iphonesimulator/ExpoFont.build/Objects-normal/undefined_arch
    export PER_VARIANT_OBJECT_FILE_DIR\=/Users/myfuckingmacbookair/Documents/GitHub/bindery/ios/build/Build/Intermediates.noindex/Pods.build/Release-iphonesimulator/ExpoFont.build/Objects-normal
    export PKGINFO_FILE_PATH\=/Users/myfuckingmacbookair/Documents/GitHub/bindery/ios/build/Build/Intermediates.noindex/Pods.build/Release-iphonesimulator/ExpoFont.build/PkgInfo
    export PLATFORM_DEVELOPER_APPLICATIONS_DIR\=/Applications/Xcode.app/Contents/Developer/Platforms/iPhoneSimulator.platform/Developer/Applications
    export PLATFORM_DEVELOPER_BIN_DIR\=/Applications/Xcode.app/Contents/Developer/Platforms/iPhoneSimulator.platform/Developer/usr/bin
    export PLATFORM_DEVELOPER_LIBRARY_DIR\=/Applications/Xcode.app/Contents/Developer/Platforms/iPhoneSimulator.platform/Developer/Library
    export PLATFORM_DEVELOPER_SDK_DIR\=/Applications/Xcode.app/Contents/Developer/Platforms/iPhoneSimulator.platform/Developer/SDKs
    export PLATFORM_DEVELOPER_TOOLS_DIR\=/Applications/Xcode.app/Contents/Developer/Platforms/iPhoneSimulator.platform/Developer/Tools
    export PLATFORM_DEVELOPER_USR_DIR\=/Applications/Xcode.app/Contents/Developer/Platforms/iPhoneSimulator.platform/Developer/usr
    export PLATFORM_DIR\=/Applications/Xcode.app/Contents/Developer/Platforms/iPhoneSimulator.platform
    export PLATFORM_DISPLAY_NAME\=iOS\ Simulator
    export PLATFORM_FAMILY_NAME\=iOS
    export PLATFORM_NAME\=iphonesimulator
    export PLATFORM_PREFERRED_ARCH\=x86_64
    export PLATFORM_PRODUCT_BUILD_VERSION\=23A339
    export PLATFORM_REQUIRES_SWIFT_AUTOLINK_EXTRACT\=NO
    export PLATFORM_REQUIRES_SWIFT_MODULEWRAP\=NO
    export PLIST_FILE_OUTPUT_FORMAT\=binary
    export PODFILE_DIR\=/Users/myfuckingmacbookair/Documents/GitHub/bindery/ios/Pods/..
    export PODS_BUILD_DIR\=/Users/myfuckingmacbookair/Documents/GitHub/bindery/ios/build/Build/Products
    export PODS_CONFIGURATION_BUILD_DIR\=/Users/myfuckingmacbookair/Documents/GitHub/bindery/ios/build/Build/Products/Release-iphonesimulator
    export PODS_DEVELOPMENT_LANGUAGE\=en
    export PODS_ROOT\=/Users/myfuckingmacbookair/Documents/GitHub/bindery/ios/Pods
    export PODS_TARGET_SRCROOT\=/Users/myfuckingmacbookair/Documents/GitHub/bindery/ios/Pods/ExpoFont
    export PODS_XCFRAMEWORKS_BUILD_DIR\=/Users/myfuckingmacbookair/Documents/GitHub/bindery/ios/build/Build/Products/Release-iphonesimulator/XCFrameworkIntermediates
    export PRECOMPS_INCLUDE_HEADERS_FROM_BUILT_PRODUCTS_DIR\=YES
    export PRECOMP_DESTINATION_DIR\=/Users/myfuckingmacbookair/Documents/GitHub/bindery/ios/build/Build/Intermediates.noindex/Pods.build/Release-iphonesimulator/ExpoFont.build/PrefixHeaders
    export PROCESSED_INFOPLIST_PATH\=/Users/myfuckingmacbookair/Documents/GitHub/bindery/ios/build/Build/Intermediates.noindex/Pods.build/Release-iphonesimulator/ExpoFont.build/Objects-normal/undefined_arch/Processed-Info.plist
    export PRODUCT_BUNDLE_IDENTIFIER\=org.cocoapods.ExpoFont
    export PRODUCT_MODULE_NAME\=ExpoFont
    export PRODUCT_NAME\=ExpoFont
    export PRODUCT_SETTINGS_PATH\=
    export PROFILING_CODE\=NO
    export PROJECT\=Pods
    export PROJECT_DERIVED_FILE_DIR\=/Users/myfuckingmacbookair/Documents/GitHub/bindery/ios/build/Build/Intermediates.noindex/Pods.build/DerivedSources
    export PROJECT_DIR\=/Users/myfuckingmacbookair/Documents/GitHub/bindery/ios/Pods
    export PROJECT_FILE_PATH\=/Users/myfuckingmacbookair/Documents/GitHub/bindery/ios/Pods/Pods.xcodeproj
    export PROJECT_GUID\=8699adb1dd336b26511df848a716bd42
    export PROJECT_NAME\=Pods
    export PROJECT_TEMP_DIR\=/Users/myfuckingmacbookair/Documents/GitHub/bindery/ios/build/Build/Intermediates.noindex/Pods.build
    export PROJECT_TEMP_ROOT\=/Users/myfuckingmacbookair/Documents/GitHub/bindery/ios/build/Build/Intermediates.noindex
    export REACT_NATIVE_PATH\=/Users/myfuckingmacbookair/Documents/GitHub/bindery/ios/Pods/../../node_modules/react-native
    export RECOMMENDED_IPHONEOS_DEPLOYMENT_TARGET\=15.0
    export RECURSIVE_SEARCH_PATHS_FOLLOW_SYMLINKS\=YES
    export REMOVE_CVS_FROM_RESOURCES\=YES
    export REMOVE_GIT_FROM_RESOURCES\=YES
    export REMOVE_HEADERS_FROM_EMBEDDED_BUNDLES\=YES
    export REMOVE_HG_FROM_RESOURCES\=YES
    export REMOVE_STATIC_EXECUTABLES_FROM_EMBEDDED_BUNDLES\=YES
    export REMOVE_SVN_FROM_RESOURCES\=YES
    export RESCHEDULE_INDEPENDENT_HEADERS_PHASES\=YES
    export REZ_COLLECTOR_DIR\=/Users/myfuckingmacbookair/Documents/GitHub/bindery/ios/build/Build/Intermediates.noindex/Pods.build/Release-iphonesimulator/ExpoFont.build/ResourceManagerResources
    export REZ_OBJECTS_DIR\=/Users/myfuckingmacbookair/Documents/GitHub/bindery/ios/build/Build/Intermediates.noindex/Pods.build/Release-iphonesimulator/ExpoFont.build/ResourceManagerResources/Objects
    export RUNTIME_EXCEPTION_ALLOW_DYLD_ENVIRONMENT_VARIABLES\=NO
    export RUNTIME_EXCEPTION_ALLOW_JIT\=NO
    export RUNTIME_EXCEPTION_ALLOW_UNSIGNED_EXECUTABLE_MEMORY\=NO
    export RUNTIME_EXCEPTION_DEBUGGING_TOOL\=NO
    export RUNTIME_EXCEPTION_DISABLE_EXECUTABLE_PAGE_PROTECTION\=NO
    export RUNTIME_EXCEPTION_DISABLE_LIBRARY_VALIDATION\=NO
    export SCAN_ALL_SOURCE_FILES_FOR_INCLUDES\=NO
    export SCRIPT_INPUT_FILE_0\=/Users/myfuckingmacbookair/Documents/GitHub/bindery/node_modules/expo-modules-autolinking/scripts/ios/replace-xcframework.js
    export SCRIPT_INPUT_FILE_COUNT\=1
    export SCRIPT_INPUT_FILE_LIST_COUNT\=0
    export SCRIPT_OUTPUT_FILE_COUNT\=0
    export SCRIPT_OUTPUT_FILE_LIST_COUNT\=0
    export SDKROOT\=/Applications/Xcode.app/Contents/Developer/Platforms/iPhoneSimulator.platform/Developer/SDKs/iPhoneSimulator26.0.sdk
    export SDK_DIR\=/Applications/Xcode.app/Contents/Developer/Platforms/iPhoneSimulator.platform/Developer/SDKs/iPhoneSimulator26.0.sdk
    export SDK_DIR_iphonesimulator\=/Applications/Xcode.app/Contents/Developer/Platforms/iPhoneSimulator.platform/Developer/SDKs/iPhoneSimulator26.0.sdk
    export SDK_DIR_iphonesimulator26_0\=/Applications/Xcode.app/Contents/Developer/Platforms/iPhoneSimulator.platform/Developer/SDKs/iPhoneSimulator26.0.sdk
    export SDK_NAME\=iphonesimulator26.0
    export SDK_NAMES\=iphonesimulator26.0
    export SDK_PRODUCT_BUILD_VERSION\=23A339
    export SDK_STAT_CACHE_DIR\=/Users/myfuckingmacbookair/Documents/GitHub/bindery/ios/build
    export SDK_STAT_CACHE_ENABLE\=YES
    export SDK_STAT_CACHE_PATH\=/Users/myfuckingmacbookair/Documents/GitHub/bindery/ios/build/SDKStatCaches.noindex/iphonesimulator26.0-23A339-26257891a6c027eb51374368541b8346.sdkstatcache
    export SDK_VERSION\=26.0
    export SDK_VERSION_ACTUAL\=260000
    export SDK_VERSION_MAJOR\=260000
    export SDK_VERSION_MINOR\=260000
    export SED\=/usr/bin/sed
    export SEPARATE_STRIP\=NO
    export SEPARATE_SYMBOL_EDIT\=NO
    export SET_DIR_MODE_OWNER_GROUP\=YES
    export SET_FILE_MODE_OWNER_GROUP\=NO
    export SHALLOW_BUNDLE\=NO
    export SHARED_DERIVED_FILE_DIR\=/Users/myfuckingmacbookair/Documents/GitHub/bindery/ios/build/Build/Products/Release-iphonesimulator/ExpoFont/DerivedSources
    export SHARED_PRECOMPS_DIR\=/Users/myfuckingmacbookair/Documents/GitHub/bindery/ios/build/Build/Intermediates.noindex/PrecompiledHeaders
    export SKIP_INSTALL\=YES
    export SOURCE_ROOT\=/Users/myfuckingmacbookair/Documents/GitHub/bindery/ios/Pods
    export SRCROOT\=/Users/myfuckingmacbookair/Documents/GitHub/bindery/ios/Pods
    export STRINGSDATA_DIR\=/Users/myfuckingmacbookair/Documents/GitHub/bindery/ios/build/Build/Intermediates.noindex/Pods.build/Release-iphonesimulator/ExpoFont.build/Objects-normal/undefined_arch
    export STRINGSDATA_ROOT\=/Users/myfuckingmacbookair/Documents/GitHub/bindery/ios/build/Build/Intermediates.noindex/Pods.build/Release-iphonesimulator/ExpoFont.build
    export STRINGS_FILE_INFOPLIST_RENAME\=YES
    export STRINGS_FILE_OUTPUT_ENCODING\=binary
    export STRING_CATALOG_GENERATE_SYMBOLS\=NO
    export STRIP_BITCODE_FROM_COPIED_FILES\=NO
    export STRIP_INSTALLED_PRODUCT\=NO
    export STRIP_STYLE\=all
    export STRIP_SWIFT_SYMBOLS\=YES
    export SUPPORTED_DEVICE_FAMILIES\=1,2
    export SUPPORTED_PLATFORMS\=iphoneos\ iphonesimulator
    export SUPPORTS_TEXT_BASED_API\=NO
    export SUPPRESS_WARNINGS\=NO
    export SWIFT_COMPILATION_MODE\=wholemodule
    export SWIFT_EMIT_CONST_VALUE_PROTOCOLS\=AppIntent\ EntityQuery\ AppEntity\ TransientEntity\ AppEnum\ AppShortcutProviding\ AppShortcutsProvider\ AnyResolverProviding\ AppIntentsPackage\ DynamicOptionsProvider\ _IntentValueRepresentable\ _AssistantIntentsProvider\ _GenerativeFunctionExtractable\ IntentValueQuery\ Resolver\ AppExtension\ ExtensionPointDefining
    export SWIFT_EMIT_LOC_STRINGS\=NO
    export SWIFT_EMIT_MODULE_INTERFACE\=NO
    export SWIFT_ENABLE_EXPLICIT_MODULES\=NO
    export SWIFT_INCLUDE_PATHS\=\ \"/Users/myfuckingmacbookair/Documents/GitHub/bindery/ios/build/Build/Products/Release-iphonesimulator/ExpoModulesCore\"\ \"/Users/myfuckingmacbookair/Documents/GitHub/bindery/ios/build/Build/Products/Release-iphonesimulator/ExpoModulesJSI\"
    export SWIFT_OPTIMIZATION_LEVEL\=-O
    export SWIFT_PLATFORM_TARGET_PREFIX\=ios
    export SWIFT_RESPONSE_FILE_PATH_normal_arm64\=/Users/myfuckingmacbookair/Documents/GitHub/bindery/ios/build/Build/Intermediates.noindex/Pods.build/Release-iphonesimulator/ExpoFont.build/Objects-normal/arm64/ExpoFont.SwiftFileList
    export SWIFT_RESPONSE_FILE_PATH_normal_x86_64\=/Users/myfuckingmacbookair/Documents/GitHub/bindery/ios/build/Build/Intermediates.noindex/Pods.build/Release-iphonesimulator/ExpoFont.build/Objects-normal/x86_64/ExpoFont.SwiftFileList
    export SWIFT_VERSION\=5.0
    export SYMROOT\=/Users/myfuckingmacbookair/Documents/GitHub/bindery/ios/build/Build/Products
    export SYSTEM_ADMIN_APPS_DIR\=/Applications/Utilities
    export SYSTEM_APPS_DIR\=/Applications
    export SYSTEM_CORE_SERVICES_DIR\=/System/Library/CoreServices
    export SYSTEM_DEMOS_DIR\=/Applications/Extras
    export SYSTEM_DEVELOPER_APPS_DIR\=/Applications/Xcode.app/Contents/Developer/Applications
    export SYSTEM_DEVELOPER_BIN_DIR\=/Applications/Xcode.app/Contents/Developer/usr/bin
    export SYSTEM_DEVELOPER_DEMOS_DIR\=/Applications/Xcode.app/Contents/Developer/Applications/Utilities/Built\ Examples
    export SYSTEM_DEVELOPER_DIR\=/Applications/Xcode.app/Contents/Developer
    export SYSTEM_DEVELOPER_DOC_DIR\=/Applications/Xcode.app/Contents/Developer/ADC\ Reference\ Library
    export SYSTEM_DEVELOPER_GRAPHICS_TOOLS_DIR\=/Applications/Xcode.app/Contents/Developer/Applications/Graphics\ Tools
    export SYSTEM_DEVELOPER_JAVA_TOOLS_DIR\=/Applications/Xcode.app/Contents/Developer/Applications/Java\ Tools
    export SYSTEM_DEVELOPER_PERFORMANCE_TOOLS_DIR\=/Applications/Xcode.app/Contents/Developer/Applications/Performance\ Tools
    export SYSTEM_DEVELOPER_RELEASENOTES_DIR\=/Applications/Xcode.app/Contents/Developer/ADC\ Reference\ Library/releasenotes
    export SYSTEM_DEVELOPER_TOOLS\=/Applications/Xcode.app/Contents/Developer/Tools
    export SYSTEM_DEVELOPER_TOOLS_DOC_DIR\=/Applications/Xcode.app/Contents/Developer/ADC\ Reference\ Library/documentation/DeveloperTools
    export SYSTEM_DEVELOPER_TOOLS_RELEASENOTES_DIR\=/Applications/Xcode.app/Contents/Developer/ADC\ Reference\ Library/releasenotes/DeveloperTools
    export SYSTEM_DEVELOPER_USR_DIR\=/Applications/Xcode.app/Contents/Developer/usr
    export SYSTEM_DEVELOPER_UTILITIES_DIR\=/Applications/Xcode.app/Contents/Developer/Applications/Utilities
    export SYSTEM_DEXT_INSTALL_PATH\=/System/Library/DriverExtensions
    export SYSTEM_DOCUMENTATION_DIR\=/Library/Documentation
    export SYSTEM_KEXT_INSTALL_PATH\=/System/Library/Extensions
    export SYSTEM_LIBRARY_DIR\=/System/Library
    export TAPI_DEMANGLE\=YES
    export TAPI_ENABLE_PROJECT_HEADERS\=NO
    export TAPI_LANGUAGE\=objective-c
    export TAPI_LANGUAGE_STANDARD\=compiler-default
    export TAPI_USE_SRCROOT\=YES
    export TAPI_VERIFY_MODE\=Pedantic
    export TARGETED_DEVICE_FAMILY\=1,2
    export TARGETNAME\=ExpoFont
    export TARGET_BUILD_DIR\=/Users/myfuckingmacbookair/Documents/GitHub/bindery/ios/build/Build/Products/Release-iphonesimulator/ExpoFont
    export TARGET_DEVICE_IDENTIFIER\=4DC2E649-35BE-4445-9A24-38BD8A88D1BF
    export TARGET_DEVICE_MODEL\=iPhone18,1
    export TARGET_DEVICE_OS_VERSION\=26.0.1
    export TARGET_DEVICE_PLATFORM_NAME\=iphonesimulator
    export TARGET_NAME\=ExpoFont
    export TARGET_TEMP_DIR\=/Users/myfuckingmacbookair/Documents/GitHub/bindery/ios/build/Build/Intermediates.noindex/Pods.build/Release-iphonesimulator/ExpoFont.build
    export TEMP_DIR\=/Users/myfuckingmacbookair/Documents/GitHub/bindery/ios/build/Build/Intermediates.noindex/Pods.build/Release-iphonesimulator/ExpoFont.build
    export TEMP_FILES_DIR\=/Users/myfuckingmacbookair/Documents/GitHub/bindery/ios/build/Build/Intermediates.noindex/Pods.build/Release-iphonesimulator/ExpoFont.build
    export TEMP_FILE_DIR\=/Users/myfuckingmacbookair/Documents/GitHub/bindery/ios/build/Build/Intermediates.noindex/Pods.build/Release-iphonesimulator/ExpoFont.build
    export TEMP_ROOT\=/Users/myfuckingmacbookair/Documents/GitHub/bindery/ios/build/Build/Intermediates.noindex
    export TEMP_SANDBOX_DIR\=/Users/myfuckingmacbookair/Documents/GitHub/bindery/ios/build/Build/Intermediates.noindex/TemporaryTaskSandboxes
    export TEST_FRAMEWORK_SEARCH_PATHS\=\ /Applications/Xcode.app/Contents/Developer/Platforms/iPhoneSimulator.platform/Developer/Library/Frameworks\ /Applications/Xcode.app/Contents/Developer/Platforms/iPhoneSimulator.platform/Developer/SDKs/iPhoneSimulator26.0.sdk/Developer/Library/Frameworks
    export TEST_LIBRARY_SEARCH_PATHS\=\ /Applications/Xcode.app/Contents/Developer/Platforms/iPhoneSimulator.platform/Developer/usr/lib
    export TOOLCHAINS\=com.apple.dt.toolchain.XcodeDefault
    export TOOLCHAIN_DIR\=/Applications/Xcode.app/Contents/Developer/Toolchains/XcodeDefault.xctoolchain
    export TREAT_MISSING_BASELINES_AS_TEST_FAILURES\=NO
    export TREAT_MISSING_SCRIPT_PHASE_OUTPUTS_AS_ERRORS\=NO
    export UID\=501
    export UNINSTALLED_PRODUCTS_DIR\=/Users/myfuckingmacbookair/Documents/GitHub/bindery/ios/build/Build/Intermediates.noindex/UninstalledProducts
    export UNSTRIPPED_PRODUCT\=NO
    export USER\=myfuckingmacbookair
    export USER_APPS_DIR\=/Users/myfuckingmacbookair/Applications
    export USER_LIBRARY_DIR\=/Users/myfuckingmacbookair/Library
    export USE_DYNAMIC_NO_PIC\=YES
    export USE_HEADERMAP\=YES
    export USE_HEADER_SYMLINKS\=NO
    export USE_HERMES\=true
    export USE_RECURSIVE_SCRIPT_INPUTS_IN_SCRIPT_PHASES\=YES
    export VALIDATE_DEVELOPMENT_ASSET_PATHS\=YES_ERROR
    export VALIDATE_PRODUCT\=YES
    export VALID_ARCHS\=arm64\ x86_64
    export VERBOSE_PBXCP\=NO
    export VERSION_INFO_BUILDER\=myfuckingmacbookair
    export VERSION_INFO_FILE\=ExpoFont_vers.c
    export VERSION_INFO_STRING\=\"@\(\#\)PROGRAM:ExpoFont\ \ PROJECT:Pods-\"
    export WORKSPACE_DIR\=/Users/myfuckingmacbookair/Documents/GitHub/bindery/ios
    export WRAP_ASSET_PACKS_IN_SEPARATE_DIRECTORIES\=NO
    export XCODE_APP_SUPPORT_DIR\=/Applications/Xcode.app/Contents/Developer/Library/Xcode
    export XCODE_PRODUCT_BUILD_VERSION\=17A400
    export XCODE_VERSION_ACTUAL\=2601
    export XCODE_VERSION_MAJOR\=2600
    export XCODE_VERSION_MINOR\=2600
    export XPCSERVICES_FOLDER_PATH\=/XPCServices
    export YACC\=yacc
    export _DISCOVER_COMMAND_LINE_LINKER_INPUTS\=YES
    export _DISCOVER_COMMAND_LINE_LINKER_INPUTS_INCLUDE_WL\=YES
    export _LD_MULTIARCH\=YES
    export __DIAGNOSE_DEPRECATED_ARCHS\=YES
    export arch\=undefined_arch
    export variant\=normal
    /bin/sh -c /Users/myfuckingmacbookair/Documents/GitHub/bindery/ios/build/Build/Intermediates.noindex/Pods.build/Release-iphonesimulator/ExpoFont.build/Script-46EB2E0001B4D0.sh

PhaseScriptExecution [CP]\ Copy\ XCFrameworks /Users/myfuckingmacbookair/Documents/GitHub/bindery/ios/build/Build/Intermediates.noindex/Pods.build/Release-iphonesimulator/ExpoFont.build/Script-46EB2E0001B4C0.sh (in target 'ExpoFont' from project 'Pods')
    cd /Users/myfuckingmacbookair/Documents/GitHub/bindery/ios/Pods
    /bin/sh -c /Users/myfuckingmacbookair/Documents/GitHub/bindery/ios/build/Build/Intermediates.noindex/Pods.build/Release-iphonesimulator/ExpoFont.build/Script-46EB2E0001B4C0.sh
Selected xcframework slice ios-arm64_x86_64-simulator
rsync --delete -av --filter P .*.?????? --links --filter "- CVS/" --filter "- .svn/" --filter "- .git/" --filter "- .hg/" "/Users/myfuckingmacbookair/Documents/GitHub/bindery/ios/Pods/ExpoFont/ExpoFont.xcframework/ios-arm64_x86_64-simulator/*" "/Users/myfuckingmacbookair/Documents/GitHub/bindery/ios/build/Build/Products/Release-iphonesimulator/XCFrameworkIntermediates/ExpoFont"
Transfer starting: 37 files

sent 3282 bytes  received 20 bytes  205093 bytes/sec
total size is 1757420  speedup is 532.23
Copied /Users/myfuckingmacbookair/Documents/GitHub/bindery/ios/Pods/ExpoFont/ExpoFont.xcframework/ios-arm64_x86_64-simulator to /Users/myfuckingmacbookair/Documents/GitHub/bindery/ios/build/Build/Products/Release-iphonesimulator/XCFrameworkIntermediates/ExpoFont

note: Run script build phase '[CP-User] [Expo] Switch ExpoModulesWorklets XCFramework for build configuration' will be run during every build because the option to run the script phase "Based on dependency analysis" is unchecked. (in target 'ExpoModulesWorklets' from project 'Pods')
PhaseScriptExecution [CP-User]\ [Expo]\ Switch\ ExpoModulesWorklets\ XCFramework\ for\ build\ configuration /Users/myfuckingmacbookair/Documents/GitHub/bindery/ios/build/Build/Intermediates.noindex/Pods.build/Release-iphonesimulator/ExpoModulesWorklets.build/Script-46EB2E0001B550.sh (in target 'ExpoModulesWorklets' from project 'Pods')
    cd /Users/myfuckingmacbookair/Documents/GitHub/bindery/ios/Pods
    export ACTION\=build
    export AD_HOC_CODE_SIGNING_ALLOWED\=YES
    export ALLOW_BUILD_REQUEST_OVERRIDES\=NO
    export ALLOW_TARGET_PLATFORM_SPECIALIZATION\=NO
    export ALTERNATE_GROUP\=staff
    export ALTERNATE_MODE\=u+w,go-w,a+rX
    export ALTERNATE_OWNER\=myfuckingmacbookair
    export ALTERNATIVE_DISTRIBUTION_WEB\=NO
    export ALWAYS_EMBED_SWIFT_STANDARD_LIBRARIES\=NO
    export ALWAYS_SEARCH_USER_PATHS\=NO
    export ALWAYS_USE_SEPARATE_HEADERMAPS\=NO
    export ANDROID_DEPLOYMENT_TARGET\=21.0
    export APPLICATION_EXTENSION_API_ONLY\=NO
    export APPLY_RULES_IN_COPY_FILES\=NO
    export APPLY_RULES_IN_COPY_HEADERS\=NO
    export APP_SHORTCUTS_ENABLE_FLEXIBLE_MATCHING\=YES
    export ARCHS\=arm64\ x86_64
    export ARCHS_STANDARD\=arm64\ x86_64
    export ARCHS_STANDARD_32_64_BIT\=arm64\ x86_64
    export ARCHS_STANDARD_64_BIT\=arm64\ x86_64
    export ARCHS_STANDARD_INCLUDING_64_BIT\=arm64\ x86_64
    export ARCHS_UNIVERSAL_IPHONE_OS\=arm64\ x86_64
    export ASSETCATALOG_COMPILER_APPICON_NAME\=AppIcon
    export ASSETCATALOG_COMPILER_GLOBAL_ACCENT_COLOR_NAME\=AccentColor
    export ASSETCATALOG_FILTER_FOR_DEVICE_MODEL\=iPhone18,1
    export ASSETCATALOG_FILTER_FOR_DEVICE_OS_VERSION\=26.0.1
    export ASSETCATALOG_FILTER_FOR_THINNING_DEVICE_CONFIGURATION\=iPhone18,1
    export AUTOMATICALLY_MERGE_DEPENDENCIES\=NO
    export AUTOMATION_APPLE_EVENTS\=NO
    export AVAILABLE_PLATFORMS\=android\ appletvos\ appletvsimulator\ driverkit\ iphoneos\ iphonesimulator\ macosx\ qnx\ watchos\ watchsimulator\ webassembly\ xros\ xrsimulator
    export BUILD_ACTIVE_RESOURCES_ONLY\=YES
    export BUILD_COMPONENTS\=headers\ build
    export BUILD_DIR\=/Users/myfuckingmacbookair/Documents/GitHub/bindery/ios/build/Build/Products
    export BUILD_LIBRARY_FOR_DISTRIBUTION\=NO
    export BUILD_ROOT\=/Users/myfuckingmacbookair/Documents/GitHub/bindery/ios/build/Build/Products
    export BUILD_STYLE\=
    export BUILD_VARIANTS\=normal
    export BUILT_PRODUCTS_DIR\=/Users/myfuckingmacbookair/Documents/GitHub/bindery/ios/build/Build/Products/Release-iphonesimulator/ExpoModulesWorklets
    export BUNDLE_CONTENTS_FOLDER_PATH_deep\=Contents/
    export BUNDLE_EXECUTABLE_FOLDER_NAME_deep\=MacOS
    export BUNDLE_EXTENSIONS_FOLDER_PATH\=Extensions
    export BUNDLE_FORMAT\=shallow
    export BUNDLE_FRAMEWORKS_FOLDER_PATH\=Frameworks
    export BUNDLE_PLUGINS_FOLDER_PATH\=PlugIns
    export BUNDLE_PRIVATE_HEADERS_FOLDER_PATH\=PrivateHeaders
    export BUNDLE_PUBLIC_HEADERS_FOLDER_PATH\=Headers
    export CACHE_ROOT\=/var/folders/p3/qv3pwhyn1njgqlcyk_px59gr0000gn/C/com.apple.DeveloperTools/26.0.1-17A400/Xcode
    export CCHROOT\=/var/folders/p3/qv3pwhyn1njgqlcyk_px59gr0000gn/C/com.apple.DeveloperTools/26.0.1-17A400/Xcode
    export CHMOD\=/bin/chmod
    export CHOWN\=/usr/sbin/chown
    export CLANG_ANALYZER_LOCALIZABILITY_NONLOCALIZED\=YES
    export CLANG_ANALYZER_NONNULL\=YES
    export CLANG_ANALYZER_NUMBER_OBJECT_CONVERSION\=YES_AGGRESSIVE
    export CLANG_CACHE_FINE_GRAINED_OUTPUTS\=YES
    export CLANG_CXX_LANGUAGE_STANDARD\=c++20
    export CLANG_CXX_LIBRARY\=libc++
    export CLANG_ENABLE_EXPLICIT_MODULES\=YES
    export CLANG_ENABLE_MODULES\=YES
    export CLANG_ENABLE_OBJC_ARC\=YES
    export CLANG_ENABLE_OBJC_WEAK\=NO
    export CLANG_MODULES_BUILD_SESSION_FILE\=/Users/myfuckingmacbookair/Documents/GitHub/bindery/ios/build/ModuleCache.noindex/Session.modulevalidation
    export CLANG_WARN_BLOCK_CAPTURE_AUTORELEASING\=YES
    export CLANG_WARN_BOOL_CONVERSION\=YES
    export CLANG_WARN_COMMA\=YES
    export CLANG_WARN_CONSTANT_CONVERSION\=YES
    export CLANG_WARN_DEPRECATED_OBJC_IMPLEMENTATIONS\=YES
    export CLANG_WARN_DIRECT_OBJC_ISA_USAGE\=YES_ERROR
    export CLANG_WARN_DOCUMENTATION_COMMENTS\=YES
    export CLANG_WARN_EMPTY_BODY\=YES
    export CLANG_WARN_ENUM_CONVERSION\=YES
    export CLANG_WARN_INFINITE_RECURSION\=YES
    export CLANG_WARN_INT_CONVERSION\=YES
    export CLANG_WARN_NON_LITERAL_NULL_CONVERSION\=YES
    export CLANG_WARN_OBJC_IMPLICIT_RETAIN_SELF\=YES
    export CLANG_WARN_OBJC_LITERAL_CONVERSION\=YES
    export CLANG_WARN_OBJC_ROOT_CLASS\=YES_ERROR
    export CLANG_WARN_QUOTED_INCLUDE_IN_FRAMEWORK_HEADER\=NO
    export CLANG_WARN_RANGE_LOOP_ANALYSIS\=YES
    export CLANG_WARN_STRICT_PROTOTYPES\=YES
    export CLANG_WARN_SUSPICIOUS_MOVE\=YES
    export CLANG_WARN_UNGUARDED_AVAILABILITY\=YES_AGGRESSIVE
    export CLANG_WARN_UNREACHABLE_CODE\=YES
    export CLANG_WARN__DUPLICATE_METHOD_MATCH\=YES
    export CLASS_FILE_DIR\=/Users/myfuckingmacbookair/Documents/GitHub/bindery/ios/build/Build/Intermediates.noindex/Pods.build/Release-iphonesimulator/ExpoModulesWorklets.build/JavaClasses
    export CLEAN_PRECOMPS\=YES
    export CLONE_HEADERS\=NO
    export CODESIGNING_FOLDER_PATH\=/Users/myfuckingmacbookair/Documents/GitHub/bindery/ios/build/Build/Products/Release-iphonesimulator/ExpoModulesWorklets/
    export CODE_SIGNING_ALLOWED\=NO
    export CODE_SIGNING_REQUIRED\=YES
    export CODE_SIGN_CONTEXT_CLASS\=XCiPhoneSimulatorCodeSignContext
    export CODE_SIGN_IDENTITY\=-
    export CODE_SIGN_INJECT_BASE_ENTITLEMENTS\=YES
    export COLOR_DIAGNOSTICS\=NO
    export COMBINE_HIDPI_IMAGES\=NO
    export COMPILATION_CACHE_CAS_PATH\=/Users/myfuckingmacbookair/Documents/GitHub/bindery/ios/build/CompilationCache.noindex
    export COMPILATION_CACHE_KEEP_CAS_DIRECTORY\=YES
    export COMPILER_INDEX_STORE_ENABLE\=Default
    export COMPOSITE_SDK_DIRS\=/Users/myfuckingmacbookair/Documents/GitHub/bindery/ios/build/Build/Intermediates.noindex/CompositeSDKs
    export COMPRESS_PNG_FILES\=YES
    export CONFIGURATION\=Release
    export CONFIGURATION_BUILD_DIR\=/Users/myfuckingmacbookair/Documents/GitHub/bindery/ios/build/Build/Products/Release-iphonesimulator/ExpoModulesWorklets
    export CONFIGURATION_TEMP_DIR\=/Users/myfuckingmacbookair/Documents/GitHub/bindery/ios/build/Build/Intermediates.noindex/Pods.build/Release-iphonesimulator
    export COPYING_PRESERVES_HFS_DATA\=NO
    export COPY_HEADERS_RUN_UNIFDEF\=NO
    export COPY_PHASE_STRIP\=NO
    export CORRESPONDING_DEVICE_PLATFORM_DIR\=/Applications/Xcode.app/Contents/Developer/Platforms/iPhoneOS.platform
    export CORRESPONDING_DEVICE_PLATFORM_NAME\=iphoneos
    export CORRESPONDING_DEVICE_SDK_DIR\=/Applications/Xcode.app/Contents/Developer/Platforms/iPhoneOS.platform/Developer/SDKs/iPhoneOS26.0.sdk
    export CORRESPONDING_DEVICE_SDK_NAME\=iphoneos26.0
    export CP\=/bin/cp
    export CREATE_INFOPLIST_SECTION_IN_BINARY\=NO
    export CURRENT_ARCH\=undefined_arch
    export CURRENT_VARIANT\=normal
    export DEAD_CODE_STRIPPING\=YES
    export DEBUGGING_SYMBOLS\=YES
    export DEBUG_INFORMATION_FORMAT\=dwarf-with-dsym
    export DEBUG_INFORMATION_VERSION\=compiler-default
    export DEFAULT_COMPILER\=com.apple.compilers.llvm.clang.1_0
    export DEFAULT_DEXT_INSTALL_PATH\=/System/Library/DriverExtensions
    export DEFAULT_KEXT_INSTALL_PATH\=/System/Library/Extensions
    export DEFINES_MODULE\=YES
    export DEPLOYMENT_LOCATION\=NO
    export DEPLOYMENT_POSTPROCESSING\=NO
    export DEPLOYMENT_TARGET_SETTING_NAME\=IPHONEOS_DEPLOYMENT_TARGET
    export DEPLOYMENT_TARGET_SUGGESTED_VALUES\=12.0\ 12.1\ 12.2\ 12.3\ 12.4\ 13.0\ 13.1\ 13.2\ 13.3\ 13.4\ 13.5\ 13.6\ 14.0\ 14.1\ 14.2\ 14.3\ 14.4\ 14.5\ 14.6\ 14.7\ 15.0\ 15.1\ 15.2\ 15.3\ 15.4\ 15.5\ 15.6\ 16.0\ 16.1\ 16.2\ 16.3\ 16.4\ 16.5\ 16.6\ 17.0\ 17.1\ 17.2\ 17.3\ 17.4\ 17.5\ 17.6\ 18.0\ 18.1\ 18.2\ 18.3\ 18.4\ 18.5\ 18.6\ 26.0
    export DERIVED_FILES_DIR\=/Users/myfuckingmacbookair/Documents/GitHub/bindery/ios/build/Build/Intermediates.noindex/Pods.build/Release-iphonesimulator/ExpoModulesWorklets.build/DerivedSources
    export DERIVED_FILE_DIR\=/Users/myfuckingmacbookair/Documents/GitHub/bindery/ios/build/Build/Intermediates.noindex/Pods.build/Release-iphonesimulator/ExpoModulesWorklets.build/DerivedSources
    export DERIVED_SOURCES_DIR\=/Users/myfuckingmacbookair/Documents/GitHub/bindery/ios/build/Build/Intermediates.noindex/Pods.build/Release-iphonesimulator/ExpoModulesWorklets.build/DerivedSources
    export DEVELOPER_APPLICATIONS_DIR\=/Applications/Xcode.app/Contents/Developer/Applications
    export DEVELOPER_BIN_DIR\=/Applications/Xcode.app/Contents/Developer/usr/bin
    export DEVELOPER_DIR\=/Applications/Xcode.app/Contents/Developer
    export DEVELOPER_FRAMEWORKS_DIR\=/Applications/Xcode.app/Contents/Developer/Library/Frameworks
    export DEVELOPER_FRAMEWORKS_DIR_QUOTED\=/Applications/Xcode.app/Contents/Developer/Library/Frameworks
    export DEVELOPER_LIBRARY_DIR\=/Applications/Xcode.app/Contents/Developer/Library
    export DEVELOPER_SDK_DIR\=/Applications/Xcode.app/Contents/Developer/Platforms/MacOSX.platform/Developer/SDKs
    export DEVELOPER_TOOLS_DIR\=/Applications/Xcode.app/Contents/Developer/Tools
    export DEVELOPER_USR_DIR\=/Applications/Xcode.app/Contents/Developer/usr
    export DEVELOPMENT_LANGUAGE\=en
    export DIAGNOSE_MISSING_TARGET_DEPENDENCIES\=YES
    export DIFF\=/usr/bin/diff
    export DONT_GENERATE_INFOPLIST_FILE\=NO
    export DSTROOT\=/tmp/Pods.dst
    export DT_TOOLCHAIN_DIR\=/Applications/Xcode.app/Contents/Developer/Toolchains/XcodeDefault.xctoolchain
    export DWARF_DSYM_FILE_NAME\=.dSYM
    export DWARF_DSYM_FILE_SHOULD_ACCOMPANY_PRODUCT\=NO
    export DWARF_DSYM_FOLDER_PATH\=/Users/myfuckingmacbookair/Documents/GitHub/bindery/ios/build/Build/Products/Release-iphonesimulator/ExpoModulesWorklets
    export DYNAMIC_LIBRARY_EXTENSION\=dylib
    export EAGER_COMPILATION_ALLOW_SCRIPTS\=NO
    export EAGER_LINKING\=NO
    export EFFECTIVE_PLATFORM_NAME\=-iphonesimulator
    export EMBEDDED_CONTENT_CONTAINS_SWIFT\=NO
    export EMBED_ASSET_PACKS_IN_PRODUCT_BUNDLE\=NO
    export ENABLE_APP_SANDBOX\=NO
    export ENABLE_CODE_COVERAGE\=YES
    export ENABLE_CPLUSPLUS_BOUNDS_SAFE_BUFFERS\=NO
    export ENABLE_C_BOUNDS_SAFETY\=NO
    export ENABLE_DEBUG_DYLIB\=NO
    export ENABLE_DEFAULT_HEADER_SEARCH_PATHS\=YES
    export ENABLE_DEFAULT_SEARCH_PATHS\=YES
    export ENABLE_ENHANCED_SECURITY\=NO
    export ENABLE_HARDENED_RUNTIME\=NO
    export ENABLE_HEADER_DEPENDENCIES\=YES
    export ENABLE_INCOMING_NETWORK_CONNECTIONS\=NO
    export ENABLE_NS_ASSERTIONS\=NO
    export ENABLE_ON_DEMAND_RESOURCES\=NO
    export ENABLE_OUTGOING_NETWORK_CONNECTIONS\=NO
    export ENABLE_POINTER_AUTHENTICATION\=NO
    export ENABLE_PREVIEWS\=NO
    export ENABLE_RESOURCE_ACCESS_AUDIO_INPUT\=NO
    export ENABLE_RESOURCE_ACCESS_BLUETOOTH\=NO
    export ENABLE_RESOURCE_ACCESS_CALENDARS\=NO
    export ENABLE_RESOURCE_ACCESS_CAMERA\=NO
    export ENABLE_RESOURCE_ACCESS_CONTACTS\=NO
    export ENABLE_RESOURCE_ACCESS_LOCATION\=NO
    export ENABLE_RESOURCE_ACCESS_PHOTO_LIBRARY\=NO
    export ENABLE_RESOURCE_ACCESS_PRINTING\=NO
    export ENABLE_RESOURCE_ACCESS_USB\=NO
    export ENABLE_SDK_IMPORTS\=NO
    export ENABLE_SECURITY_COMPILER_WARNINGS\=NO
    export ENABLE_STRICT_OBJC_MSGSEND\=YES
    export ENABLE_TESTABILITY\=NO
    export ENABLE_TESTING_SEARCH_PATHS\=NO
    export ENABLE_USER_SCRIPT_SANDBOXING\=NO
    export ENABLE_XOJIT_PREVIEWS\=NO
    export ENFORCE_VALID_ARCHS\=YES
    export ENTITLEMENTS_DESTINATION\=__entitlements
    export ENTITLEMENTS_REQUIRED\=YES
    export EXCLUDED_INSTALLSRC_SUBDIRECTORY_PATTERNS\=.DS_Store\ .svn\ .git\ .hg\ CVS
    export EXCLUDED_RECURSIVE_SEARCH_PATH_SUBDIRECTORIES\=\*.nib\ \*.lproj\ \*.framework\ \*.gch\ \*.xcode\*\ \*.xcassets\ \*.icon\ \(\*\)\ .DS_Store\ CVS\ .svn\ .git\ .hg\ \*.pbproj\ \*.pbxproj
    export FILE_LIST\=/Users/myfuckingmacbookair/Documents/GitHub/bindery/ios/build/Build/Intermediates.noindex/Pods.build/Release-iphonesimulator/ExpoModulesWorklets.build/Objects/LinkFileList
    export FIXED_FILES_DIR\=/Users/myfuckingmacbookair/Documents/GitHub/bindery/ios/build/Build/Intermediates.noindex/Pods.build/Release-iphonesimulator/ExpoModulesWorklets.build/FixedFiles
    export FRAMEWORK_SEARCH_PATHS\=\ \"/Users/myfuckingmacbookair/Documents/GitHub/bindery/ios/Pods/../../node_modules/expo-modules-jsi/apple/Products\"\ \"/Users/myfuckingmacbookair/Documents/GitHub/bindery/ios/Pods/ExpoModulesCore\"\ \"/Users/myfuckingmacbookair/Documents/GitHub/bindery/ios/Pods/ExpoModulesWorklets\"\ \"/Users/myfuckingmacbookair/Documents/GitHub/bindery/ios/Pods/React-Core-prebuilt\"\ \"/Users/myfuckingmacbookair/Documents/GitHub/bindery/ios/Pods/ReactNativeDependencies/framework/packages/react-native\"\ \"/Users/myfuckingmacbookair/Documents/GitHub/bindery/ios/Pods/hermes-engine/destroot/Library/Frameworks/universal\"\ \"/Users/myfuckingmacbookair/Documents/GitHub/bindery/ios/build/Build/Products/Release-iphonesimulator/XCFrameworkIntermediates/ExpoModulesCore\"\ \"/Users/myfuckingmacbookair/Documents/GitHub/bindery/ios/build/Build/Products/Release-iphonesimulator/XCFrameworkIntermediates/ExpoModulesJSI\"\ \"/Users/myfuckingmacbookair/Documents/GitHub/bindery/ios/build/Build/Products/Release-iphonesimulator/XCFrameworkIntermediates/ExpoModulesWorklets\"\ \"/Users/myfuckingmacbookair/Documents/GitHub/bindery/ios/build/Build/Products/Release-iphonesimulator/XCFrameworkIntermediates/React-Core-prebuilt\"\ \"/Users/myfuckingmacbookair/Documents/GitHub/bindery/ios/build/Build/Products/Release-iphonesimulator/XCFrameworkIntermediates/ReactNativeDependencies\"\ \"/Users/myfuckingmacbookair/Documents/GitHub/bindery/ios/build/Build/Products/Release-iphonesimulator/XCFrameworkIntermediates/hermes-engine/Pre-built\"
    export FRAMEWORK_VERSION\=A
    export FUSE_BUILD_PHASES\=YES
    export FUSE_BUILD_SCRIPT_PHASES\=NO
    export GCC3_VERSION\=3.3
    export GCC_C_LANGUAGE_STANDARD\=gnu11
    export GCC_NO_COMMON_BLOCKS\=YES
    export GCC_OBJC_LEGACY_DISPATCH\=YES
    export GCC_PFE_FILE_C_DIALECTS\=c\ objective-c\ c++\ objective-c++
    export GCC_PREPROCESSOR_DEFINITIONS\=POD_CONFIGURATION_RELEASE\=1\ \ COCOAPODS\=1
    export GCC_TREAT_WARNINGS_AS_ERRORS\=NO
    export GCC_VERSION\=com.apple.compilers.llvm.clang.1_0
    export GCC_VERSION_IDENTIFIER\=com_apple_compilers_llvm_clang_1_0
    export GCC_WARN_64_TO_32_BIT_CONVERSION\=YES
    export GCC_WARN_ABOUT_RETURN_TYPE\=YES_ERROR
    export GCC_WARN_UNDECLARED_SELECTOR\=YES
    export GCC_WARN_UNINITIALIZED_AUTOS\=YES_AGGRESSIVE
    export GCC_WARN_UNUSED_FUNCTION\=YES
    export GCC_WARN_UNUSED_VARIABLE\=YES
    export GENERATED_MODULEMAP_DIR\=/Users/myfuckingmacbookair/Documents/GitHub/bindery/ios/build/Build/Intermediates.noindex/GeneratedModuleMaps-iphonesimulator
    export GENERATE_INFOPLIST_FILE\=NO
    export GENERATE_INTERMEDIATE_TEXT_BASED_STUBS\=YES
    export GENERATE_PKGINFO_FILE\=NO
    export GENERATE_PRELINK_OBJECT_FILE\=NO
    export GENERATE_PROFILING_CODE\=NO
    export GENERATE_TEXT_BASED_STUBS\=NO
    export GID\=20
    export GROUP\=staff
    export HEADERMAP_INCLUDES_FLAT_ENTRIES_FOR_TARGET_BEING_BUILT\=YES
    export HEADERMAP_INCLUDES_FRAMEWORK_ENTRIES_FOR_ALL_PRODUCT_TYPES\=YES
    export HEADERMAP_INCLUDES_FRAMEWORK_ENTRIES_FOR_TARGETS_NOT_BEING_BUILT\=YES
    export HEADERMAP_INCLUDES_NONPUBLIC_NONPRIVATE_HEADERS\=YES
    export HEADERMAP_INCLUDES_PROJECT_HEADERS\=YES
    export HEADERMAP_USES_FRAMEWORK_PREFIX_ENTRIES\=YES
    export HEADERMAP_USES_VFS\=YES
    export HEADER_SEARCH_PATHS\=\ \"/Users/myfuckingmacbookair/Documents/GitHub/bindery/ios/Pods/Headers/Public\"\ \"/Users/myfuckingmacbookair/Documents/GitHub/bindery/ios/Pods/Headers/Public/FBLazyVector\"\ \"/Users/myfuckingmacbookair/Documents/GitHub/bindery/ios/Pods/Headers/Public/RCTRequired\"\ \"/Users/myfuckingmacbookair/Documents/GitHub/bindery/ios/Pods/Headers/Public/RCTSwiftUIWrapper\"\ \"/Users/myfuckingmacbookair/Documents/GitHub/bindery/ios/Pods/Headers/Public/RCTTypeSafety\"\ \"/Users/myfuckingmacbookair/Documents/GitHub/bindery/ios/Pods/Headers/Public/React-Core\"\ \"/Users/myfuckingmacbookair/Documents/GitHub/bindery/ios/Pods/Headers/Public/React-Core-prebuilt\"\ \"/Users/myfuckingmacbookair/Documents/GitHub/bindery/ios/Pods/Headers/Public/React-CoreModules\"\ \"/Users/myfuckingmacbookair/Documents/GitHub/bindery/ios/Pods/Headers/Public/React-Fabric\"\ \"/Users/myfuckingmacbookair/Documents/GitHub/bindery/ios/Pods/Headers/Public/React-FabricComponents\"\ \"/Users/myfuckingmacbookair/Documents/GitHub/bindery/ios/Pods/Headers/Public/React-FabricImage\"\ \"/Users/myfuckingmacbookair/Documents/GitHub/bindery/ios/Pods/Headers/Public/React-ImageManager\"\ \"/Users/myfuckingmacbookair/Documents/GitHub/bindery/ios/Pods/Headers/Public/React-Mapbuffer\"\ \"/Users/myfuckingmacbookair/Documents/GitHub/bindery/ios/Pods/Headers/Public/React-NativeModulesApple\"\ \"/Users/myfuckingmacbookair/Documents/GitHub/bindery/ios/Pods/Headers/Public/React-RCTAnimation\"\ \"/Users/myfuckingmacbookair/Documents/GitHub/bindery/ios/Pods/Headers/Public/React-RCTBlob\"\ \"/Users/myfuckingmacbookair/Documents/GitHub/bindery/ios/Pods/Headers/Public/React-RCTFBReactNativeSpec\"\ \"/Users/myfuckingmacbookair/Documents/GitHub/bindery/ios/Pods/Headers/Public/React-RCTFabric\"\ \"/Users/myfuckingmacbookair/Documents/GitHub/bindery/ios/Pods/Headers/Public/React-RCTImage\"\ \"/Users/myfuckingmacbookair/Documents/GitHub/bindery/ios/Pods/Headers/Public/React-RCTRuntime\"\ \"/Users/myfuckingmacbookair/Documents/GitHub/bindery/ios/Pods/Headers/Public/React-RCTText\"\ \"/Users/myfuckingmacbookair/Documents/GitHub/bindery/ios/Pods/Headers/Public/React-RuntimeApple\"\ \"/Users/myfuckingmacbookair/Documents/GitHub/bindery/ios/Pods/Headers/Public/React-RuntimeCore\"\ \"/Users/myfuckingmacbookair/Documents/GitHub/bindery/ios/Pods/Headers/Public/React-RuntimeHermes\"\ \"/Users/myfuckingmacbookair/Documents/GitHub/bindery/ios/Pods/Headers/Public/React-callinvoker\"\ \"/Users/myfuckingmacbookair/Documents/GitHub/bindery/ios/Pods/Headers/Public/React-cxxreact\"\ \"/Users/myfuckingmacbookair/Documents/GitHub/bindery/ios/Pods/Headers/Public/React-debug\"\ \"/Users/myfuckingmacbookair/Documents/GitHub/bindery/ios/Pods/Headers/Public/React-defaultsnativemodule\"\ \"/Users/myfuckingmacbookair/Documents/GitHub/bindery/ios/Pods/Headers/Public/React-domnativemodule\"\ \"/Users/myfuckingmacbookair/Documents/GitHub/bindery/ios/Pods/Headers/Public/React-featureflags\"\ \"/Users/myfuckingmacbookair/Documents/GitHub/bindery/ios/Pods/Headers/Public/React-featureflagsnativemodule\"\ \"/Users/myfuckingmacbookair/Documents/GitHub/bindery/ios/Pods/Headers/Public/React-graphics\"\ \"/Users/myfuckingmacbookair/Documents/GitHub/bindery/ios/Pods/Headers/Public/React-hermes\"\ \"/Users/myfuckingmacbookair/Documents/GitHub/bindery/ios/Pods/Headers/Public/React-idlecallbacksnativemodule\"\ \"/Users/myfuckingmacbookair/Documents/GitHub/bindery/ios/Pods/Headers/Public/React-intersectionobservernativemodule\"\ \"/Users/myfuckingmacbookair/Documents/GitHub/bindery/ios/Pods/Headers/Public/React-jserrorhandler\"\ \"/Users/myfuckingmacbookair/Documents/GitHub/bindery/ios/Pods/Headers/Public/React-jsi\"\ \"/Users/myfuckingmacbookair/Documents/GitHub/bindery/ios/Pods/Headers/Public/React-jsiexecutor\"\ \"/Users/myfuckingmacbookair/Documents/GitHub/bindery/ios/Pods/Headers/Public/React-jsinspector\"\ \"/Users/myfuckingmacbookair/Documents/GitHub/bindery/ios/Pods/Headers/Public/React-jsinspectorcdp\"\ \"/Users/myfuckingmacbookair/Documents/GitHub/bindery/ios/Pods/Headers/Public/React-jsinspectornetwork\"\ \"/Users/myfuckingmacbookair/Documents/GitHub/bindery/ios/Pods/Headers/Public/React-jsinspectortracing\"\ \"/Users/myfuckingmacbookair/Documents/GitHub/bindery/ios/Pods/Headers/Public/React-jsitooling\"\ \"/Users/myfuckingmacbookair/Documents/GitHub/bindery/ios/Pods/Headers/Public/React-logger\"\ \"/Users/myfuckingmacbookair/Documents/GitHub/bindery/ios/Pods/Headers/Public/React-microtasksnativemodule\"\ \"/Users/myfuckingmacbookair/Documents/GitHub/bindery/ios/Pods/Headers/Public/React-mutationobservernativemodule\"\ \"/Users/myfuckingmacbookair/Documents/GitHub/bindery/ios/Pods/Headers/Public/React-networking\"\ \"/Users/myfuckingmacbookair/Documents/GitHub/bindery/ios/Pods/Headers/Public/React-oscompat\"\ \"/Users/myfuckingmacbookair/Documents/GitHub/bindery/ios/Pods/Headers/Public/React-perflogger\"\ \"/Users/myfuckingmacbookair/Documents/GitHub/bindery/ios/Pods/Headers/Public/React-performancecdpmetrics\"\ \"/Users/myfuckingmacbookair/Documents/GitHub/bindery/ios/Pods/Headers/Public/React-performancetimeline\"\ \"/Users/myfuckingmacbookair/Documents/GitHub/bindery/ios/Pods/Headers/Public/React-rendererconsistency\"\ \"/Users/myfuckingmacbookair/Documents/GitHub/bindery/ios/Pods/Headers/Public/React-renderercss\"\ \"/Users/myfuckingmacbookair/Documents/GitHub/bindery/ios/Pods/Headers/Public/React-rendererdebug\"\ \"/Users/myfuckingmacbookair/Documents/GitHub/bindery/ios/Pods/Headers/Public/React-runtimeexecutor\"\ \"/Users/myfuckingmacbookair/Documents/GitHub/bindery/ios/Pods/Headers/Public/React-runtimescheduler\"\ \"/Users/myfuckingmacbookair/Documents/GitHub/bindery/ios/Pods/Headers/Public/React-timing\"\ \"/Users/myfuckingmacbookair/Documents/GitHub/bindery/ios/Pods/Headers/Public/React-utils\"\ \"/Users/myfuckingmacbookair/Documents/GitHub/bindery/ios/Pods/Headers/Public/React-viewtransitionnativemodule\"\ \"/Users/myfuckingmacbookair/Documents/GitHub/bindery/ios/Pods/Headers/Public/React-webperformancenativemodule\"\ \"/Users/myfuckingmacbookair/Documents/GitHub/bindery/ios/Pods/Headers/Public/ReactCodegen\"\ \"/Users/myfuckingmacbookair/Documents/GitHub/bindery/ios/Pods/Headers/Public/ReactCommon\"\ \"/Users/myfuckingmacbookair/Documents/GitHub/bindery/ios/Pods/Headers/Public/ReactNativeDependencies\"\ \"/Users/myfuckingmacbookair/Documents/GitHub/bindery/ios/Pods/Headers/Public/Yoga\"\ \"/Users/myfuckingmacbookair/Documents/GitHub/bindery/ios/Pods/Headers/Public/hermes-engine\"\ \"/Users/myfuckingmacbookair/Documents/GitHub/bindery/ios/Pods/ExpoModulesCore/ExpoModulesCore.xcframework/ios-arm64_x86_64-simulator/ExpoModulesCore.framework/Headers\"\ \"/Users/myfuckingmacbookair/Documents/GitHub/bindery/ios/Pods/ExpoModulesCore/ExpoModulesCore.xcframework/ios-arm64/ExpoModulesCore.framework/Headers\"\ \"/Users/myfuckingmacbookair/Documents/GitHub/bindery/ios/Pods/ExpoModulesCore/ExpoModulesCore.xcframework/ios-arm64_x86_64-simulator/ExpoModulesCore.framework/Headers\"\ \"/Users/myfuckingmacbookair/Documents/GitHub/bindery/ios/Pods/ExpoModulesCore/ExpoModulesCore.xcframework/ios-arm64/ExpoModulesCore.framework/Headers\"
    export HOME\=/Users/myfuckingmacbookair
    export HOST_ARCH\=x86_64
    export HOST_PLATFORM\=macosx
    export ICONV\=/usr/bin/iconv
    export IMPLICIT_DEPENDENCY_DOMAIN\=default
    export INFOPLIST_ENABLE_CFBUNDLEICONS_MERGE\=YES
    export INFOPLIST_EXPAND_BUILD_SETTINGS\=YES
    export INFOPLIST_OUTPUT_FORMAT\=binary
    export INFOPLIST_PREPROCESS\=NO
    export INLINE_PRIVATE_FRAMEWORKS\=NO
    export INSTALLAPI_IGNORE_SKIP_INSTALL\=YES
    export INSTALLHDRS_COPY_PHASE\=NO
    export INSTALLHDRS_SCRIPT_PHASE\=NO
    export INSTALL_DIR\=/tmp/Pods.dst
    export INSTALL_GROUP\=staff
    export INSTALL_MODE_FLAG\=u+w,go-w,a+rX
    export INSTALL_OWNER\=myfuckingmacbookair
    export INSTALL_ROOT\=/tmp/Pods.dst
    export IPHONEOS_DEPLOYMENT_TARGET\=16.4
    export IS_UNOPTIMIZED_BUILD\=NO
    export JAVAC_DEFAULT_FLAGS\=-J-Xms64m\ -J-XX:NewSize\=4M\ -J-Dfile.encoding\=UTF8
    export JAVA_APP_STUB\=/System/Library/Frameworks/JavaVM.framework/Resources/MacOS/JavaApplicationStub
    export JAVA_ARCHIVE_CLASSES\=YES
    export JAVA_ARCHIVE_TYPE\=JAR
    export JAVA_COMPILER\=/usr/bin/javac
    export JAVA_FRAMEWORK_RESOURCES_DIRS\=Resources
    export JAVA_JAR_FLAGS\=cv
    export JAVA_SOURCE_SUBDIR\=.
    export JAVA_USE_DEPENDENCIES\=YES
    export JAVA_ZIP_FLAGS\=-urg
    export JIKES_DEFAULT_FLAGS\=+E\ +OLDCSO
    export KEEP_PRIVATE_EXTERNS\=NO
    export LD_DEPENDENCY_INFO_FILE\=/Users/myfuckingmacbookair/Documents/GitHub/bindery/ios/build/Build/Intermediates.noindex/Pods.build/Release-iphonesimulator/ExpoModulesWorklets.build/Objects-normal/undefined_arch/ExpoModulesWorklets_dependency_info.dat
    export LD_EXPORT_SYMBOLS\=YES
    export LD_GENERATE_MAP_FILE\=NO
    export LD_MAP_FILE_PATH\=/Users/myfuckingmacbookair/Documents/GitHub/bindery/ios/build/Build/Intermediates.noindex/Pods.build/Release-iphonesimulator/ExpoModulesWorklets.build/ExpoModulesWorklets-LinkMap-normal-undefined_arch.txt
    export LD_NO_PIE\=NO
    export LD_QUOTE_LINKER_ARGUMENTS_FOR_COMPILER_DRIVER\=YES
    export LD_RUNPATH_SEARCH_PATHS\=\ @executable_path/Frameworks
    export LD_SHARED_CACHE_ELIGIBLE\=Automatic
    export LD_WARN_DUPLICATE_LIBRARIES\=NO
    export LD_WARN_UNUSED_DYLIBS\=NO
    export LEGACY_DEVELOPER_DIR\=/Applications/Xcode.app/Contents/PlugIns/Xcode3Core.ideplugin/Contents/SharedSupport/Developer
    export LEX\=lex
    export LIBRARY_DEXT_INSTALL_PATH\=/Library/DriverExtensions
    export LIBRARY_FLAG_NOSPACE\=YES
    export LIBRARY_KEXT_INSTALL_PATH\=/Library/Extensions
    export LINKER_DISPLAYS_MANGLED_NAMES\=NO
    export LINK_FILE_LIST_normal_arm64\=/Users/myfuckingmacbookair/Documents/GitHub/bindery/ios/build/Build/Intermediates.noindex/Pods.build/Release-iphonesimulator/ExpoModulesWorklets.build/Objects-normal/arm64/ExpoModulesWorklets.LinkFileList
    export LINK_FILE_LIST_normal_x86_64\=/Users/myfuckingmacbookair/Documents/GitHub/bindery/ios/build/Build/Intermediates.noindex/Pods.build/Release-iphonesimulator/ExpoModulesWorklets.build/Objects-normal/x86_64/ExpoModulesWorklets.LinkFileList
    export LINK_OBJC_RUNTIME\=YES
    export LINK_WITH_STANDARD_LIBRARIES\=YES
    export LLVM_TARGET_TRIPLE_OS_VERSION\=ios16.4
    export LLVM_TARGET_TRIPLE_SUFFIX\=-simulator
    export LLVM_TARGET_TRIPLE_VENDOR\=apple
    export LM_AUX_CONST_METADATA_LIST_PATH_normal_arm64\=/Users/myfuckingmacbookair/Documents/GitHub/bindery/ios/build/Build/Intermediates.noindex/Pods.build/Release-iphonesimulator/ExpoModulesWorklets.build/Objects-normal/arm64/ExpoModulesWorklets.SwiftConstValuesFileList
    export LM_AUX_CONST_METADATA_LIST_PATH_normal_x86_64\=/Users/myfuckingmacbookair/Documents/GitHub/bindery/ios/build/Build/Intermediates.noindex/Pods.build/Release-iphonesimulator/ExpoModulesWorklets.build/Objects-normal/x86_64/ExpoModulesWorklets.SwiftConstValuesFileList
    export LOCALIZATION_EXPORT_SUPPORTED\=YES
    export LOCALIZATION_PREFERS_STRING_CATALOGS\=NO
    export LOCALIZED_STRING_MACRO_NAMES\=NSLocalizedString\ CFCopyLocalizedString
    export LOCALIZED_STRING_SWIFTUI_SUPPORT\=YES
    export LOCAL_ADMIN_APPS_DIR\=/Applications/Utilities
    export LOCAL_APPS_DIR\=/Applications
    export LOCAL_DEVELOPER_DIR\=/Library/Developer
    export LOCAL_LIBRARY_DIR\=/Library
    export LOCROOT\=/Users/myfuckingmacbookair/Documents/GitHub/bindery/ios/Pods
    export LOCSYMROOT\=/Users/myfuckingmacbookair/Documents/GitHub/bindery/ios/Pods
    export MAC_OS_X_PRODUCT_BUILD_VERSION\=25F80
    export MAC_OS_X_VERSION_ACTUAL\=260501
    export MAC_OS_X_VERSION_MAJOR\=260000
    export MAC_OS_X_VERSION_MINOR\=260500
    export MAKE_MERGEABLE\=NO
    export MERGEABLE_LIBRARY\=NO
    export MERGED_BINARY_TYPE\=none
    export MERGE_LINKED_LIBRARIES\=NO
    export METAL_LIBRARY_FILE_BASE\=default
    export METAL_LIBRARY_OUTPUT_DIR\=/Users/myfuckingmacbookair/Documents/GitHub/bindery/ios/build/Build/Products/Release-iphonesimulator/ExpoModulesWorklets/
    export MODULE_CACHE_DIR\=/Users/myfuckingmacbookair/Documents/GitHub/bindery/ios/build/ModuleCache.noindex
    export MTL_ENABLE_DEBUG_INFO\=NO
    export MTL_FAST_MATH\=YES
    export NATIVE_ARCH\=x86_64
    export NATIVE_ARCH_32_BIT\=i386
    export NATIVE_ARCH_64_BIT\=x86_64
    export NATIVE_ARCH_ACTUAL\=x86_64
    export NO_COMMON\=YES
    export OBJC_ABI_VERSION\=2
    export OBJECT_FILE_DIR\=/Users/myfuckingmacbookair/Documents/GitHub/bindery/ios/build/Build/Intermediates.noindex/Pods.build/Release-iphonesimulator/ExpoModulesWorklets.build/Objects
    export OBJECT_FILE_DIR_normal\=/Users/myfuckingmacbookair/Documents/GitHub/bindery/ios/build/Build/Intermediates.noindex/Pods.build/Release-iphonesimulator/ExpoModulesWorklets.build/Objects-normal
    export OBJROOT\=/Users/myfuckingmacbookair/Documents/GitHub/bindery/ios/build/Build/Intermediates.noindex
    export ONLY_ACTIVE_ARCH\=NO
    export OS\=MACOS
    export OSAC\=/usr/bin/osacompile
    export OTHER_CFLAGS\=\ -DRCT_REMOVE_LEGACY_ARCH\=1\ -fmodule-map-file\=\"/Users/myfuckingmacbookair/Documents/GitHub/bindery/ios/Pods/Headers/Public/ReactCodegen/ReactCodegen.modulemap\"\ -DNDEBUG
    export OTHER_CPLUSPLUSFLAGS\=\ -DRCT_REMOVE_LEGACY_ARCH\=1\ -fmodule-map-file\=\"/Users/myfuckingmacbookair/Documents/GitHub/bindery/ios/Pods/Headers/Public/ReactCodegen/ReactCodegen.modulemap\"\ -DNDEBUG\ -DRCT_REMOVE_LEGACY_ARCH\=1\ -DNDEBUG
    export OTHER_SWIFT_FLAGS\=\ -D\ COCOAPODS\ -Xcc\ -fmodule-map-file\=\"/Users/myfuckingmacbookair/Documents/GitHub/bindery/ios/Pods/Headers/Public/ReactCodegen/ReactCodegen.modulemap\"\ -import-underlying-module\ -Xcc\ -fmodule-map-file\=\"/Users/myfuckingmacbookair/Documents/GitHub/bindery/ios/Pods/\"\ -Xfrontend\ -load-plugin-executable\ -Xfrontend\ \"/Users/myfuckingmacbookair/Documents/GitHub/bindery/node_modules/@expo/expo-modules-macros-plugin/apple/ExpoModulesMacros-tool\#ExpoModulesMacros\"
    export PASCAL_STRINGS\=YES
    export PATH\=/Applications/Xcode.app/Contents/SharedFrameworks/SwiftBuild.framework/Versions/A/PlugIns/SWBBuildService.bundle/Contents/PlugIns/SWBUniversalPlatformPlugin.bundle/Contents/Frameworks/SWBUniversalPlatform.framework/Resources:/Applications/Xcode.app/Contents/Developer/Toolchains/XcodeDefault.xctoolchain/usr/bin:/Applications/Xcode.app/Contents/Developer/Toolchains/XcodeDefault.xctoolchain/usr/local/bin:/Applications/Xcode.app/Contents/Developer/Toolchains/XcodeDefault.xctoolchain/usr/libexec:/Applications/Xcode.app/Contents/Developer/Platforms/iPhoneSimulator.platform/usr/bin:/Applications/Xcode.app/Contents/Developer/Platforms/iPhoneSimulator.platform/usr/local/bin:/Applications/Xcode.app/Contents/Developer/Platforms/iPhoneSimulator.platform/Developer/usr/bin:/Applications/Xcode.app/Contents/Developer/Platforms/iPhoneSimulator.platform/Developer/usr/local/bin:/Applications/Xcode.app/Contents/Developer/usr/bin:/Applications/Xcode.app/Contents/Developer/usr/local/bin:/Users/myfuckingmacbookair/.local/bin:/Users/myfuckingmacbookair/.npm-global/bin:/usr/local/bin:/System/Cryptexes/App/usr/bin:/usr/bin:/bin:/usr/sbin:/sbin:/var/run/com.apple.security.cryptexd/codex.system/bootstrap/usr/local/bin:/var/run/com.apple.security.cryptexd/codex.system/bootstrap/usr/bin:/var/run/com.apple.security.cryptexd/codex.system/bootstrap/usr/appleinternal/bin:/pkg/env/global/bin:/Library/Apple/usr/bin:/Users/myfuckingmacbookair/.bun/bin:/Users/myfuckingmacbookair/Library/pnpm:/Users/myfuckingmacbookair/Library/Application\ Support/Claude/local-agent-mode-sessions/skills-plugin/8bf2ebc1-a06e-4b18-bf97-856db8c64549/ec19a108-c20c-455d-9708-6a8cfabeb0b8/bin
    export PATH_PREFIXES_EXCLUDED_FROM_HEADER_DEPENDENCIES\=/usr/include\ /usr/local/include\ /System/Library/Frameworks\ /System/Library/PrivateFrameworks\ /Applications/Xcode.app/Contents/Developer/Headers\ /Applications/Xcode.app/Contents/Developer/SDKs\ /Applications/Xcode.app/Contents/Developer/Platforms
    export PER_ARCH_MODULE_FILE_DIR\=/Users/myfuckingmacbookair/Documents/GitHub/bindery/ios/build/Build/Intermediates.noindex/Pods.build/Release-iphonesimulator/ExpoModulesWorklets.build/Objects-normal/undefined_arch
    export PER_ARCH_OBJECT_FILE_DIR\=/Users/myfuckingmacbookair/Documents/GitHub/bindery/ios/build/Build/Intermediates.noindex/Pods.build/Release-iphonesimulator/ExpoModulesWorklets.build/Objects-normal/undefined_arch
    export PER_VARIANT_OBJECT_FILE_DIR\=/Users/myfuckingmacbookair/Documents/GitHub/bindery/ios/build/Build/Intermediates.noindex/Pods.build/Release-iphonesimulator/ExpoModulesWorklets.build/Objects-normal
    export PKGINFO_FILE_PATH\=/Users/myfuckingmacbookair/Documents/GitHub/bindery/ios/build/Build/Intermediates.noindex/Pods.build/Release-iphonesimulator/ExpoModulesWorklets.build/PkgInfo
    export PLATFORM_DEVELOPER_APPLICATIONS_DIR\=/Applications/Xcode.app/Contents/Developer/Platforms/iPhoneSimulator.platform/Developer/Applications
    export PLATFORM_DEVELOPER_BIN_DIR\=/Applications/Xcode.app/Contents/Developer/Platforms/iPhoneSimulator.platform/Developer/usr/bin
    export PLATFORM_DEVELOPER_LIBRARY_DIR\=/Applications/Xcode.app/Contents/Developer/Platforms/iPhoneSimulator.platform/Developer/Library
    export PLATFORM_DEVELOPER_SDK_DIR\=/Applications/Xcode.app/Contents/Developer/Platforms/iPhoneSimulator.platform/Developer/SDKs
    export PLATFORM_DEVELOPER_TOOLS_DIR\=/Applications/Xcode.app/Contents/Developer/Platforms/iPhoneSimulator.platform/Developer/Tools
    export PLATFORM_DEVELOPER_USR_DIR\=/Applications/Xcode.app/Contents/Developer/Platforms/iPhoneSimulator.platform/Developer/usr
    export PLATFORM_DIR\=/Applications/Xcode.app/Contents/Developer/Platforms/iPhoneSimulator.platform
    export PLATFORM_DISPLAY_NAME\=iOS\ Simulator
    export PLATFORM_FAMILY_NAME\=iOS
    export PLATFORM_NAME\=iphonesimulator
    export PLATFORM_PREFERRED_ARCH\=x86_64
    export PLATFORM_PRODUCT_BUILD_VERSION\=23A339
    export PLATFORM_REQUIRES_SWIFT_AUTOLINK_EXTRACT\=NO
    export PLATFORM_REQUIRES_SWIFT_MODULEWRAP\=NO
    export PLIST_FILE_OUTPUT_FORMAT\=binary
    export PODFILE_DIR\=/Users/myfuckingmacbookair/Documents/GitHub/bindery/ios/Pods/..
    export PODS_BUILD_DIR\=/Users/myfuckingmacbookair/Documents/GitHub/bindery/ios/build/Build/Products
    export PODS_CONFIGURATION_BUILD_DIR\=/Users/myfuckingmacbookair/Documents/GitHub/bindery/ios/build/Build/Products/Release-iphonesimulator
    export PODS_DEVELOPMENT_LANGUAGE\=en
    export PODS_ROOT\=/Users/myfuckingmacbookair/Documents/GitHub/bindery/ios/Pods
    export PODS_TARGET_SRCROOT\=/Users/myfuckingmacbookair/Documents/GitHub/bindery/ios/Pods/ExpoModulesWorklets
    export PODS_XCFRAMEWORKS_BUILD_DIR\=/Users/myfuckingmacbookair/Documents/GitHub/bindery/ios/build/Build/Products/Release-iphonesimulator/XCFrameworkIntermediates
    export PRECOMPS_INCLUDE_HEADERS_FROM_BUILT_PRODUCTS_DIR\=YES
    export PRECOMP_DESTINATION_DIR\=/Users/myfuckingmacbookair/Documents/GitHub/bindery/ios/build/Build/Intermediates.noindex/Pods.build/Release-iphonesimulator/ExpoModulesWorklets.build/PrefixHeaders
    export PROCESSED_INFOPLIST_PATH\=/Users/myfuckingmacbookair/Documents/GitHub/bindery/ios/build/Build/Intermediates.noindex/Pods.build/Release-iphonesimulator/ExpoModulesWorklets.build/Objects-normal/undefined_arch/Processed-Info.plist
    export PRODUCT_BUNDLE_IDENTIFIER\=org.cocoapods.ExpoModulesWorklets
    export PRODUCT_MODULE_NAME\=ExpoModulesWorklets
    export PRODUCT_NAME\=ExpoModulesWorklets
    export PRODUCT_SETTINGS_PATH\=
    export PROFILING_CODE\=NO
    export PROJECT\=Pods
    export PROJECT_DERIVED_FILE_DIR\=/Users/myfuckingmacbookair/Documents/GitHub/bindery/ios/build/Build/Intermediates.noindex/Pods.build/DerivedSources
    export PROJECT_DIR\=/Users/myfuckingmacbookair/Documents/GitHub/bindery/ios/Pods
    export PROJECT_FILE_PATH\=/Users/myfuckingmacbookair/Documents/GitHub/bindery/ios/Pods/Pods.xcodeproj
    export PROJECT_GUID\=8699adb1dd336b26511df848a716bd42
    export PROJECT_NAME\=Pods
    export PROJECT_TEMP_DIR\=/Users/myfuckingmacbookair/Documents/GitHub/bindery/ios/build/Build/Intermediates.noindex/Pods.build
    export PROJECT_TEMP_ROOT\=/Users/myfuckingmacbookair/Documents/GitHub/bindery/ios/build/Build/Intermediates.noindex
    export REACT_NATIVE_PATH\=/Users/myfuckingmacbookair/Documents/GitHub/bindery/ios/Pods/../../node_modules/react-native
    export RECOMMENDED_IPHONEOS_DEPLOYMENT_TARGET\=15.0
    export RECURSIVE_SEARCH_PATHS_FOLLOW_SYMLINKS\=YES
    export REMOVE_CVS_FROM_RESOURCES\=YES
    export REMOVE_GIT_FROM_RESOURCES\=YES
    export REMOVE_HEADERS_FROM_EMBEDDED_BUNDLES\=YES
    export REMOVE_HG_FROM_RESOURCES\=YES
    export REMOVE_STATIC_EXECUTABLES_FROM_EMBEDDED_BUNDLES\=YES
    export REMOVE_SVN_FROM_RESOURCES\=YES
    export RESCHEDULE_INDEPENDENT_HEADERS_PHASES\=YES
    export REZ_COLLECTOR_DIR\=/Users/myfuckingmacbookair/Documents/GitHub/bindery/ios/build/Build/Intermediates.noindex/Pods.build/Release-iphonesimulator/ExpoModulesWorklets.build/ResourceManagerResources
    export REZ_OBJECTS_DIR\=/Users/myfuckingmacbookair/Documents/GitHub/bindery/ios/build/Build/Intermediates.noindex/Pods.build/Release-iphonesimulator/ExpoModulesWorklets.build/ResourceManagerResources/Objects
    export RUNTIME_EXCEPTION_ALLOW_DYLD_ENVIRONMENT_VARIABLES\=NO
    export RUNTIME_EXCEPTION_ALLOW_JIT\=NO
    export RUNTIME_EXCEPTION_ALLOW_UNSIGNED_EXECUTABLE_MEMORY\=NO
    export RUNTIME_EXCEPTION_DEBUGGING_TOOL\=NO
    export RUNTIME_EXCEPTION_DISABLE_EXECUTABLE_PAGE_PROTECTION\=NO
    export RUNTIME_EXCEPTION_DISABLE_LIBRARY_VALIDATION\=NO
    export SCAN_ALL_SOURCE_FILES_FOR_INCLUDES\=NO
    export SCRIPT_INPUT_FILE_0\=/Users/myfuckingmacbookair/Documents/GitHub/bindery/node_modules/expo-modules-autolinking/scripts/ios/replace-xcframework.js
    export SCRIPT_INPUT_FILE_COUNT\=1
    export SCRIPT_INPUT_FILE_LIST_COUNT\=0
    export SCRIPT_OUTPUT_FILE_COUNT\=0
    export SCRIPT_OUTPUT_FILE_LIST_COUNT\=0
    export SDKROOT\=/Applications/Xcode.app/Contents/Developer/Platforms/iPhoneSimulator.platform/Developer/SDKs/iPhoneSimulator26.0.sdk
    export SDK_DIR\=/Applications/Xcode.app/Contents/Developer/Platforms/iPhoneSimulator.platform/Developer/SDKs/iPhoneSimulator26.0.sdk
    export SDK_DIR_iphonesimulator\=/Applications/Xcode.app/Contents/Developer/Platforms/iPhoneSimulator.platform/Developer/SDKs/iPhoneSimulator26.0.sdk
    export SDK_DIR_iphonesimulator26_0\=/Applications/Xcode.app/Contents/Developer/Platforms/iPhoneSimulator.platform/Developer/SDKs/iPhoneSimulator26.0.sdk
    export SDK_NAME\=iphonesimulator26.0
    export SDK_NAMES\=iphonesimulator26.0
    export SDK_PRODUCT_BUILD_VERSION\=23A339
    export SDK_STAT_CACHE_DIR\=/Users/myfuckingmacbookair/Documents/GitHub/bindery/ios/build
    export SDK_STAT_CACHE_ENABLE\=YES
    export SDK_STAT_CACHE_PATH\=/Users/myfuckingmacbookair/Documents/GitHub/bindery/ios/build/SDKStatCaches.noindex/iphonesimulator26.0-23A339-26257891a6c027eb51374368541b8346.sdkstatcache
    export SDK_VERSION\=26.0
    export SDK_VERSION_ACTUAL\=260000
    export SDK_VERSION_MAJOR\=260000
    export SDK_VERSION_MINOR\=260000
    export SED\=/usr/bin/sed
    export SEPARATE_STRIP\=NO
    export SEPARATE_SYMBOL_EDIT\=NO
    export SET_DIR_MODE_OWNER_GROUP\=YES
    export SET_FILE_MODE_OWNER_GROUP\=NO
    export SHALLOW_BUNDLE\=NO
    export SHARED_DERIVED_FILE_DIR\=/Users/myfuckingmacbookair/Documents/GitHub/bindery/ios/build/Build/Products/Release-iphonesimulator/ExpoModulesWorklets/DerivedSources
    export SHARED_PRECOMPS_DIR\=/Users/myfuckingmacbookair/Documents/GitHub/bindery/ios/build/Build/Intermediates.noindex/PrecompiledHeaders
    export SKIP_INSTALL\=YES
    export SOURCE_ROOT\=/Users/myfuckingmacbookair/Documents/GitHub/bindery/ios/Pods
    export SRCROOT\=/Users/myfuckingmacbookair/Documents/GitHub/bindery/ios/Pods
    export STRINGSDATA_DIR\=/Users/myfuckingmacbookair/Documents/GitHub/bindery/ios/build/Build/Intermediates.noindex/Pods.build/Release-iphonesimulator/ExpoModulesWorklets.build/Objects-normal/undefined_arch
    export STRINGSDATA_ROOT\=/Users/myfuckingmacbookair/Documents/GitHub/bindery/ios/build/Build/Intermediates.noindex/Pods.build/Release-iphonesimulator/ExpoModulesWorklets.build
    export STRINGS_FILE_INFOPLIST_RENAME\=YES
    export STRINGS_FILE_OUTPUT_ENCODING\=binary
    export STRING_CATALOG_GENERATE_SYMBOLS\=NO
    export STRIP_BITCODE_FROM_COPIED_FILES\=NO
    export STRIP_INSTALLED_PRODUCT\=NO
    export STRIP_STYLE\=all
    export STRIP_SWIFT_SYMBOLS\=YES
    export SUPPORTED_DEVICE_FAMILIES\=1,2
    export SUPPORTED_PLATFORMS\=iphoneos\ iphonesimulator
    export SUPPORTS_TEXT_BASED_API\=NO
    export SUPPRESS_WARNINGS\=NO
    export SWIFT_COMPILATION_MODE\=wholemodule
    export SWIFT_EMIT_CONST_VALUE_PROTOCOLS\=AppIntent\ EntityQuery\ AppEntity\ TransientEntity\ AppEnum\ AppShortcutProviding\ AppShortcutsProvider\ AnyResolverProviding\ AppIntentsPackage\ DynamicOptionsProvider\ _IntentValueRepresentable\ _AssistantIntentsProvider\ _GenerativeFunctionExtractable\ IntentValueQuery\ Resolver\ AppExtension\ ExtensionPointDefining
    export SWIFT_EMIT_LOC_STRINGS\=NO
    export SWIFT_EMIT_MODULE_INTERFACE\=NO
    export SWIFT_ENABLE_EXPLICIT_MODULES\=NO
    export SWIFT_INCLUDE_PATHS\=\ \"/Users/myfuckingmacbookair/Documents/GitHub/bindery/ios/build/Build/Products/Release-iphonesimulator/ExpoModulesCore\"\ \"/Users/myfuckingmacbookair/Documents/GitHub/bindery/ios/build/Build/Products/Release-iphonesimulator/ExpoModulesJSI\"
    export SWIFT_OPTIMIZATION_LEVEL\=-O
    export SWIFT_PLATFORM_TARGET_PREFIX\=ios
    export SWIFT_RESPONSE_FILE_PATH_normal_arm64\=/Users/myfuckingmacbookair/Documents/GitHub/bindery/ios/build/Build/Intermediates.noindex/Pods.build/Release-iphonesimulator/ExpoModulesWorklets.build/Objects-normal/arm64/ExpoModulesWorklets.SwiftFileList
    export SWIFT_RESPONSE_FILE_PATH_normal_x86_64\=/Users/myfuckingmacbookair/Documents/GitHub/bindery/ios/build/Build/Intermediates.noindex/Pods.build/Release-iphonesimulator/ExpoModulesWorklets.build/Objects-normal/x86_64/ExpoModulesWorklets.SwiftFileList
    export SWIFT_VERSION\=5.0
    export SYMROOT\=/Users/myfuckingmacbookair/Documents/GitHub/bindery/ios/build/Build/Products
    export SYSTEM_ADMIN_APPS_DIR\=/Applications/Utilities
    export SYSTEM_APPS_DIR\=/Applications
    export SYSTEM_CORE_SERVICES_DIR\=/System/Library/CoreServices
    export SYSTEM_DEMOS_DIR\=/Applications/Extras
    export SYSTEM_DEVELOPER_APPS_DIR\=/Applications/Xcode.app/Contents/Developer/Applications
    export SYSTEM_DEVELOPER_BIN_DIR\=/Applications/Xcode.app/Contents/Developer/usr/bin
    export SYSTEM_DEVELOPER_DEMOS_DIR\=/Applications/Xcode.app/Contents/Developer/Applications/Utilities/Built\ Examples
    export SYSTEM_DEVELOPER_DIR\=/Applications/Xcode.app/Contents/Developer
    export SYSTEM_DEVELOPER_DOC_DIR\=/Applications/Xcode.app/Contents/Developer/ADC\ Reference\ Library
    export SYSTEM_DEVELOPER_GRAPHICS_TOOLS_DIR\=/Applications/Xcode.app/Contents/Developer/Applications/Graphics\ Tools
    export SYSTEM_DEVELOPER_JAVA_TOOLS_DIR\=/Applications/Xcode.app/Contents/Developer/Applications/Java\ Tools
    export SYSTEM_DEVELOPER_PERFORMANCE_TOOLS_DIR\=/Applications/Xcode.app/Contents/Developer/Applications/Performance\ Tools
    export SYSTEM_DEVELOPER_RELEASENOTES_DIR\=/Applications/Xcode.app/Contents/Developer/ADC\ Reference\ Library/releasenotes
    export SYSTEM_DEVELOPER_TOOLS\=/Applications/Xcode.app/Contents/Developer/Tools
    export SYSTEM_DEVELOPER_TOOLS_DOC_DIR\=/Applications/Xcode.app/Contents/Developer/ADC\ Reference\ Library/documentation/DeveloperTools
    export SYSTEM_DEVELOPER_TOOLS_RELEASENOTES_DIR\=/Applications/Xcode.app/Contents/Developer/ADC\ Reference\ Library/releasenotes/DeveloperTools
    export SYSTEM_DEVELOPER_USR_DIR\=/Applications/Xcode.app/Contents/Developer/usr
    export SYSTEM_DEVELOPER_UTILITIES_DIR\=/Applications/Xcode.app/Contents/Developer/Applications/Utilities
    export SYSTEM_DEXT_INSTALL_PATH\=/System/Library/DriverExtensions
    export SYSTEM_DOCUMENTATION_DIR\=/Library/Documentation
    export SYSTEM_KEXT_INSTALL_PATH\=/System/Library/Extensions
    export SYSTEM_LIBRARY_DIR\=/System/Library
    export TAPI_DEMANGLE\=YES
    export TAPI_ENABLE_PROJECT_HEADERS\=NO
    export TAPI_LANGUAGE\=objective-c
    export TAPI_LANGUAGE_STANDARD\=compiler-default
    export TAPI_USE_SRCROOT\=YES
    export TAPI_VERIFY_MODE\=Pedantic
    export TARGETED_DEVICE_FAMILY\=1,2
    export TARGETNAME\=ExpoModulesWorklets
    export TARGET_BUILD_DIR\=/Users/myfuckingmacbookair/Documents/GitHub/bindery/ios/build/Build/Products/Release-iphonesimulator/ExpoModulesWorklets
    export TARGET_DEVICE_IDENTIFIER\=4DC2E649-35BE-4445-9A24-38BD8A88D1BF
    export TARGET_DEVICE_MODEL\=iPhone18,1
    export TARGET_DEVICE_OS_VERSION\=26.0.1
    export TARGET_DEVICE_PLATFORM_NAME\=iphonesimulator
    export TARGET_NAME\=ExpoModulesWorklets
    export TARGET_TEMP_DIR\=/Users/myfuckingmacbookair/Documents/GitHub/bindery/ios/build/Build/Intermediates.noindex/Pods.build/Release-iphonesimulator/ExpoModulesWorklets.build
    export TEMP_DIR\=/Users/myfuckingmacbookair/Documents/GitHub/bindery/ios/build/Build/Intermediates.noindex/Pods.build/Release-iphonesimulator/ExpoModulesWorklets.build
    export TEMP_FILES_DIR\=/Users/myfuckingmacbookair/Documents/GitHub/bindery/ios/build/Build/Intermediates.noindex/Pods.build/Release-iphonesimulator/ExpoModulesWorklets.build
    export TEMP_FILE_DIR\=/Users/myfuckingmacbookair/Documents/GitHub/bindery/ios/build/Build/Intermediates.noindex/Pods.build/Release-iphonesimulator/ExpoModulesWorklets.build
    export TEMP_ROOT\=/Users/myfuckingmacbookair/Documents/GitHub/bindery/ios/build/Build/Intermediates.noindex
    export TEMP_SANDBOX_DIR\=/Users/myfuckingmacbookair/Documents/GitHub/bindery/ios/build/Build/Intermediates.noindex/TemporaryTaskSandboxes
    export TEST_FRAMEWORK_SEARCH_PATHS\=\ /Applications/Xcode.app/Contents/Developer/Platforms/iPhoneSimulator.platform/Developer/Library/Frameworks\ /Applications/Xcode.app/Contents/Developer/Platforms/iPhoneSimulator.platform/Developer/SDKs/iPhoneSimulator26.0.sdk/Developer/Library/Frameworks
    export TEST_LIBRARY_SEARCH_PATHS\=\ /Applications/Xcode.app/Contents/Developer/Platforms/iPhoneSimulator.platform/Developer/usr/lib
    export TOOLCHAINS\=com.apple.dt.toolchain.XcodeDefault
    export TOOLCHAIN_DIR\=/Applications/Xcode.app/Contents/Developer/Toolchains/XcodeDefault.xctoolchain
    export TREAT_MISSING_BASELINES_AS_TEST_FAILURES\=NO
    export TREAT_MISSING_SCRIPT_PHASE_OUTPUTS_AS_ERRORS\=NO
    export UID\=501
    export UNINSTALLED_PRODUCTS_DIR\=/Users/myfuckingmacbookair/Documents/GitHub/bindery/ios/build/Build/Intermediates.noindex/UninstalledProducts
    export UNSTRIPPED_PRODUCT\=NO
    export USER\=myfuckingmacbookair
    export USER_APPS_DIR\=/Users/myfuckingmacbookair/Applications
    export USER_LIBRARY_DIR\=/Users/myfuckingmacbookair/Library
    export USE_DYNAMIC_NO_PIC\=YES
    export USE_HEADERMAP\=YES
    export USE_HEADER_SYMLINKS\=NO
    export USE_HERMES\=true
    export USE_RECURSIVE_SCRIPT_INPUTS_IN_SCRIPT_PHASES\=YES
    export VALIDATE_DEVELOPMENT_ASSET_PATHS\=YES_ERROR
    export VALIDATE_PRODUCT\=YES
    export VALID_ARCHS\=arm64\ x86_64
    export VERBOSE_PBXCP\=NO
    export VERSION_INFO_BUILDER\=myfuckingmacbookair
    export VERSION_INFO_FILE\=ExpoModulesWorklets_vers.c
    export VERSION_INFO_STRING\=\"@\(\#\)PROGRAM:ExpoModulesWorklets\ \ PROJECT:Pods-\"
    export WORKSPACE_DIR\=/Users/myfuckingmacbookair/Documents/GitHub/bindery/ios
    export WRAP_ASSET_PACKS_IN_SEPARATE_DIRECTORIES\=NO
    export XCODE_APP_SUPPORT_DIR\=/Applications/Xcode.app/Contents/Developer/Library/Xcode
    export XCODE_PRODUCT_BUILD_VERSION\=17A400
    export XCODE_VERSION_ACTUAL\=2601
    export XCODE_VERSION_MAJOR\=2600
    export XCODE_VERSION_MINOR\=2600
    export XPCSERVICES_FOLDER_PATH\=/XPCServices
    export YACC\=yacc
    export _DISCOVER_COMMAND_LINE_LINKER_INPUTS\=YES
    export _DISCOVER_COMMAND_LINE_LINKER_INPUTS_INCLUDE_WL\=YES
    export _LD_MULTIARCH\=YES
    export __DIAGNOSE_DEPRECATED_ARCHS\=YES
    export arch\=undefined_arch
    export variant\=normal
    /bin/sh -c /Users/myfuckingmacbookair/Documents/GitHub/bindery/ios/build/Build/Intermediates.noindex/Pods.build/Release-iphonesimulator/ExpoModulesWorklets.build/Script-46EB2E0001B550.sh

PhaseScriptExecution [CP]\ Copy\ XCFrameworks /Users/myfuckingmacbookair/Documents/GitHub/bindery/ios/build/Build/Intermediates.noindex/Pods.build/Release-iphonesimulator/ExpoModulesWorklets.build/Script-46EB2E0001B540.sh (in target 'ExpoModulesWorklets' from project 'Pods')
    cd /Users/myfuckingmacbookair/Documents/GitHub/bindery/ios/Pods
    /bin/sh -c /Users/myfuckingmacbookair/Documents/GitHub/bindery/ios/build/Build/Intermediates.noindex/Pods.build/Release-iphonesimulator/ExpoModulesWorklets.build/Script-46EB2E0001B540.sh
Selected xcframework slice ios-arm64_x86_64-simulator
rsync --delete -av --filter P .*.?????? --links --filter "- CVS/" --filter "- .svn/" --filter "- .git/" --filter "- .hg/" "/Users/myfuckingmacbookair/Documents/GitHub/bindery/ios/Pods/ExpoModulesWorklets/ExpoModulesWorklets.xcframework/ios-arm64_x86_64-simulator/*" "/Users/myfuckingmacbookair/Documents/GitHub/bindery/ios/build/Build/Products/Release-iphonesimulator/XCFrameworkIntermediates/ExpoModulesWorklets"
Transfer starting: 44 files

sent 4468 bytes  received 20 bytes  234973 bytes/sec
total size is 1644888  speedup is 366.51
Copied /Users/myfuckingmacbookair/Documents/GitHub/bindery/ios/Pods/ExpoModulesWorklets/ExpoModulesWorklets.xcframework/ios-arm64_x86_64-simulator to /Users/myfuckingmacbookair/Documents/GitHub/bindery/ios/build/Build/Products/Release-iphonesimulator/XCFrameworkIntermediates/ExpoModulesWorklets

note: Run script build phase 'Bundle React Native code and images' will be run during every build because the option to run the script phase "Based on dependency analysis" is unchecked. (in target 'TheBindery' from project 'TheBindery')
note: Run script build phase '[Expo] Configure project' will be run during every build because the option to run the script phase "Based on dependency analysis" is unchecked. (in target 'TheBindery' from project 'TheBindery')
warning: Run script build phase '[Expo Dev Launcher] Strip Local Network Keys for Release' will be run during every build because it does not specify any outputs. To address this issue, either add output dependencies to the script phase, or configure it to run in every build by unchecking "Based on dependency analysis" in the script phase. (in target 'TheBindery' from project 'TheBindery')
PhaseScriptExecution [Expo]\ Configure\ project /Users/myfuckingmacbookair/Documents/GitHub/bindery/ios/build/Build/Intermediates.noindex/TheBindery.build/Release-iphonesimulator/TheBindery.build/Script-4FC6A8FB5918A5A0D2B846D7.sh (in target 'TheBindery' from project 'TheBindery')
    cd /Users/myfuckingmacbookair/Documents/GitHub/bindery/ios
    export ACTION\=build
    export AD_HOC_CODE_SIGNING_ALLOWED\=YES
    export AGGREGATE_TRACKED_DOMAINS\=YES
    export ALLOW_BUILD_REQUEST_OVERRIDES\=NO
    export ALLOW_TARGET_PLATFORM_SPECIALIZATION\=NO
    export ALTERNATE_GROUP\=staff
    export ALTERNATE_MODE\=u+w,go-w,a+rX
    export ALTERNATE_OWNER\=myfuckingmacbookair
    export ALTERNATIVE_DISTRIBUTION_WEB\=NO
    export ALWAYS_EMBED_SWIFT_STANDARD_LIBRARIES\=YES
    export ALWAYS_SEARCH_USER_PATHS\=NO
    export ALWAYS_USE_SEPARATE_HEADERMAPS\=NO
    export ANDROID_DEPLOYMENT_TARGET\=21.0
    export APPLICATION_EXTENSION_API_ONLY\=NO
    export APPLY_RULES_IN_COPY_FILES\=NO
    export APPLY_RULES_IN_COPY_HEADERS\=NO
    export APP_SHORTCUTS_ENABLE_FLEXIBLE_MATCHING\=YES
    export ARCHS\=arm64\ x86_64
    export ARCHS_STANDARD\=arm64\ x86_64
    export ARCHS_STANDARD_32_64_BIT\=arm64\ x86_64
    export ARCHS_STANDARD_64_BIT\=arm64\ x86_64
    export ARCHS_STANDARD_INCLUDING_64_BIT\=arm64\ x86_64
    export ARCHS_UNIVERSAL_IPHONE_OS\=arm64\ x86_64
    export ASSETCATALOG_COMPILER_APPICON_NAME\=AppIcon
    export ASSETCATALOG_FILTER_FOR_DEVICE_MODEL\=iPhone18,1
    export ASSETCATALOG_FILTER_FOR_DEVICE_OS_VERSION\=26.0.1
    export ASSETCATALOG_FILTER_FOR_THINNING_DEVICE_CONFIGURATION\=iPhone18,1
    export AUTOMATICALLY_MERGE_DEPENDENCIES\=NO
    export AUTOMATION_APPLE_EVENTS\=NO
    export AVAILABLE_PLATFORMS\=android\ appletvos\ appletvsimulator\ driverkit\ iphoneos\ iphonesimulator\ macosx\ qnx\ watchos\ watchsimulator\ webassembly\ xros\ xrsimulator
    export AppIdentifierPrefix\=75ULC33H2C.
    export BUILD_ACTIVE_RESOURCES_ONLY\=YES
    export BUILD_COMPONENTS\=headers\ build
    export BUILD_DIR\=/Users/myfuckingmacbookair/Documents/GitHub/bindery/ios/build/Build/Products
    export BUILD_LIBRARY_FOR_DISTRIBUTION\=NO
    export BUILD_ROOT\=/Users/myfuckingmacbookair/Documents/GitHub/bindery/ios/build/Build/Products
    export BUILD_STYLE\=
    export BUILD_VARIANTS\=normal
    export BUILT_PRODUCTS_DIR\=/Users/myfuckingmacbookair/Documents/GitHub/bindery/ios/build/Build/Products/Release-iphonesimulator
    export BUNDLE_CONTENTS_FOLDER_PATH_deep\=Contents/
    export BUNDLE_EXECUTABLE_FOLDER_NAME_deep\=MacOS
    export BUNDLE_EXTENSIONS_FOLDER_PATH\=Extensions
    export BUNDLE_FORMAT\=shallow
    export BUNDLE_FRAMEWORKS_FOLDER_PATH\=Frameworks
    export BUNDLE_PLUGINS_FOLDER_PATH\=PlugIns
    export BUNDLE_PRIVATE_HEADERS_FOLDER_PATH\=PrivateHeaders
    export BUNDLE_PUBLIC_HEADERS_FOLDER_PATH\=Headers
    export CACHE_ROOT\=/var/folders/p3/qv3pwhyn1njgqlcyk_px59gr0000gn/C/com.apple.DeveloperTools/26.0.1-17A400/Xcode
    export CCHROOT\=/var/folders/p3/qv3pwhyn1njgqlcyk_px59gr0000gn/C/com.apple.DeveloperTools/26.0.1-17A400/Xcode
    export CHMOD\=/bin/chmod
    export CHOWN\=/usr/sbin/chown
    export CLANG_ANALYZER_LOCALIZABILITY_NONLOCALIZED\=YES
    export CLANG_CACHE_FINE_GRAINED_OUTPUTS\=YES
    export CLANG_CXX_LANGUAGE_STANDARD\=c++20
    export CLANG_CXX_LIBRARY\=libc++
    export CLANG_ENABLE_EXPLICIT_MODULES\=YES
    export CLANG_ENABLE_MODULES\=YES
    export CLANG_ENABLE_OBJC_ARC\=YES
    export CLANG_MODULES_BUILD_SESSION_FILE\=/Users/myfuckingmacbookair/Documents/GitHub/bindery/ios/build/ModuleCache.noindex/Session.modulevalidation
    export CLANG_WARN_BLOCK_CAPTURE_AUTORELEASING\=YES
    export CLANG_WARN_BOOL_CONVERSION\=YES
    export CLANG_WARN_COMMA\=YES
    export CLANG_WARN_CONSTANT_CONVERSION\=YES
    export CLANG_WARN_DEPRECATED_OBJC_IMPLEMENTATIONS\=YES
    export CLANG_WARN_DIRECT_OBJC_ISA_USAGE\=YES_ERROR
    export CLANG_WARN_EMPTY_BODY\=YES
    export CLANG_WARN_ENUM_CONVERSION\=YES
    export CLANG_WARN_INFINITE_RECURSION\=YES
    export CLANG_WARN_INT_CONVERSION\=YES
    export CLANG_WARN_NON_LITERAL_NULL_CONVERSION\=YES
    export CLANG_WARN_OBJC_IMPLICIT_RETAIN_SELF\=YES
    export CLANG_WARN_OBJC_LITERAL_CONVERSION\=YES
    export CLANG_WARN_OBJC_ROOT_CLASS\=YES_ERROR
    export CLANG_WARN_QUOTED_INCLUDE_IN_FRAMEWORK_HEADER\=NO
    export CLANG_WARN_RANGE_LOOP_ANALYSIS\=YES
    export CLANG_WARN_STRICT_PROTOTYPES\=YES
    export CLANG_WARN_SUSPICIOUS_MOVE\=YES
    export CLANG_WARN_UNREACHABLE_CODE\=YES
    export CLANG_WARN__DUPLICATE_METHOD_MATCH\=YES
    export CLASS_FILE_DIR\=/Users/myfuckingmacbookair/Documents/GitHub/bindery/ios/build/Build/Intermediates.noindex/TheBindery.build/Release-iphonesimulator/TheBindery.build/JavaClasses
    export CLEAN_PRECOMPS\=YES
    export CLONE_HEADERS\=NO
    export CODESIGNING_FOLDER_PATH\=/Users/myfuckingmacbookair/Documents/GitHub/bindery/ios/build/Build/Products/Release-iphonesimulator/TheBindery.app
    export CODE_SIGNING_ALLOWED\=YES
    export CODE_SIGNING_REQUIRED\=YES
    export CODE_SIGN_CONTEXT_CLASS\=XCiPhoneSimulatorCodeSignContext
    export CODE_SIGN_ENTITLEMENTS\=TheBindery/TheBindery.entitlements
    export CODE_SIGN_IDENTITY\=-
    export CODE_SIGN_INJECT_BASE_ENTITLEMENTS\=YES
    export COLOR_DIAGNOSTICS\=NO
    export COMBINE_HIDPI_IMAGES\=NO
    export COMPILATION_CACHE_CAS_PATH\=/Users/myfuckingmacbookair/Documents/GitHub/bindery/ios/build/CompilationCache.noindex
    export COMPILATION_CACHE_KEEP_CAS_DIRECTORY\=YES
    export COMPILER_INDEX_STORE_ENABLE\=Default
    export COMPOSITE_SDK_DIRS\=/Users/myfuckingmacbookair/Documents/GitHub/bindery/ios/build/Build/Intermediates.noindex/CompositeSDKs
    export COMPRESS_PNG_FILES\=YES
    export CONFIGURATION\=Release
    export CONFIGURATION_BUILD_DIR\=/Users/myfuckingmacbookair/Documents/GitHub/bindery/ios/build/Build/Products/Release-iphonesimulator
    export CONFIGURATION_TEMP_DIR\=/Users/myfuckingmacbookair/Documents/GitHub/bindery/ios/build/Build/Intermediates.noindex/TheBindery.build/Release-iphonesimulator
    export CONTENTS_FOLDER_PATH\=TheBindery.app
    export CONTENTS_FOLDER_PATH_SHALLOW_BUNDLE_NO\=TheBindery.app/Contents
    export CONTENTS_FOLDER_PATH_SHALLOW_BUNDLE_YES\=TheBindery.app
    export COPYING_PRESERVES_HFS_DATA\=NO
    export COPY_HEADERS_RUN_UNIFDEF\=NO
    export COPY_PHASE_STRIP\=YES
    export CORRESPONDING_DEVICE_PLATFORM_DIR\=/Applications/Xcode.app/Contents/Developer/Platforms/iPhoneOS.platform
    export CORRESPONDING_DEVICE_PLATFORM_NAME\=iphoneos
    export CORRESPONDING_DEVICE_SDK_DIR\=/Applications/Xcode.app/Contents/Developer/Platforms/iPhoneOS.platform/Developer/SDKs/iPhoneOS26.0.sdk
    export CORRESPONDING_DEVICE_SDK_NAME\=iphoneos26.0
    export CP\=/bin/cp
    export CREATE_INFOPLIST_SECTION_IN_BINARY\=NO
    export CURRENT_ARCH\=undefined_arch
    export CURRENT_PROJECT_VERSION\=1
    export CURRENT_VARIANT\=normal
    export DEAD_CODE_STRIPPING\=YES
    export DEBUGGING_SYMBOLS\=YES
    export DEBUG_INFORMATION_FORMAT\=dwarf-with-dsym
    export DEBUG_INFORMATION_VERSION\=compiler-default
    export DEFAULT_COMPILER\=com.apple.compilers.llvm.clang.1_0
    export DEFAULT_DEXT_INSTALL_PATH\=/System/Library/DriverExtensions
    export DEFAULT_KEXT_INSTALL_PATH\=/System/Library/Extensions
    export DEFINES_MODULE\=NO
    export DEPLOYMENT_LOCATION\=NO
    export DEPLOYMENT_POSTPROCESSING\=NO
    export DEPLOYMENT_TARGET_SETTING_NAME\=IPHONEOS_DEPLOYMENT_TARGET
    export DEPLOYMENT_TARGET_SUGGESTED_VALUES\=12.0\ 12.1\ 12.2\ 12.3\ 12.4\ 13.0\ 13.1\ 13.2\ 13.3\ 13.4\ 13.5\ 13.6\ 14.0\ 14.1\ 14.2\ 14.3\ 14.4\ 14.5\ 14.6\ 14.7\ 15.0\ 15.1\ 15.2\ 15.3\ 15.4\ 15.5\ 15.6\ 16.0\ 16.1\ 16.2\ 16.3\ 16.4\ 16.5\ 16.6\ 17.0\ 17.1\ 17.2\ 17.3\ 17.4\ 17.5\ 17.6\ 18.0\ 18.1\ 18.2\ 18.3\ 18.4\ 18.5\ 18.6\ 26.0
    export DERIVED_FILES_DIR\=/Users/myfuckingmacbookair/Documents/GitHub/bindery/ios/build/Build/Intermediates.noindex/TheBindery.build/Release-iphonesimulator/TheBindery.build/DerivedSources
    export DERIVED_FILE_DIR\=/Users/myfuckingmacbookair/Documents/GitHub/bindery/ios/build/Build/Intermediates.noindex/TheBindery.build/Release-iphonesimulator/TheBindery.build/DerivedSources
    export DERIVED_SOURCES_DIR\=/Users/myfuckingmacbookair/Documents/GitHub/bindery/ios/build/Build/Intermediates.noindex/TheBindery.build/Release-iphonesimulator/TheBindery.build/DerivedSources
    export DEVELOPER_APPLICATIONS_DIR\=/Applications/Xcode.app/Contents/Developer/Applications
    export DEVELOPER_BIN_DIR\=/Applications/Xcode.app/Contents/Developer/usr/bin
    export DEVELOPER_DIR\=/Applications/Xcode.app/Contents/Developer
    export DEVELOPER_FRAMEWORKS_DIR\=/Applications/Xcode.app/Contents/Developer/Library/Frameworks
    export DEVELOPER_FRAMEWORKS_DIR_QUOTED\=/Applications/Xcode.app/Contents/Developer/Library/Frameworks
    export DEVELOPER_LIBRARY_DIR\=/Applications/Xcode.app/Contents/Developer/Library
    export DEVELOPER_SDK_DIR\=/Applications/Xcode.app/Contents/Developer/Platforms/MacOSX.platform/Developer/SDKs
    export DEVELOPER_TOOLS_DIR\=/Applications/Xcode.app/Contents/Developer/Tools
    export DEVELOPER_USR_DIR\=/Applications/Xcode.app/Contents/Developer/usr
    export DEVELOPMENT_LANGUAGE\=en
    export DIAGNOSE_MISSING_TARGET_DEPENDENCIES\=YES
    export DIFF\=/usr/bin/diff
    export DOCUMENTATION_FOLDER_PATH\=TheBindery.app/en.lproj/Documentation
    export DONT_GENERATE_INFOPLIST_FILE\=NO
    export DSTROOT\=/tmp/TheBindery.dst
    export DT_TOOLCHAIN_DIR\=/Applications/Xcode.app/Contents/Developer/Toolchains/XcodeDefault.xctoolchain
    export DWARF_DSYM_FILE_NAME\=TheBindery.app.dSYM
    export DWARF_DSYM_FILE_SHOULD_ACCOMPANY_PRODUCT\=NO
    export DWARF_DSYM_FOLDER_PATH\=/Users/myfuckingmacbookair/Documents/GitHub/bindery/ios/build/Build/Products/Release-iphonesimulator
    export DYNAMIC_LIBRARY_EXTENSION\=dylib
    export EAGER_COMPILATION_ALLOW_SCRIPTS\=NO
    export EAGER_LINKING\=NO
    export EFFECTIVE_PLATFORM_NAME\=-iphonesimulator
    export EMBEDDED_CONTENT_CONTAINS_SWIFT\=NO
    export EMBED_ASSET_PACKS_IN_PRODUCT_BUNDLE\=NO
    export ENABLE_APP_SANDBOX\=NO
    export ENABLE_CODE_COVERAGE\=YES
    export ENABLE_CPLUSPLUS_BOUNDS_SAFE_BUFFERS\=NO
    export ENABLE_C_BOUNDS_SAFETY\=NO
    export ENABLE_DEBUG_DYLIB\=NO
    export ENABLE_DEFAULT_HEADER_SEARCH_PATHS\=YES
    export ENABLE_DEFAULT_SEARCH_PATHS\=YES
    export ENABLE_ENHANCED_SECURITY\=NO
    export ENABLE_HARDENED_RUNTIME\=NO
    export ENABLE_HEADER_DEPENDENCIES\=YES
    export ENABLE_INCOMING_NETWORK_CONNECTIONS\=NO
    export ENABLE_NS_ASSERTIONS\=NO
    export ENABLE_ON_DEMAND_RESOURCES\=YES
    export ENABLE_OUTGOING_NETWORK_CONNECTIONS\=NO
    export ENABLE_POINTER_AUTHENTICATION\=NO
    export ENABLE_PREVIEWS\=NO
    export ENABLE_RESOURCE_ACCESS_AUDIO_INPUT\=NO
    export ENABLE_RESOURCE_ACCESS_BLUETOOTH\=NO
    export ENABLE_RESOURCE_ACCESS_CALENDARS\=NO
    export ENABLE_RESOURCE_ACCESS_CAMERA\=NO
    export ENABLE_RESOURCE_ACCESS_CONTACTS\=NO
    export ENABLE_RESOURCE_ACCESS_LOCATION\=NO
    export ENABLE_RESOURCE_ACCESS_PHOTO_LIBRARY\=NO
    export ENABLE_RESOURCE_ACCESS_PRINTING\=NO
    export ENABLE_RESOURCE_ACCESS_USB\=NO
    export ENABLE_SDK_IMPORTS\=NO
    export ENABLE_SECURITY_COMPILER_WARNINGS\=NO
    export ENABLE_STRICT_OBJC_MSGSEND\=YES
    export ENABLE_TESTABILITY\=NO
    export ENABLE_TESTING_SEARCH_PATHS\=NO
    export ENABLE_USER_SCRIPT_SANDBOXING\=NO
    export ENABLE_XOJIT_PREVIEWS\=NO
    export ENFORCE_VALID_ARCHS\=YES
    export ENTITLEMENTS_ALLOWED\=NO
    export ENTITLEMENTS_DESTINATION\=__entitlements
    export ENTITLEMENTS_REQUIRED\=NO
    export EXCLUDED_INSTALLSRC_SUBDIRECTORY_PATTERNS\=.DS_Store\ .svn\ .git\ .hg\ CVS
    export EXCLUDED_RECURSIVE_SEARCH_PATH_SUBDIRECTORIES\=\*.nib\ \*.lproj\ \*.framework\ \*.gch\ \*.xcode\*\ \*.xcassets\ \*.icon\ \(\*\)\ .DS_Store\ CVS\ .svn\ .git\ .hg\ \*.pbproj\ \*.pbxproj
    export EXECUTABLES_FOLDER_PATH\=TheBindery.app/Executables
    export EXECUTABLE_FOLDER_PATH\=TheBindery.app
    export EXECUTABLE_FOLDER_PATH_SHALLOW_BUNDLE_NO\=TheBindery.app/MacOS
    export EXECUTABLE_FOLDER_PATH_SHALLOW_BUNDLE_YES\=TheBindery.app
    export EXECUTABLE_NAME\=TheBindery
    export EXECUTABLE_PATH\=TheBindery.app/TheBindery
    export EXPANDED_CODE_SIGN_IDENTITY\=-
    export EXPANDED_CODE_SIGN_IDENTITY_NAME\=Sign\ to\ Run\ Locally
    export EXTENSIONS_FOLDER_PATH\=TheBindery.app/Extensions
    export FILE_LIST\=/Users/myfuckingmacbookair/Documents/GitHub/bindery/ios/build/Build/Intermediates.noindex/TheBindery.build/Release-iphonesimulator/TheBindery.build/Objects/LinkFileList
    export FIXED_FILES_DIR\=/Users/myfuckingmacbookair/Documents/GitHub/bindery/ios/build/Build/Intermediates.noindex/TheBindery.build/Release-iphonesimulator/TheBindery.build/FixedFiles
    export FRAMEWORKS_FOLDER_PATH\=TheBindery.app/Frameworks
    export FRAMEWORK_FLAG_PREFIX\=-framework
    export FRAMEWORK_SEARCH_PATHS\=/Users/myfuckingmacbookair/Documents/GitHub/bindery/ios/build/Build/Products/Release-iphonesimulator\ \ \"/Users/myfuckingmacbookair/Documents/GitHub/bindery/ios/Pods/../../node_modules/expo-modules-jsi/apple/Products\"\ \"/Users/myfuckingmacbookair/Documents/GitHub/bindery/ios/Pods/ExpoFileSystem\"\ \"/Users/myfuckingmacbookair/Documents/GitHub/bindery/ios/Pods/ExpoFont\"\ \"/Users/myfuckingmacbookair/Documents/GitHub/bindery/ios/Pods/ExpoModulesCore\"\ \"/Users/myfuckingmacbookair/Documents/GitHub/bindery/ios/Pods/ExpoModulesWorklets\"\ \"/Users/myfuckingmacbookair/Documents/GitHub/bindery/ios/Pods/React-Core-prebuilt\"\ \"/Users/myfuckingmacbookair/Documents/GitHub/bindery/ios/Pods/ReactNativeDependencies/framework/packages/react-native\"\ \"/Users/myfuckingmacbookair/Documents/GitHub/bindery/ios/Pods/hermes-engine/destroot/Library/Frameworks/universal\"\ \"/Users/myfuckingmacbookair/Documents/GitHub/bindery/ios/build/Build/Products/Release-iphonesimulator/XCFrameworkIntermediates/ExpoFileSystem\"\ \"/Users/myfuckingmacbookair/Documents/GitHub/bindery/ios/build/Build/Products/Release-iphonesimulator/XCFrameworkIntermediates/ExpoFont\"\ \"/Users/myfuckingmacbookair/Documents/GitHub/bindery/ios/build/Build/Products/Release-iphonesimulator/XCFrameworkIntermediates/ExpoModulesCore\"\ \"/Users/myfuckingmacbookair/Documents/GitHub/bindery/ios/build/Build/Products/Release-iphonesimulator/XCFrameworkIntermediates/ExpoModulesJSI\"\ \"/Users/myfuckingmacbookair/Documents/GitHub/bindery/ios/build/Build/Products/Release-iphonesimulator/XCFrameworkIntermediates/ExpoModulesWorklets\"\ \"/Users/myfuckingmacbookair/Documents/GitHub/bindery/ios/build/Build/Products/Release-iphonesimulator/XCFrameworkIntermediates/React-Core-prebuilt\"\ \"/Users/myfuckingmacbookair/Documents/GitHub/bindery/ios/build/Build/Products/Release-iphonesimulator/XCFrameworkIntermediates/ReactNativeDependencies\"\ \"/Users/myfuckingmacbookair/Documents/GitHub/bindery/ios/build/Build/Products/Release-iphonesimulator/XCFrameworkIntermediates/hermes-engine/Pre-built\"
    export FRAMEWORK_VERSION\=A
    export FULL_PRODUCT_NAME\=TheBindery.app
    export FUSE_BUILD_PHASES\=YES
    export FUSE_BUILD_SCRIPT_PHASES\=NO
    export GCC3_VERSION\=3.3
    export GCC_C_LANGUAGE_STANDARD\=gnu99
    export GCC_DYNAMIC_NO_PIC\=NO
    export GCC_INLINES_ARE_PRIVATE_EXTERN\=YES
    export GCC_NO_COMMON_BLOCKS\=YES
    export GCC_OBJC_LEGACY_DISPATCH\=YES
    export GCC_PFE_FILE_C_DIALECTS\=c\ objective-c\ c++\ objective-c++
    export GCC_PREPROCESSOR_DEFINITIONS\=\ COCOAPODS\=1
    export GCC_SYMBOLS_PRIVATE_EXTERN\=YES
    export GCC_TREAT_WARNINGS_AS_ERRORS\=NO
    export GCC_VERSION\=com.apple.compilers.llvm.clang.1_0
    export GCC_VERSION_IDENTIFIER\=com_apple_compilers_llvm_clang_1_0
    export GCC_WARN_64_TO_32_BIT_CONVERSION\=YES
    export GCC_WARN_ABOUT_RETURN_TYPE\=YES_ERROR
    export GCC_WARN_UNDECLARED_SELECTOR\=YES
    export GCC_WARN_UNINITIALIZED_AUTOS\=YES_AGGRESSIVE
    export GCC_WARN_UNUSED_FUNCTION\=YES
    export GCC_WARN_UNUSED_VARIABLE\=YES
    export GENERATED_MODULEMAP_DIR\=/Users/myfuckingmacbookair/Documents/GitHub/bindery/ios/build/Build/Intermediates.noindex/GeneratedModuleMaps-iphonesimulator
    export GENERATE_INFOPLIST_FILE\=NO
    export GENERATE_INTERMEDIATE_TEXT_BASED_STUBS\=YES
    export GENERATE_PKGINFO_FILE\=YES
    export GENERATE_PRELINK_OBJECT_FILE\=NO
    export GENERATE_PROFILING_CODE\=NO
    export GENERATE_TEXT_BASED_STUBS\=NO
    export GID\=20
    export GROUP\=staff
    export HEADERMAP_INCLUDES_FLAT_ENTRIES_FOR_TARGET_BEING_BUILT\=YES
    export HEADERMAP_INCLUDES_FRAMEWORK_ENTRIES_FOR_ALL_PRODUCT_TYPES\=YES
    export HEADERMAP_INCLUDES_FRAMEWORK_ENTRIES_FOR_TARGETS_NOT_BEING_BUILT\=YES
    export HEADERMAP_INCLUDES_NONPUBLIC_NONPRIVATE_HEADERS\=YES
    export HEADERMAP_INCLUDES_PROJECT_HEADERS\=YES
    export HEADERMAP_USES_FRAMEWORK_PREFIX_ENTRIES\=YES
    export HEADERMAP_USES_VFS\=NO
    export HEADER_SEARCH_PATHS\=/Users/myfuckingmacbookair/Documents/GitHub/bindery/ios/build/Build/Products/Release-iphonesimulator/include\ \ \"/Users/myfuckingmacbookair/Documents/GitHub/bindery/ios/Pods/Headers/Public\"\ \"/Users/myfuckingmacbookair/Documents/GitHub/bindery/ios/Pods/Headers/Public/EXConstants\"\ \"/Users/myfuckingmacbookair/Documents/GitHub/bindery/ios/Pods/Headers/Public/EXJSONUtils\"\ \"/Users/myfuckingmacbookair/Documents/GitHub/bindery/ios/Pods/Headers/Public/Expo\"\ \"/Users/myfuckingmacbookair/Documents/GitHub/bindery/ios/Pods/Headers/Public/ExpoSQLite\"\ \"/Users/myfuckingmacbookair/Documents/GitHub/bindery/ios/Pods/Headers/Public/FBLazyVector\"\ \"/Users/myfuckingmacbookair/Documents/GitHub/bindery/ios/Pods/Headers/Public/PurchasesHybridCommon\"\ \"/Users/myfuckingmacbookair/Documents/GitHub/bindery/ios/Pods/Headers/Public/RCTDeprecation\"\ \"/Users/myfuckingmacbookair/Documents/GitHub/bindery/ios/Pods/Headers/Public/RCTRequired\"\ \"/Users/myfuckingmacbookair/Documents/GitHub/bindery/ios/Pods/Headers/Public/RCTSwiftUIWrapper\"\ \"/Users/myfuckingmacbookair/Documents/GitHub/bindery/ios/Pods/Headers/Public/RCTTypeSafety\"\ \"/Users/myfuckingmacbookair/Documents/GitHub/bindery/ios/Pods/Headers/Public/RNPurchases\"\ \"/Users/myfuckingmacbookair/Documents/GitHub/bindery/ios/Pods/Headers/Public/React-Core\"\ \"/Users/myfuckingmacbookair/Documents/GitHub/bindery/ios/Pods/Headers/Public/React-Core-prebuilt\"\ \"/Users/myfuckingmacbookair/Documents/GitHub/bindery/ios/Pods/Headers/Public/React-CoreModules\"\ \"/Users/myfuckingmacbookair/Documents/GitHub/bindery/ios/Pods/Headers/Public/React-Fabric\"\ \"/Users/myfuckingmacbookair/Documents/GitHub/bindery/ios/Pods/Headers/Public/React-FabricComponents\"\ \"/Users/myfuckingmacbookair/Documents/GitHub/bindery/ios/Pods/Headers/Public/React-FabricImage\"\ \"/Users/myfuckingmacbookair/Documents/GitHub/bindery/ios/Pods/Headers/Public/React-ImageManager\"\ \"/Users/myfuckingmacbookair/Documents/GitHub/bindery/ios/Pods/Headers/Public/React-Mapbuffer\"\ \"/Users/myfuckingmacbookair/Documents/GitHub/bindery/ios/Pods/Headers/Public/React-NativeModulesApple\"\ \"/Users/myfuckingmacbookair/Documents/GitHub/bindery/ios/Pods/Headers/Public/React-RCTAnimation\"\ \"/Users/myfuckingmacbookair/Documents/GitHub/bindery/ios/Pods/Headers/Public/React-RCTAppDelegate\"\ \"/Users/myfuckingmacbookair/Documents/GitHub/bindery/ios/Pods/Headers/Public/React-RCTBlob\"\ \"/Users/myfuckingmacbookair/Documents/GitHub/bindery/ios/Pods/Headers/Public/React-RCTFBReactNativeSpec\"\ \"/Users/myfuckingmacbookair/Documents/GitHub/bindery/ios/Pods/Headers/Public/React-RCTFabric\"\ \"/Users/myfuckingmacbookair/Documents/GitHub/bindery/ios/Pods/Headers/Public/React-RCTImage\"\ \"/Users/myfuckingmacbookair/Documents/GitHub/bindery/ios/Pods/Headers/Public/React-RCTRuntime\"\ \"/Users/myfuckingmacbookair/Documents/GitHub/bindery/ios/Pods/Headers/Public/React-RCTSettings\"\ \"/Users/myfuckingmacbookair/Documents/GitHub/bindery/ios/Pods/Headers/Public/React-RCTText\"\ \"/Users/myfuckingmacbookair/Documents/GitHub/bindery/ios/Pods/Headers/Public/React-RCTVibration\"\ \"/Users/myfuckingmacbookair/Documents/GitHub/bindery/ios/Pods/Headers/Public/React-RuntimeApple\"\ \"/Users/myfuckingmacbookair/Documents/GitHub/bindery/ios/Pods/Headers/Public/React-RuntimeCore\"\ \"/Users/myfuckingmacbookair/Documents/GitHub/bindery/ios/Pods/Headers/Public/React-RuntimeHermes\"\ \"/Users/myfuckingmacbookair/Documents/GitHub/bindery/ios/Pods/Headers/Public/React-callinvoker\"\ \"/Users/myfuckingmacbookair/Documents/GitHub/bindery/ios/Pods/Headers/Public/React-cxxreact\"\ \"/Users/myfuckingmacbookair/Documents/GitHub/bindery/ios/Pods/Headers/Public/React-debug\"\ \"/Users/myfuckingmacbookair/Documents/GitHub/bindery/ios/Pods/Headers/Public/React-defaultsnativemodule\"\ \"/Users/myfuckingmacbookair/Documents/GitHub/bindery/ios/Pods/Headers/Public/React-domnativemodule\"\ \"/Users/myfuckingmacbookair/Documents/GitHub/bindery/ios/Pods/Headers/Public/React-featureflags\"\ \"/Users/myfuckingmacbookair/Documents/GitHub/bindery/ios/Pods/Headers/Public/React-featureflagsnativemodule\"\ \"/Users/myfuckingmacbookair/Documents/GitHub/bindery/ios/Pods/Headers/Public/React-graphics\"\ \"/Users/myfuckingmacbookair/Documents/GitHub/bindery/ios/Pods/Headers/Public/React-hermes\"\ \"/Users/myfuckingmacbookair/Documents/GitHub/bindery/ios/Pods/Headers/Public/React-idlecallbacksnativemodule\"\ \"/Users/myfuckingmacbookair/Documents/GitHub/bindery/ios/Pods/Headers/Public/React-intersectionobservernativemodule\"\ \"/Users/myfuckingmacbookair/Documents/GitHub/bindery/ios/Pods/Headers/Public/React-jserrorhandler\"\ \"/Users/myfuckingmacbookair/Documents/GitHub/bindery/ios/Pods/Headers/Public/React-jsi\"\ \"/Users/myfuckingmacbookair/Documents/GitHub/bindery/ios/Pods/Headers/Public/React-jsiexecutor\"\ \"/Users/myfuckingmacbookair/Documents/GitHub/bindery/ios/Pods/Headers/Public/React-jsinspector\"\ \"/Users/myfuckingmacbookair/Documents/GitHub/bindery/ios/Pods/Headers/Public/React-jsinspectorcdp\"\ \"/Users/myfuckingmacbookair/Documents/GitHub/bindery/ios/Pods/Headers/Public/React-jsinspectornetwork\"\ \"/Users/myfuckingmacbookair/Documents/GitHub/bindery/ios/Pods/Headers/Public/React-jsinspectortracing\"\ \"/Users/myfuckingmacbookair/Documents/GitHub/bindery/ios/Pods/Headers/Public/React-jsitooling\"\ \"/Users/myfuckingmacbookair/Documents/GitHub/bindery/ios/Pods/Headers/Public/React-logger\"\ \"/Users/myfuckingmacbookair/Documents/GitHub/bindery/ios/Pods/Headers/Public/React-microtasksnativemodule\"\ \"/Users/myfuckingmacbookair/Documents/GitHub/bindery/ios/Pods/Headers/Public/React-mutationobservernativemodule\"\ \"/Users/myfuckingmacbookair/Documents/GitHub/bindery/ios/Pods/Headers/Public/React-networking\"\ \"/Users/myfuckingmacbookair/Documents/GitHub/bindery/ios/Pods/Headers/Public/React-oscompat\"\ \"/Users/myfuckingmacbookair/Documents/GitHub/bindery/ios/Pods/Headers/Public/React-perflogger\"\ \"/Users/myfuckingmacbookair/Documents/GitHub/bindery/ios/Pods/Headers/Public/React-performancecdpmetrics\"\ \"/Users/myfuckingmacbookair/Documents/GitHub/bindery/ios/Pods/Headers/Public/React-performancetimeline\"\ \"/Users/myfuckingmacbookair/Documents/GitHub/bindery/ios/Pods/Headers/Public/React-rendererconsistency\"\ \"/Users/myfuckingmacbookair/Documents/GitHub/bindery/ios/Pods/Headers/Public/React-renderercss\"\ \"/Users/myfuckingmacbookair/Documents/GitHub/bindery/ios/Pods/Headers/Public/React-rendererdebug\"\ \"/Users/myfuckingmacbookair/Documents/GitHub/bindery/ios/Pods/Headers/Public/React-runtimeexecutor\"\ \"/Users/myfuckingmacbookair/Documents/GitHub/bindery/ios/Pods/Headers/Public/React-runtimescheduler\"\ \"/Users/myfuckingmacbookair/Documents/GitHub/bindery/ios/Pods/Headers/Public/React-timing\"\ \"/Users/myfuckingmacbookair/Documents/GitHub/bindery/ios/Pods/Headers/Public/React-utils\"\ \"/Users/myfuckingmacbookair/Documents/GitHub/bindery/ios/Pods/Headers/Public/React-viewtransitionnativemodule\"\ \"/Users/myfuckingmacbookair/Documents/GitHub/bindery/ios/Pods/Headers/Public/React-webperformancenativemodule\"\ \"/Users/myfuckingmacbookair/Documents/GitHub/bindery/ios/Pods/Headers/Public/ReactAppDependencyProvider\"\ \"/Users/myfuckingmacbookair/Documents/GitHub/bindery/ios/Pods/Headers/Public/ReactCodegen\"\ \"/Users/myfuckingmacbookair/Documents/GitHub/bindery/ios/Pods/Headers/Public/ReactCommon\"\ \"/Users/myfuckingmacbookair/Documents/GitHub/bindery/ios/Pods/Headers/Public/ReactNativeDependencies\"\ \"/Users/myfuckingmacbookair/Documents/GitHub/bindery/ios/Pods/Headers/Public/Yoga\"\ \"/Users/myfuckingmacbookair/Documents/GitHub/bindery/ios/Pods/Headers/Public/expo-dev-launcher\"\ \"/Users/myfuckingmacbookair/Documents/GitHub/bindery/ios/Pods/Headers/Public/expo-dev-menu\"\ \"/Users/myfuckingmacbookair/Documents/GitHub/bindery/ios/Pods/Headers/Public/hermes-engine\"\ \"/Users/myfuckingmacbookair/Documents/GitHub/bindery/ios/build/Build/Products/Release-iphonesimulator/EXManifests/Swift\ Compatibility\ Header\"\ \"/Users/myfuckingmacbookair/Documents/GitHub/bindery/ios/build/Build/Products/Release-iphonesimulator/EXUpdatesInterface/Swift\ Compatibility\ Header\"\ \"/Users/myfuckingmacbookair/Documents/GitHub/bindery/ios/build/Build/Products/Release-iphonesimulator/Expo/Swift\ Compatibility\ Header\"\ \"/Users/myfuckingmacbookair/Documents/GitHub/bindery/ios/Pods/Headers/Private/Yoga\"\ \"/Users/myfuckingmacbookair/Documents/GitHub/bindery/ios/build/Build/Products/Release-iphonesimulator/ExpoModulesCore/Swift\ Compatibility\ Header\"\ \"/Users/myfuckingmacbookair/Documents/GitHub/bindery/ios/Pods/Headers/Private/Yoga\"\ \"/Users/myfuckingmacbookair/Documents/GitHub/bindery/ios/Pods/Headers/Private/React-Core\"\ \"/Users/myfuckingmacbookair/Documents/GitHub/bindery/ios/Pods/Headers/Private/React-Core\"\ \"/Users/myfuckingmacbookair/Documents/GitHub/bindery/ios/Pods/Headers/Private/Yoga\"\ \"/Users/myfuckingmacbookair/Documents/GitHub/bindery/ios/build/Build/Products/Release-iphonesimulator/expo-dev-menu-interface/Swift\ Compatibility\ Header\"\ \"/Users/myfuckingmacbookair/Documents/GitHub/bindery/ios/Pods/ExpoModulesCore/ExpoModulesCore.xcframework/ios-arm64_x86_64-simulator/ExpoModulesCore.framework/Headers\"\ \"/Users/myfuckingmacbookair/Documents/GitHub/bindery/ios/Pods/ExpoModulesCore/ExpoModulesCore.xcframework/ios-arm64/ExpoModulesCore.framework/Headers\"
    export HERMES_CLI_PATH\=/Users/myfuckingmacbookair/Documents/GitHub/bindery/node_modules/hermes-compiler/hermesc/osx-bin/hermesc
    export HOME\=/Users/myfuckingmacbookair
    export HOST_ARCH\=x86_64
    export HOST_PLATFORM\=macosx
    export ICONV\=/usr/bin/iconv
    export IMPLICIT_DEPENDENCY_DOMAIN\=default
    export INFOPLIST_ENABLE_CFBUNDLEICONS_MERGE\=YES
    export INFOPLIST_EXPAND_BUILD_SETTINGS\=YES
    export INFOPLIST_FILE\=TheBindery/Info.plist
    export INFOPLIST_OUTPUT_FORMAT\=binary
    export INFOPLIST_PATH\=TheBindery.app/Info.plist
    export INFOPLIST_PREPROCESS\=NO
    export INFOSTRINGS_PATH\=TheBindery.app/en.lproj/InfoPlist.strings
    export INLINE_PRIVATE_FRAMEWORKS\=NO
    export INSTALLAPI_IGNORE_SKIP_INSTALL\=YES
    export INSTALLHDRS_COPY_PHASE\=NO
    export INSTALLHDRS_SCRIPT_PHASE\=NO
    export INSTALL_DIR\=/tmp/TheBindery.dst/Applications
    export INSTALL_GROUP\=staff
    export INSTALL_MODE_FLAG\=u+w,go-w,a+rX
    export INSTALL_OWNER\=myfuckingmacbookair
    export INSTALL_PATH\=/Applications
    export INSTALL_ROOT\=/tmp/TheBindery.dst
    export IPHONEOS_DEPLOYMENT_TARGET\=16.4
    export IS_UNOPTIMIZED_BUILD\=NO
    export JAVAC_DEFAULT_FLAGS\=-J-Xms64m\ -J-XX:NewSize\=4M\ -J-Dfile.encoding\=UTF8
    export JAVA_APP_STUB\=/System/Library/Frameworks/JavaVM.framework/Resources/MacOS/JavaApplicationStub
    export JAVA_ARCHIVE_CLASSES\=YES
    export JAVA_ARCHIVE_TYPE\=JAR
    export JAVA_COMPILER\=/usr/bin/javac
    export JAVA_FOLDER_PATH\=TheBindery.app/Java
    export JAVA_FRAMEWORK_RESOURCES_DIRS\=Resources
    export JAVA_JAR_FLAGS\=cv
    export JAVA_SOURCE_SUBDIR\=.
    export JAVA_USE_DEPENDENCIES\=YES
    export JAVA_ZIP_FLAGS\=-urg
    export JIKES_DEFAULT_FLAGS\=+E\ +OLDCSO
    export KEEP_PRIVATE_EXTERNS\=NO
    export LD_DEPENDENCY_INFO_FILE\=/Users/myfuckingmacbookair/Documents/GitHub/bindery/ios/build/Build/Intermediates.noindex/TheBindery.build/Release-iphonesimulator/TheBindery.build/Objects-normal/undefined_arch/TheBindery_dependency_info.dat
    export LD_ENTITLEMENTS_SECTION\=/Users/myfuckingmacbookair/Documents/GitHub/bindery/ios/build/Build/Intermediates.noindex/TheBindery.build/Release-iphonesimulator/TheBindery.build/TheBindery.app-Simulated.xcent
    export LD_ENTITLEMENTS_SECTION_DER\=/Users/myfuckingmacbookair/Documents/GitHub/bindery/ios/build/Build/Intermediates.noindex/TheBindery.build/Release-iphonesimulator/TheBindery.build/TheBindery.app-Simulated.xcent.der
    export LD_EXPORT_SYMBOLS\=YES
    export LD_GENERATE_MAP_FILE\=NO
    export LD_MAP_FILE_PATH\=/Users/myfuckingmacbookair/Documents/GitHub/bindery/ios/build/Build/Intermediates.noindex/TheBindery.build/Release-iphonesimulator/TheBindery.build/TheBindery-LinkMap-normal-undefined_arch.txt
    export LD_NO_PIE\=NO
    export LD_QUOTE_LINKER_ARGUMENTS_FOR_COMPILER_DRIVER\=YES
    export LD_RUNPATH_SEARCH_PATHS\=/usr/lib/swift\ \ /usr/lib/swift\ \'@executable_path/Frameworks\'\ \'@loader_path/Frameworks\'\ @executable_path/Frameworks
    export LD_RUNPATH_SEARCH_PATHS_YES\=@loader_path/../Frameworks
    export LD_SHARED_CACHE_ELIGIBLE\=Automatic
    export LD_WARN_DUPLICATE_LIBRARIES\=NO
    export LD_WARN_UNUSED_DYLIBS\=NO
    export LEGACY_DEVELOPER_DIR\=/Applications/Xcode.app/Contents/PlugIns/Xcode3Core.ideplugin/Contents/SharedSupport/Developer
    export LEX\=lex
    export LIBRARY_DEXT_INSTALL_PATH\=/Library/DriverExtensions
    export LIBRARY_FLAG_NOSPACE\=YES
    export LIBRARY_FLAG_PREFIX\=-l
    export LIBRARY_KEXT_INSTALL_PATH\=/Library/Extensions
    export LIBRARY_SEARCH_PATHS\=/Users/myfuckingmacbookair/Documents/GitHub/bindery/ios/build/Build/Products/Release-iphonesimulator\ /Applications/Xcode.app/Contents/Developer/Platforms/iPhoneSimulator.platform/Developer/SDKs/iPhoneSimulator26.0.sdk/usr/lib/swift\ /Users/myfuckingmacbookair/Documents/GitHub/bindery/ios/build/Build/Products/Release-iphonesimulator/EXConstants\ /Users/myfuckingmacbookair/Documents/GitHub/bindery/ios/build/Build/Products/Release-iphonesimulator/EXJSONUtils\ /Users/myfuckingmacbookair/Documents/GitHub/bindery/ios/build/Build/Products/Release-iphonesimulator/EXManifests\ /Users/myfuckingmacbookair/Documents/GitHub/bindery/ios/build/Build/Products/Release-iphonesimulator/EXUpdatesInterface\ /Users/myfuckingmacbookair/Documents/GitHub/bindery/ios/build/Build/Products/Release-iphonesimulator/Expo\ /Users/myfuckingmacbookair/Documents/GitHub/bindery/ios/build/Build/Products/Release-iphonesimulator/ExpoAsset\ /Users/myfuckingmacbookair/Documents/GitHub/bindery/ios/build/Build/Products/Release-iphonesimulator/ExpoDomWebView\ /Users/myfuckingmacbookair/Documents/GitHub/bindery/ios/build/Build/Products/Release-iphonesimulator/ExpoHaptics\ /Users/myfuckingmacbookair/Documents/GitHub/bindery/ios/build/Build/Products/Release-iphonesimulator/ExpoKeepAwake\ /Users/myfuckingmacbookair/Documents/GitHub/bindery/ios/build/Build/Products/Release-iphonesimulator/ExpoLogBox\ /Users/myfuckingmacbookair/Documents/GitHub/bindery/ios/build/Build/Products/Release-iphonesimulator/ExpoSQLite\ /Users/myfuckingmacbookair/Documents/GitHub/bindery/ios/build/Build/Products/Release-iphonesimulator/ExpoSplashScreen\ /Users/myfuckingmacbookair/Documents/GitHub/bindery/ios/build/Build/Products/Release-iphonesimulator/PurchasesHybridCommon\ /Users/myfuckingmacbookair/Documents/GitHub/bindery/ios/build/Build/Products/Release-iphonesimulator/RNPurchases\ /Users/myfuckingmacbookair/Documents/GitHub/bindery/ios/build/Build/Products/Release-iphonesimulator/ReactAppDependencyProvider\ /Users/myfuckingmacbookair/Documents/GitHub/bindery/ios/build/Build/Products/Release-iphonesimulator/ReactCodegen\ /Users/myfuckingmacbookair/Documents/GitHub/bindery/ios/build/Build/Products/Release-iphonesimulator/RevenueCat\ /Users/myfuckingmacbookair/Documents/GitHub/bindery/ios/build/Build/Products/Release-iphonesimulator/expo-dev-menu-interface\ /Applications/Xcode.app/Contents/Developer/Toolchains/XcodeDefault.xctoolchain/usr/lib/swift/iphonesimulator\ /Applications/Xcode.app/Contents/Developer/Platforms/iPhoneSimulator.platform/Developer/SDKs/iPhoneSimulator26.0.sdk/usr/lib/swift
    export LINKER_DISPLAYS_MANGLED_NAMES\=NO
    export LINK_FILE_LIST_normal_arm64\=/Users/myfuckingmacbookair/Documents/GitHub/bindery/ios/build/Build/Intermediates.noindex/TheBindery.build/Release-iphonesimulator/TheBindery.build/Objects-normal/arm64/TheBindery.LinkFileList
    export LINK_FILE_LIST_normal_x86_64\=/Users/myfuckingmacbookair/Documents/GitHub/bindery/ios/build/Build/Intermediates.noindex/TheBindery.build/Release-iphonesimulator/TheBindery.build/Objects-normal/x86_64/TheBindery.LinkFileList
    export LINK_OBJC_RUNTIME\=YES
    export LINK_WITH_STANDARD_LIBRARIES\=YES
    export LLVM_TARGET_TRIPLE_OS_VERSION\=ios16.4
    export LLVM_TARGET_TRIPLE_SUFFIX\=-simulator
    export LLVM_TARGET_TRIPLE_VENDOR\=apple
    export LM_AUX_CONST_METADATA_LIST_PATH_normal_arm64\=/Users/myfuckingmacbookair/Documents/GitHub/bindery/ios/build/Build/Intermediates.noindex/TheBindery.build/Release-iphonesimulator/TheBindery.build/Objects-normal/arm64/TheBindery.SwiftConstValuesFileList
    export LM_AUX_CONST_METADATA_LIST_PATH_normal_x86_64\=/Users/myfuckingmacbookair/Documents/GitHub/bindery/ios/build/Build/Intermediates.noindex/TheBindery.build/Release-iphonesimulator/TheBindery.build/Objects-normal/x86_64/TheBindery.SwiftConstValuesFileList
    export LOCALIZATION_EXPORT_SUPPORTED\=YES
    export LOCALIZATION_PREFERS_STRING_CATALOGS\=NO
    export LOCALIZED_RESOURCES_FOLDER_PATH\=TheBindery.app/en.lproj
    export LOCALIZED_STRING_MACRO_NAMES\=NSLocalizedString\ CFCopyLocalizedString
    export LOCALIZED_STRING_SWIFTUI_SUPPORT\=YES
    export LOCAL_ADMIN_APPS_DIR\=/Applications/Utilities
    export LOCAL_APPS_DIR\=/Applications
    export LOCAL_DEVELOPER_DIR\=/Library/Developer
    export LOCAL_LIBRARY_DIR\=/Library
    export LOCROOT\=/Users/myfuckingmacbookair/Documents/GitHub/bindery/ios
    export LOCSYMROOT\=/Users/myfuckingmacbookair/Documents/GitHub/bindery/ios
    export MACH_O_TYPE\=mh_execute
    export MAC_OS_X_PRODUCT_BUILD_VERSION\=25F80
    export MAC_OS_X_VERSION_ACTUAL\=260501
    export MAC_OS_X_VERSION_MAJOR\=260000
    export MAC_OS_X_VERSION_MINOR\=260500
    export MAKE_MERGEABLE\=NO
    export MARKETING_VERSION\=1.0
    export MERGEABLE_LIBRARY\=NO
    export MERGED_BINARY_TYPE\=none
    export MERGE_LINKED_LIBRARIES\=NO
    export METAL_LIBRARY_FILE_BASE\=default
    export METAL_LIBRARY_OUTPUT_DIR\=/Users/myfuckingmacbookair/Documents/GitHub/bindery/ios/build/Build/Products/Release-iphonesimulator/TheBindery.app
    export MODULES_FOLDER_PATH\=TheBindery.app/Modules
    export MODULE_CACHE_DIR\=/Users/myfuckingmacbookair/Documents/GitHub/bindery/ios/build/ModuleCache.noindex
    export MTL_ENABLE_DEBUG_INFO\=NO
    export NATIVE_ARCH\=x86_64
    export NATIVE_ARCH_32_BIT\=i386
    export NATIVE_ARCH_64_BIT\=x86_64
    export NATIVE_ARCH_ACTUAL\=x86_64
    export NO_COMMON\=YES
    export OBJC_ABI_VERSION\=2
    export OBJECT_FILE_DIR\=/Users/myfuckingmacbookair/Documents/GitHub/bindery/ios/build/Build/Intermediates.noindex/TheBindery.build/Release-iphonesimulator/TheBindery.build/Objects
    export OBJECT_FILE_DIR_normal\=/Users/myfuckingmacbookair/Documents/GitHub/bindery/ios/build/Build/Intermediates.noindex/TheBindery.build/Release-iphonesimulator/TheBindery.build/Objects-normal
    export OBJROOT\=/Users/myfuckingmacbookair/Documents/GitHub/bindery/ios/build/Build/Intermediates.noindex
    export ONLY_ACTIVE_ARCH\=NO
    export OS\=MACOS
    export OSAC\=/usr/bin/osacompile
    export OTHER_CFLAGS\=\ -DRCT_REMOVE_LEGACY_ARCH\=1\ -fmodule-map-file\=\"/Users/myfuckingmacbookair/Documents/GitHub/bindery/ios/build/Build/Products/Release-iphonesimulator/EXConstants/EXConstants.modulemap\"\ -fmodule-map-file\=\"/Users/myfuckingmacbookair/Documents/GitHub/bindery/ios/build/Build/Products/Release-iphonesimulator/EXManifests/EXManifests.modulemap\"\ -fmodule-map-file\=\"/Users/myfuckingmacbookair/Documents/GitHub/bindery/ios/build/Build/Products/Release-iphonesimulator/EXUpdatesInterface/EXUpdatesInterface.modulemap\"\ -fmodule-map-file\=\"/Users/myfuckingmacbookair/Documents/GitHub/bindery/ios/build/Build/Products/Release-iphonesimulator/Expo/Expo.modulemap\"\ -fmodule-map-file\=\"/Users/myfuckingmacbookair/Documents/GitHub/bindery/ios/build/Build/Products/Release-iphonesimulator/ExpoAsset/ExpoAsset.modulemap\"\ -fmodule-map-file\=\"/Users/myfuckingmacbookair/Documents/GitHub/bindery/ios/build/Build/Products/Release-iphonesimulator/ExpoDomWebView/ExpoDomWebView.modulemap\"\ -fmodule-map-file\=\"/Users/myfuckingmacbookair/Documents/GitHub/bindery/ios/build/Build/Products/Release-iphonesimulator/ExpoHaptics/ExpoHaptics.modulemap\"\ -fmodule-map-file\=\"/Users/myfuckingmacbookair/Documents/GitHub/bindery/ios/build/Build/Products/Release-iphonesimulator/ExpoKeepAwake/ExpoKeepAwake.modulemap\"\ -fmodule-map-file\=\"/Users/myfuckingmacbookair/Documents/GitHub/bindery/ios/build/Build/Products/Release-iphonesimulator/ExpoLogBox/ExpoLogBox.modulemap\"\ -fmodule-map-file\=\"/Users/myfuckingmacbookair/Documents/GitHub/bindery/ios/build/Build/Products/Release-iphonesimulator/ExpoSQLite/ExpoSQLite.modulemap\"\ -fmodule-map-file\=\"/Users/myfuckingmacbookair/Documents/GitHub/bindery/ios/build/Build/Products/Release-iphonesimulator/ExpoSplashScreen/ExpoSplashScreen.modulemap\"\ -fmodule-map-file\=\"/Users/myfuckingmacbookair/Documents/GitHub/bindery/ios/build/Build/Products/Release-iphonesimulator/PurchasesHybridCommon/PurchasesHybridCommon.modulemap\"\ -fmodule-map-file\=\"/Users/myfuckingmacbookair/Documents/GitHub/bindery/ios/build/Build/Products/Release-iphonesimulator/RevenueCat/RevenueCat.modulemap\"\ -fmodule-map-file\=\"/Users/myfuckingmacbookair/Documents/GitHub/bindery/ios/build/Build/Products/Release-iphonesimulator/expo-dev-menu-interface/EXDevMenuInterface.modulemap\"\ -fmodule-map-file\=\"/Users/myfuckingmacbookair/Documents/GitHub/bindery/ios/Pods/Headers/Public/EXJSONUtils/EXJSONUtils.modulemap\"\ -fmodule-map-file\=\"/Users/myfuckingmacbookair/Documents/GitHub/bindery/ios/Pods/Headers/Public/RNPurchases/RNPurchases.modulemap\"\ -fmodule-map-file\=\"/Users/myfuckingmacbookair/Documents/GitHub/bindery/ios/Pods/Headers/Public/ReactAppDependencyProvider/ReactAppDependencyProvider.modulemap\"\ -fmodule-map-file\=\"/Users/myfuckingmacbookair/Documents/GitHub/bindery/ios/Pods/Headers/Public/ReactCodegen/ReactCodegen.modulemap\"\ -DNDEBUG\ -ivfsoverlay\ \"/Users/myfuckingmacbookair/Documents/GitHub/bindery/ios/Pods/React-Core-prebuilt/React-VFS.yaml\"
    export OTHER_CPLUSPLUSFLAGS\=\ -DRCT_REMOVE_LEGACY_ARCH\=1\ -fmodule-map-file\=\"/Users/myfuckingmacbookair/Documents/GitHub/bindery/ios/build/Build/Products/Release-iphonesimulator/EXConstants/EXConstants.modulemap\"\ -fmodule-map-file\=\"/Users/myfuckingmacbookair/Documents/GitHub/bindery/ios/build/Build/Products/Release-iphonesimulator/EXManifests/EXManifests.modulemap\"\ -fmodule-map-file\=\"/Users/myfuckingmacbookair/Documents/GitHub/bindery/ios/build/Build/Products/Release-iphonesimulator/EXUpdatesInterface/EXUpdatesInterface.modulemap\"\ -fmodule-map-file\=\"/Users/myfuckingmacbookair/Documents/GitHub/bindery/ios/build/Build/Products/Release-iphonesimulator/Expo/Expo.modulemap\"\ -fmodule-map-file\=\"/Users/myfuckingmacbookair/Documents/GitHub/bindery/ios/build/Build/Products/Release-iphonesimulator/ExpoAsset/ExpoAsset.modulemap\"\ -fmodule-map-file\=\"/Users/myfuckingmacbookair/Documents/GitHub/bindery/ios/build/Build/Products/Release-iphonesimulator/ExpoDomWebView/ExpoDomWebView.modulemap\"\ -fmodule-map-file\=\"/Users/myfuckingmacbookair/Documents/GitHub/bindery/ios/build/Build/Products/Release-iphonesimulator/ExpoHaptics/ExpoHaptics.modulemap\"\ -fmodule-map-file\=\"/Users/myfuckingmacbookair/Documents/GitHub/bindery/ios/build/Build/Products/Release-iphonesimulator/ExpoKeepAwake/ExpoKeepAwake.modulemap\"\ -fmodule-map-file\=\"/Users/myfuckingmacbookair/Documents/GitHub/bindery/ios/build/Build/Products/Release-iphonesimulator/ExpoLogBox/ExpoLogBox.modulemap\"\ -fmodule-map-file\=\"/Users/myfuckingmacbookair/Documents/GitHub/bindery/ios/build/Build/Products/Release-iphonesimulator/ExpoSQLite/ExpoSQLite.modulemap\"\ -fmodule-map-file\=\"/Users/myfuckingmacbookair/Documents/GitHub/bindery/ios/build/Build/Products/Release-iphonesimulator/ExpoSplashScreen/ExpoSplashScreen.modulemap\"\ -fmodule-map-file\=\"/Users/myfuckingmacbookair/Documents/GitHub/bindery/ios/build/Build/Products/Release-iphonesimulator/PurchasesHybridCommon/PurchasesHybridCommon.modulemap\"\ -fmodule-map-file\=\"/Users/myfuckingmacbookair/Documents/GitHub/bindery/ios/build/Build/Products/Release-iphonesimulator/RevenueCat/RevenueCat.modulemap\"\ -fmodule-map-file\=\"/Users/myfuckingmacbookair/Documents/GitHub/bindery/ios/build/Build/Products/Release-iphonesimulator/expo-dev-menu-interface/EXDevMenuInterface.modulemap\"\ -fmodule-map-file\=\"/Users/myfuckingmacbookair/Documents/GitHub/bindery/ios/Pods/Headers/Public/EXJSONUtils/EXJSONUtils.modulemap\"\ -fmodule-map-file\=\"/Users/myfuckingmacbookair/Documents/GitHub/bindery/ios/Pods/Headers/Public/RNPurchases/RNPurchases.modulemap\"\ -fmodule-map-file\=\"/Users/myfuckingmacbookair/Documents/GitHub/bindery/ios/Pods/Headers/Public/ReactAppDependencyProvider/ReactAppDependencyProvider.modulemap\"\ -fmodule-map-file\=\"/Users/myfuckingmacbookair/Documents/GitHub/bindery/ios/Pods/Headers/Public/ReactCodegen/ReactCodegen.modulemap\"\ -DNDEBUG\ -ivfsoverlay\ \"/Users/myfuckingmacbookair/Documents/GitHub/bindery/ios/Pods/React-Core-prebuilt/React-VFS.yaml\"\ -DRCT_REMOVE_LEGACY_ARCH\=1\ -DNDEBUG\ -ivfsoverlay\ \"/Users/myfuckingmacbookair/Documents/GitHub/bindery/ios/Pods/React-Core-prebuilt/React-VFS.yaml\"\ -DRCT_NEW_ARCH_ENABLED\=1
    export OTHER_LDFLAGS\=\ -ObjC\ -l\"EXConstants\"\ -l\"EXJSONUtils\"\ -l\"EXManifests\"\ -l\"EXUpdatesInterface\"\ -l\"Expo\"\ -l\"ExpoAsset\"\ -l\"ExpoDomWebView\"\ -l\"ExpoHaptics\"\ -l\"ExpoKeepAwake\"\ -l\"ExpoLogBox\"\ -l\"ExpoSQLite\"\ -l\"ExpoSplashScreen\"\ -l\"PurchasesHybridCommon\"\ -l\"RNPurchases\"\ -l\"ReactAppDependencyProvider\"\ -l\"ReactCodegen\"\ -l\"RevenueCat\"\ -l\"c++\"\ -l\"expo-dev-menu-interface\"\ -framework\ \"Accelerate\"\ -framework\ \"AudioToolbox\"\ -framework\ \"CoreGraphics\"\ -framework\ \"ExpoFileSystem\"\ -framework\ \"ExpoFont\"\ -framework\ \"ExpoModulesCore\"\ -framework\ \"ExpoModulesJSI\"\ -framework\ \"ExpoModulesWorklets\"\ -framework\ \"ImageIO\"\ -framework\ \"MobileCoreServices\"\ -framework\ \"QuartzCore\"\ -framework\ \"React\"\ -framework\ \"ReactNativeDependencies\"\ -framework\ \"StoreKit\"\ -framework\ \"UIKit\"\ -framework\ \"hermesvm\"\ -weak_framework\ \"JavaScriptCore\"\ -ObjC\ -lc++
    export OTHER_MODULE_VERIFIER_FLAGS\=\ \"-F/Users/myfuckingmacbookair/Documents/GitHub/bindery/ios/build/Build/Products/Release-iphonesimulator/EXConstants\"\ \"-F/Users/myfuckingmacbookair/Documents/GitHub/bindery/ios/build/Build/Products/Release-iphonesimulator/EXJSONUtils\"\ \"-F/Users/myfuckingmacbookair/Documents/GitHub/bindery/ios/build/Build/Products/Release-iphonesimulator/EXManifests\"\ \"-F/Users/myfuckingmacbookair/Documents/GitHub/bindery/ios/build/Build/Products/Release-iphonesimulator/EXUpdatesInterface\"\ \"-F/Users/myfuckingmacbookair/Documents/GitHub/bindery/ios/build/Build/Products/Release-iphonesimulator/Expo\"\ \"-F/Users/myfuckingmacbookair/Documents/GitHub/bindery/ios/build/Build/Products/Release-iphonesimulator/ExpoAsset\"\ \"-F/Users/myfuckingmacbookair/Documents/GitHub/bindery/ios/build/Build/Products/Release-iphonesimulator/ExpoDomWebView\"\ \"-F/Users/myfuckingmacbookair/Documents/GitHub/bindery/ios/build/Build/Products/Release-iphonesimulator/ExpoFileSystem\"\ \"-F/Users/myfuckingmacbookair/Documents/GitHub/bindery/ios/build/Build/Products/Release-iphonesimulator/ExpoFont\"\ \"-F/Users/myfuckingmacbookair/Documents/GitHub/bindery/ios/build/Build/Products/Release-iphonesimulator/ExpoHaptics\"\ \"-F/Users/myfuckingmacbookair/Documents/GitHub/bindery/ios/build/Build/Products/Release-iphonesimulator/ExpoKeepAwake\"\ \"-F/Users/myfuckingmacbookair/Documents/GitHub/bindery/ios/build/Build/Products/Release-iphonesimulator/ExpoLogBox\"\ \"-F/Users/myfuckingmacbookair/Documents/GitHub/bindery/ios/build/Build/Products/Release-iphonesimulator/ExpoModulesCore\"\ \"-F/Users/myfuckingmacbookair/Documents/GitHub/bindery/ios/build/Build/Products/Release-iphonesimulator/ExpoModulesJSI\"\ \"-F/Users/myfuckingmacbookair/Documents/GitHub/bindery/ios/build/Build/Products/Release-iphonesimulator/ExpoModulesWorklets\"\ \"-F/Users/myfuckingmacbookair/Documents/GitHub/bindery/ios/build/Build/Products/Release-iphonesimulator/ExpoSQLite\"\ \"-F/Users/myfuckingmacbookair/Documents/GitHub/bindery/ios/build/Build/Products/Release-iphonesimulator/ExpoSplashScreen\"\ \"-F/Users/myfuckingmacbookair/Documents/GitHub/bindery/ios/build/Build/Products/Release-iphonesimulator/FBLazyVector\"\ \"-F/Users/myfuckingmacbookair/Documents/GitHub/bindery/ios/build/Build/Products/Release-iphonesimulator/PurchasesHybridCommon\"\ \"-F/Users/myfuckingmacbookair/Documents/GitHub/bindery/ios/build/Build/Products/Release-iphonesimulator/RCTDeprecation\"\ \"-F/Users/myfuckingmacbookair/Documents/GitHub/bindery/ios/build/Build/Products/Release-iphonesimulator/RCTRequired\"\ \"-F/Users/myfuckingmacbookair/Documents/GitHub/bindery/ios/build/Build/Products/Release-iphonesimulator/RCTSwiftUI\"\ \"-F/Users/myfuckingmacbookair/Documents/GitHub/bindery/ios/build/Build/Products/Release-iphonesimulator/RCTSwiftUIWrapper\"\ \"-F/Users/myfuckingmacbookair/Documents/GitHub/bindery/ios/build/Build/Products/Release-iphonesimulator/RCTTypeSafety\"\ \"-F/Users/myfuckingmacbookair/Documents/GitHub/bindery/ios/build/Build/Products/Release-iphonesimulator/RNPurchases\"\ \"-F/Users/myfuckingmacbookair/Documents/GitHub/bindery/ios/build/Build/Products/Release-iphonesimulator/React\"\ \"-F/Users/myfuckingmacbookair/Documents/GitHub/bindery/ios/build/Build/Products/Release-iphonesimulator/React-Core\"\ \"-F/Users/myfuckingmacbookair/Documents/GitHub/bindery/ios/build/Build/Products/Release-iphonesimulator/React-Core-prebuilt\"\ \"-F/Users/myfuckingmacbookair/Documents/GitHub/bindery/ios/build/Build/Products/Release-iphonesimulator/React-CoreModules\"\ \"-F/Users/myfuckingmacbookair/Documents/GitHub/bindery/ios/build/Build/Products/Release-iphonesimulator/React-Fabric\"\ \"-F/Users/myfuckingmacbookair/Documents/GitHub/bindery/ios/build/Build/Products/Release-iphonesimulator/React-FabricComponents\"\ \"-F/Users/myfuckingmacbookair/Documents/GitHub/bindery/ios/build/Build/Products/Release-iphonesimulator/React-FabricImage\"\ \"-F/Users/myfuckingmacbookair/Documents/GitHub/bindery/ios/build/Build/Products/Release-iphonesimulator/React-ImageManager\"\ \"-F/Users/myfuckingmacbookair/Documents/GitHub/bindery/ios/build/Build/Products/Release-iphonesimulator/React-Mapbuffer\"\ \"-F/Users/myfuckingmacbookair/Documents/GitHub/bindery/ios/build/Build/Products/Release-iphonesimulator/React-NativeModulesApple\"\ \"-F/Users/myfuckingmacbookair/Documents/GitHub/bindery/ios/build/Build/Products/Release-iphonesimulator/React-RCTActionSheet\"\ \"-F/Users/myfuckingmacbookair/Documents/GitHub/bindery/ios/build/Build/Products/Release-iphonesimulator/React-RCTAnimation\"\ \"-F/Users/myfuckingmacbookair/Documents/GitHub/bindery/ios/build/Build/Products/Release-iphonesimulator/React-RCTAppDelegate\"\ \"-F/Users/myfuckingmacbookair/Documents/GitHub/bindery/ios/build/Build/Products/Release-iphonesimulator/React-RCTBlob\"\ \"-F/Users/myfuckingmacbookair/Documents/GitHub/bindery/ios/build/Build/Products/Release-iphonesimulator/React-RCTFBReactNativeSpec\"\ \"-F/Users/myfuckingmacbookair/Documents/GitHub/bindery/ios/build/Build/Products/Release-iphonesimulator/React-RCTFabric\"\ \"-F/Users/myfuckingmacbookair/Documents/GitHub/bindery/ios/build/Build/Products/Release-iphonesimulator/React-RCTImage\"\ \"-F/Users/myfuckingmacbookair/Documents/GitHub/bindery/ios/build/Build/Products/Release-iphonesimulator/React-RCTLinking\"\ \"-F/Users/myfuckingmacbookair/Documents/GitHub/bindery/ios/build/Build/Products/Release-iphonesimulator/React-RCTNetwork\"\ \"-F/Users/myfuckingmacbookair/Documents/GitHub/bindery/ios/build/Build/Products/Release-iphonesimulator/React-RCTRuntime\"\ \"-F/Users/myfuckingmacbookair/Documents/GitHub/bindery/ios/build/Build/Products/Release-iphonesimulator/React-RCTSettings\"\ \"-F/Users/myfuckingmacbookair/Documents/GitHub/bindery/ios/build/Build/Products/Release-iphonesimulator/React-RCTText\"\ \"-F/Users/myfuckingmacbookair/Documents/GitHub/bindery/ios/build/Build/Products/Release-iphonesimulator/React-RCTVibration\"\ \"-F/Users/myfuckingmacbookair/Documents/GitHub/bindery/ios/build/Build/Products/Release-iphonesimulator/React-RuntimeApple\"\ \"-F/Users/myfuckingmacbookair/Documents/GitHub/bindery/ios/build/Build/Products/Release-iphonesimulator/React-RuntimeCore\"\ \"-F/Users/myfuckingmacbookair/Documents/GitHub/bindery/ios/build/Build/Products/Release-iphonesimulator/React-RuntimeHermes\"\ \"-F/Users/myfuckingmacbookair/Documents/GitHub/bindery/ios/build/Build/Products/Release-iphonesimulator/React-callinvoker\"\ \"-F/Users/myfuckingmacbookair/Documents/GitHub/bindery/ios/build/Build/Products/Release-iphonesimulator/React-cxxreact\"\ \"-F/Users/myfuckingmacbookair/Documents/GitHub/bindery/ios/build/Build/Products/Release-iphonesimulator/React-debug\"\ \"-F/Users/myfuckingmacbookair/Documents/GitHub/bindery/ios/build/Build/Products/Release-iphonesimulator/React-defaultsnativemodule\"\ \"-F/Users/myfuckingmacbookair/Documents/GitHub/bindery/ios/build/Build/Products/Release-iphonesimulator/React-domnativemodule\"\ \"-F/Users/myfuckingmacbookair/Documents/GitHub/bindery/ios/build/Build/Products/Release-iphonesimulator/React-featureflags\"\ \"-F/Users/myfuckingmacbookair/Documents/GitHub/bindery/ios/build/Build/Products/Release-iphonesimulator/React-featureflagsnativemodule\"\ \"-F/Users/myfuckingmacbookair/Documents/GitHub/bindery/ios/build/Build/Products/Release-iphonesimulator/React-graphics\"\ \"-F/Users/myfuckingmacbookair/Documents/GitHub/bindery/ios/build/Build/Products/Release-iphonesimulator/React-hermes\"\ \"-F/Users/myfuckingmacbookair/Documents/GitHub/bindery/ios/build/Build/Products/Release-iphonesimulator/React-idlecallbacksnativemodule\"\ \"-F/Users/myfuckingmacbookair/Documents/GitHub/bindery/ios/build/Build/Products/Release-iphonesimulator/React-intersectionobservernativemodule\"\ \"-F/Users/myfuckingmacbookair/Documents/GitHub/bindery/ios/build/Build/Products/Release-iphonesimulator/React-jserrorhandler\"\ \"-F/Users/myfuckingmacbookair/Documents/GitHub/bindery/ios/build/Build/Products/Release-iphonesimulator/React-jsi\"\ \"-F/Users/myfuckingmacbookair/Documents/GitHub/bindery/ios/build/Build/Products/Release-iphonesimulator/React-jsiexecutor\"\ \"-F/Users/myfuckingmacbookair/Documents/GitHub/bindery/ios/build/Build/Products/Release-iphonesimulator/React-jsinspector\"\ \"-F/Users/myfuckingmacbookair/Documents/GitHub/bindery/ios/build/Build/Products/Release-iphonesimulator/React-jsinspectorcdp\"\ \"-F/Users/myfuckingmacbookair/Documents/GitHub/bindery/ios/build/Build/Products/Release-iphonesimulator/React-jsinspectornetwork\"\ \"-F/Users/myfuckingmacbookair/Documents/GitHub/bindery/ios/build/Build/Products/Release-iphonesimulator/React-jsinspectortracing\"\ \"-F/Users/myfuckingmacbookair/Documents/GitHub/bindery/ios/build/Build/Products/Release-iphonesimulator/React-jsitooling\"\ \"-F/Users/myfuckingmacbookair/Documents/GitHub/bindery/ios/build/Build/Products/Release-iphonesimulator/React-jsitracing\"\ \"-F/Users/myfuckingmacbookair/Documents/GitHub/bindery/ios/build/Build/Products/Release-iphonesimulator/React-logger\"\ \"-F/Users/myfuckingmacbookair/Documents/GitHub/bindery/ios/build/Build/Products/Release-iphonesimulator/React-microtasksnativemodule\"\ \"-F/Users/myfuckingmacbookair/Documents/GitHub/bindery/ios/build/Build/Products/Release-iphonesimulator/React-mutationobservernativemodule\"\ \"-F/Users/myfuckingmacbookair/Documents/GitHub/bindery/ios/build/Build/Products/Release-iphonesimulator/React-networking\"\ \"-F/Users/myfuckingmacbookair/Documents/GitHub/bindery/ios/build/Build/Products/Release-iphonesimulator/React-oscompat\"\ \"-F/Users/myfuckingmacbookair/Documents/GitHub/bindery/ios/build/Build/Products/Release-iphonesimulator/React-perflogger\"\ \"-F/Users/myfuckingmacbookair/Documents/GitHub/bindery/ios/build/Build/Products/Release-iphonesimulator/React-performancecdpmetrics\"\ \"-F/Users/myfuckingmacbookair/Documents/GitHub/bindery/ios/build/Build/Products/Release-iphonesimulator/React-performancetimeline\"\ \"-F/Users/myfuckingmacbookair/Documents/GitHub/bindery/ios/build/Build/Products/Release-iphonesimulator/React-rendererconsistency\"\ \"-F/Users/myfuckingmacbookair/Documents/GitHub/bindery/ios/build/Build/Products/Release-iphonesimulator/React-renderercss\"\ \"-F/Users/myfuckingmacbookair/Documents/GitHub/bindery/ios/build/Build/Products/Release-iphonesimulator/React-rendererdebug\"\ \"-F/Users/myfuckingmacbookair/Documents/GitHub/bindery/ios/build/Build/Products/Release-iphonesimulator/React-runtimeexecutor\"\ \"-F/Users/myfuckingmacbookair/Documents/GitHub/bindery/ios/build/Build/Products/Release-iphonesimulator/React-runtimescheduler\"\ \"-F/Users/myfuckingmacbookair/Documents/GitHub/bindery/ios/build/Build/Products/Release-iphonesimulator/React-timing\"\ \"-F/Users/myfuckingmacbookair/Documents/GitHub/bindery/ios/build/Build/Products/Release-iphonesimulator/React-utils\"\ \"-F/Users/myfuckingmacbookair/Documents/GitHub/bindery/ios/build/Build/Products/Release-iphonesimulator/React-viewtransitionnativemodule\"\ \"-F/Users/myfuckingmacbookair/Documents/GitHub/bindery/ios/build/Build/Products/Release-iphonesimulator/React-webperformancenativemodule\"\ \"-F/Users/myfuckingmacbookair/Documents/GitHub/bindery/ios/build/Build/Products/Release-iphonesimulator/ReactAppDependencyProvider\"\ \"-F/Users/myfuckingmacbookair/Documents/GitHub/bindery/ios/build/Build/Products/Release-iphonesimulator/ReactCodegen\"\ \"-F/Users/myfuckingmacbookair/Documents/GitHub/bindery/ios/build/Build/Products/Release-iphonesimulator/ReactCommon\"\ \"-F/Users/myfuckingmacbookair/Documents/GitHub/bindery/ios/build/Build/Products/Release-iphonesimulator/ReactNativeDependencies\"\ \"-F/Users/myfuckingmacbookair/Documents/GitHub/bindery/ios/build/Build/Products/Release-iphonesimulator/RevenueCat\"\ \"-F/Users/myfuckingmacbookair/Documents/GitHub/bindery/ios/build/Build/Products/Release-iphonesimulator/Yoga\"\ \"-F/Users/myfuckingmacbookair/Documents/GitHub/bindery/ios/build/Build/Products/Release-iphonesimulator/expo-dev-client\"\ \"-F/Users/myfuckingmacbookair/Documents/GitHub/bindery/ios/build/Build/Products/Release-iphonesimulator/expo-dev-menu-interface\"\ \"-F/Users/myfuckingmacbookair/Documents/GitHub/bindery/ios/build/Build/Products/Release-iphonesimulator/hermes-engine\"
    export OTHER_SWIFT_FLAGS\=\ -D\ COCOAPODS\ -Xcc\ -fmodule-map-file\=\"/Users/myfuckingmacbookair/Documents/GitHub/bindery/ios/build/Build/Products/Release-iphonesimulator/EXConstants/EXConstants.modulemap\"\ -Xcc\ -fmodule-map-file\=\"/Users/myfuckingmacbookair/Documents/GitHub/bindery/ios/build/Build/Products/Release-iphonesimulator/EXManifests/EXManifests.modulemap\"\ -Xcc\ -fmodule-map-file\=\"/Users/myfuckingmacbookair/Documents/GitHub/bindery/ios/build/Build/Products/Release-iphonesimulator/EXUpdatesInterface/EXUpdatesInterface.modulemap\"\ -Xcc\ -fmodule-map-file\=\"/Users/myfuckingmacbookair/Documents/GitHub/bindery/ios/build/Build/Products/Release-iphonesimulator/Expo/Expo.modulemap\"\ -Xcc\ -fmodule-map-file\=\"/Users/myfuckingmacbookair/Documents/GitHub/bindery/ios/build/Build/Products/Release-iphonesimulator/ExpoAsset/ExpoAsset.modulemap\"\ -Xcc\ -fmodule-map-file\=\"/Users/myfuckingmacbookair/Documents/GitHub/bindery/ios/build/Build/Products/Release-iphonesimulator/ExpoDomWebView/ExpoDomWebView.modulemap\"\ -Xcc\ -fmodule-map-file\=\"/Users/myfuckingmacbookair/Documents/GitHub/bindery/ios/build/Build/Products/Release-iphonesimulator/ExpoHaptics/ExpoHaptics.modulemap\"\ -Xcc\ -fmodule-map-file\=\"/Users/myfuckingmacbookair/Documents/GitHub/bindery/ios/build/Build/Products/Release-iphonesimulator/ExpoKeepAwake/ExpoKeepAwake.modulemap\"\ -Xcc\ -fmodule-map-file\=\"/Users/myfuckingmacbookair/Documents/GitHub/bindery/ios/build/Build/Products/Release-iphonesimulator/ExpoLogBox/ExpoLogBox.modulemap\"\ -Xcc\ -fmodule-map-file\=\"/Users/myfuckingmacbookair/Documents/GitHub/bindery/ios/build/Build/Products/Release-iphonesimulator/ExpoSQLite/ExpoSQLite.modulemap\"\ -Xcc\ -fmodule-map-file\=\"/Users/myfuckingmacbookair/Documents/GitHub/bindery/ios/build/Build/Products/Release-iphonesimulator/ExpoSplashScreen/ExpoSplashScreen.modulemap\"\ -Xcc\ -fmodule-map-file\=\"/Users/myfuckingmacbookair/Documents/GitHub/bindery/ios/build/Build/Products/Release-iphonesimulator/PurchasesHybridCommon/PurchasesHybridCommon.modulemap\"\ -Xcc\ -fmodule-map-file\=\"/Users/myfuckingmacbookair/Documents/GitHub/bindery/ios/build/Build/Products/Release-iphonesimulator/RevenueCat/RevenueCat.modulemap\"\ -Xcc\ -fmodule-map-file\=\"/Users/myfuckingmacbookair/Documents/GitHub/bindery/ios/build/Build/Products/Release-iphonesimulator/expo-dev-menu-interface/EXDevMenuInterface.modulemap\"\ -Xcc\ -fmodule-map-file\=\"/Users/myfuckingmacbookair/Documents/GitHub/bindery/ios/Pods/Headers/Public/EXJSONUtils/EXJSONUtils.modulemap\"\ -Xcc\ -fmodule-map-file\=\"/Users/myfuckingmacbookair/Documents/GitHub/bindery/ios/Pods/Headers/Public/RNPurchases/RNPurchases.modulemap\"\ -Xcc\ -fmodule-map-file\=\"/Users/myfuckingmacbookair/Documents/GitHub/bindery/ios/Pods/Headers/Public/ReactAppDependencyProvider/ReactAppDependencyProvider.modulemap\"\ -Xcc\ -fmodule-map-file\=\"/Users/myfuckingmacbookair/Documents/GitHub/bindery/ios/Pods/Headers/Public/ReactCodegen/ReactCodegen.modulemap\"\ -Xcc\ -ivfsoverlay\ -Xcc\ \"/Users/myfuckingmacbookair/Documents/GitHub/bindery/ios/Pods/React-Core-prebuilt/React-VFS.yaml\"\ -Xcc\ -Wno-incomplete-umbrella\ -D\ EXPO_CONFIGURATION_RELEASE
    export PACKAGE_TYPE\=com.apple.package-type.wrapper.application
    export PASCAL_STRINGS\=YES
    export PATH\=/Applications/Xcode.app/Contents/SharedFrameworks/SwiftBuild.framework/Versions/A/PlugIns/SWBBuildService.bundle/Contents/PlugIns/SWBUniversalPlatformPlugin.bundle/Contents/Frameworks/SWBUniversalPlatform.framework/Resources:/Applications/Xcode.app/Contents/Developer/Toolchains/XcodeDefault.xctoolchain/usr/bin:/Applications/Xcode.app/Contents/Developer/Toolchains/XcodeDefault.xctoolchain/usr/local/bin:/Applications/Xcode.app/Contents/Developer/Toolchains/XcodeDefault.xctoolchain/usr/libexec:/Applications/Xcode.app/Contents/Developer/Platforms/iPhoneSimulator.platform/usr/bin:/Applications/Xcode.app/Contents/Developer/Platforms/iPhoneSimulator.platform/usr/local/bin:/Applications/Xcode.app/Contents/Developer/Platforms/iPhoneSimulator.platform/Developer/usr/bin:/Applications/Xcode.app/Contents/Developer/Platforms/iPhoneSimulator.platform/Developer/usr/local/bin:/Applications/Xcode.app/Contents/Developer/usr/bin:/Applications/Xcode.app/Contents/Developer/usr/local/bin:/Users/myfuckingmacbookair/.local/bin:/Users/myfuckingmacbookair/.npm-global/bin:/usr/local/bin:/System/Cryptexes/App/usr/bin:/usr/bin:/bin:/usr/sbin:/sbin:/var/run/com.apple.security.cryptexd/codex.system/bootstrap/usr/local/bin:/var/run/com.apple.security.cryptexd/codex.system/bootstrap/usr/bin:/var/run/com.apple.security.cryptexd/codex.system/bootstrap/usr/appleinternal/bin:/pkg/env/global/bin:/Library/Apple/usr/bin:/Users/myfuckingmacbookair/.bun/bin:/Users/myfuckingmacbookair/Library/pnpm:/Users/myfuckingmacbookair/Library/Application\ Support/Claude/local-agent-mode-sessions/skills-plugin/8bf2ebc1-a06e-4b18-bf97-856db8c64549/ec19a108-c20c-455d-9708-6a8cfabeb0b8/bin
    export PATH_PREFIXES_EXCLUDED_FROM_HEADER_DEPENDENCIES\=/usr/include\ /usr/local/include\ /System/Library/Frameworks\ /System/Library/PrivateFrameworks\ /Applications/Xcode.app/Contents/Developer/Headers\ /Applications/Xcode.app/Contents/Developer/SDKs\ /Applications/Xcode.app/Contents/Developer/Platforms
    export PBDEVELOPMENTPLIST_PATH\=TheBindery.app/pbdevelopment.plist
    export PER_ARCH_MODULE_FILE_DIR\=/Users/myfuckingmacbookair/Documents/GitHub/bindery/ios/build/Build/Intermediates.noindex/TheBindery.build/Release-iphonesimulator/TheBindery.build/Objects-normal/undefined_arch
    export PER_ARCH_OBJECT_FILE_DIR\=/Users/myfuckingmacbookair/Documents/GitHub/bindery/ios/build/Build/Intermediates.noindex/TheBindery.build/Release-iphonesimulator/TheBindery.build/Objects-normal/undefined_arch
    export PER_VARIANT_OBJECT_FILE_DIR\=/Users/myfuckingmacbookair/Documents/GitHub/bindery/ios/build/Build/Intermediates.noindex/TheBindery.build/Release-iphonesimulator/TheBindery.build/Objects-normal
    export PKGINFO_FILE_PATH\=/Users/myfuckingmacbookair/Documents/GitHub/bindery/ios/build/Build/Intermediates.noindex/TheBindery.build/Release-iphonesimulator/TheBindery.build/PkgInfo
    export PKGINFO_PATH\=TheBindery.app/PkgInfo
    export PLATFORM_DEVELOPER_APPLICATIONS_DIR\=/Applications/Xcode.app/Contents/Developer/Platforms/iPhoneSimulator.platform/Developer/Applications
    export PLATFORM_DEVELOPER_BIN_DIR\=/Applications/Xcode.app/Contents/Developer/Platforms/iPhoneSimulator.platform/Developer/usr/bin
    export PLATFORM_DEVELOPER_LIBRARY_DIR\=/Applications/Xcode.app/Contents/Developer/Platforms/iPhoneSimulator.platform/Developer/Library
    export PLATFORM_DEVELOPER_SDK_DIR\=/Applications/Xcode.app/Contents/Developer/Platforms/iPhoneSimulator.platform/Developer/SDKs
    export PLATFORM_DEVELOPER_TOOLS_DIR\=/Applications/Xcode.app/Contents/Developer/Platforms/iPhoneSimulator.platform/Developer/Tools
    export PLATFORM_DEVELOPER_USR_DIR\=/Applications/Xcode.app/Contents/Developer/Platforms/iPhoneSimulator.platform/Developer/usr
    export PLATFORM_DIR\=/Applications/Xcode.app/Contents/Developer/Platforms/iPhoneSimulator.platform
    export PLATFORM_DISPLAY_NAME\=iOS\ Simulator
    export PLATFORM_FAMILY_NAME\=iOS
    export PLATFORM_NAME\=iphonesimulator
    export PLATFORM_PREFERRED_ARCH\=x86_64
    export PLATFORM_PRODUCT_BUILD_VERSION\=23A339
    export PLATFORM_REQUIRES_SWIFT_AUTOLINK_EXTRACT\=NO
    export PLATFORM_REQUIRES_SWIFT_MODULEWRAP\=NO
    export PLIST_FILE_OUTPUT_FORMAT\=binary
    export PLUGINS_FOLDER_PATH\=TheBindery.app/PlugIns
    export PODFILE_DIR\=/Users/myfuckingmacbookair/Documents/GitHub/bindery/ios
    export PODS_BUILD_DIR\=/Users/myfuckingmacbookair/Documents/GitHub/bindery/ios/build/Build/Products
    export PODS_CONFIGURATION_BUILD_DIR\=/Users/myfuckingmacbookair/Documents/GitHub/bindery/ios/build/Build/Products/Release-iphonesimulator
    export PODS_PODFILE_DIR_PATH\=/Users/myfuckingmacbookair/Documents/GitHub/bindery/ios/.
    export PODS_ROOT\=/Users/myfuckingmacbookair/Documents/GitHub/bindery/ios/Pods
    export PODS_XCFRAMEWORKS_BUILD_DIR\=/Users/myfuckingmacbookair/Documents/GitHub/bindery/ios/build/Build/Products/Release-iphonesimulator/XCFrameworkIntermediates
    export PRECOMPS_INCLUDE_HEADERS_FROM_BUILT_PRODUCTS_DIR\=YES
    export PRECOMP_DESTINATION_DIR\=/Users/myfuckingmacbookair/Documents/GitHub/bindery/ios/build/Build/Intermediates.noindex/TheBindery.build/Release-iphonesimulator/TheBindery.build/PrefixHeaders
    export PRIVATE_HEADERS_FOLDER_PATH\=TheBindery.app/PrivateHeaders
    export PROCESSED_INFOPLIST_PATH\=/Users/myfuckingmacbookair/Documents/GitHub/bindery/ios/build/Build/Intermediates.noindex/TheBindery.build/Release-iphonesimulator/TheBindery.build/Objects-normal/undefined_arch/Processed-Info.plist
    export PRODUCT_BUNDLE_IDENTIFIER\=com.bindery.game
    export PRODUCT_BUNDLE_PACKAGE_TYPE\=APPL
    export PRODUCT_MODULE_NAME\=TheBindery
    export PRODUCT_NAME\=TheBindery
    export PRODUCT_SETTINGS_PATH\=/Users/myfuckingmacbookair/Documents/GitHub/bindery/ios/TheBindery/Info.plist
    export PRODUCT_TYPE\=com.apple.product-type.application
    export PROFILING_CODE\=NO
    export PROJECT\=TheBindery
    export PROJECT_DERIVED_FILE_DIR\=/Users/myfuckingmacbookair/Documents/GitHub/bindery/ios/build/Build/Intermediates.noindex/TheBindery.build/DerivedSources
    export PROJECT_DIR\=/Users/myfuckingmacbookair/Documents/GitHub/bindery/ios
    export PROJECT_FILE_PATH\=/Users/myfuckingmacbookair/Documents/GitHub/bindery/ios/TheBindery.xcodeproj
    export PROJECT_GUID\=ad55f5e01126362de0c6d31a2a92358a
    export PROJECT_NAME\=TheBindery
    export PROJECT_TEMP_DIR\=/Users/myfuckingmacbookair/Documents/GitHub/bindery/ios/build/Build/Intermediates.noindex/TheBindery.build
    export PROJECT_TEMP_ROOT\=/Users/myfuckingmacbookair/Documents/GitHub/bindery/ios/build/Build/Intermediates.noindex
    export PROVISIONING_PROFILE_REQUIRED\=NO
    export PROVISIONING_PROFILE_REQUIRED_YES_YES\=YES
    export PROVISIONING_PROFILE_SUPPORTED\=YES
    export PUBLIC_HEADERS_FOLDER_PATH\=TheBindery.app/Headers
    export REACT_NATIVE_PATH\=/Users/myfuckingmacbookair/Documents/GitHub/bindery/ios/Pods/../../node_modules/react-native
    export RECOMMENDED_IPHONEOS_DEPLOYMENT_TARGET\=15.0
    export RECURSIVE_SEARCH_PATHS_FOLLOW_SYMLINKS\=YES
    export REMOVE_CVS_FROM_RESOURCES\=YES
    export REMOVE_GIT_FROM_RESOURCES\=YES
    export REMOVE_HEADERS_FROM_EMBEDDED_BUNDLES\=YES
    export REMOVE_HG_FROM_RESOURCES\=YES
    export REMOVE_STATIC_EXECUTABLES_FROM_EMBEDDED_BUNDLES\=YES
    export REMOVE_SVN_FROM_RESOURCES\=YES
    export RESCHEDULE_INDEPENDENT_HEADERS_PHASES\=YES
    export REZ_COLLECTOR_DIR\=/Users/myfuckingmacbookair/Documents/GitHub/bindery/ios/build/Build/Intermediates.noindex/TheBindery.build/Release-iphonesimulator/TheBindery.build/ResourceManagerResources
    export REZ_OBJECTS_DIR\=/Users/myfuckingmacbookair/Documents/GitHub/bindery/ios/build/Build/Intermediates.noindex/TheBindery.build/Release-iphonesimulator/TheBindery.build/ResourceManagerResources/Objects
    export REZ_SEARCH_PATHS\=/Users/myfuckingmacbookair/Documents/GitHub/bindery/ios/build/Build/Products/Release-iphonesimulator\ 
    export RUNTIME_EXCEPTION_ALLOW_DYLD_ENVIRONMENT_VARIABLES\=NO
    export RUNTIME_EXCEPTION_ALLOW_JIT\=NO
    export RUNTIME_EXCEPTION_ALLOW_UNSIGNED_EXECUTABLE_MEMORY\=NO
    export RUNTIME_EXCEPTION_DEBUGGING_TOOL\=NO
    export RUNTIME_EXCEPTION_DISABLE_EXECUTABLE_PAGE_PROTECTION\=NO
    export RUNTIME_EXCEPTION_DISABLE_LIBRARY_VALIDATION\=NO
    export SCAN_ALL_SOURCE_FILES_FOR_INCLUDES\=NO
    export SCRIPTS_FOLDER_PATH\=TheBindery.app/Scripts
    export SCRIPT_INPUT_FILE_0\=/Users/myfuckingmacbookair/Documents/GitHub/bindery/ios/.xcode.env
    export SCRIPT_INPUT_FILE_1\=/Users/myfuckingmacbookair/Documents/GitHub/bindery/ios/.xcode.env.local
    export SCRIPT_INPUT_FILE_2\=/Users/myfuckingmacbookair/Documents/GitHub/bindery/ios/TheBindery/TheBindery.entitlements
    export SCRIPT_INPUT_FILE_3\=/Users/myfuckingmacbookair/Documents/GitHub/bindery/ios/Pods/Target\ Support\ Files/Pods-TheBindery/expo-configure-project.sh
    export SCRIPT_INPUT_FILE_COUNT\=4
    export SCRIPT_INPUT_FILE_LIST_COUNT\=0
    export SCRIPT_OUTPUT_FILE_0\=/Users/myfuckingmacbookair/Documents/GitHub/bindery/ios/Pods/Target\ Support\ Files/Pods-TheBindery/ExpoModulesProvider.swift
    export SCRIPT_OUTPUT_FILE_COUNT\=1
    export SCRIPT_OUTPUT_FILE_LIST_COUNT\=0
    export SDKROOT\=/Applications/Xcode.app/Contents/Developer/Platforms/iPhoneSimulator.platform/Developer/SDKs/iPhoneSimulator26.0.sdk
    export SDK_DIR\=/Applications/Xcode.app/Contents/Developer/Platforms/iPhoneSimulator.platform/Developer/SDKs/iPhoneSimulator26.0.sdk
    export SDK_DIR_iphonesimulator\=/Applications/Xcode.app/Contents/Developer/Platforms/iPhoneSimulator.platform/Developer/SDKs/iPhoneSimulator26.0.sdk
    export SDK_DIR_iphonesimulator26_0\=/Applications/Xcode.app/Contents/Developer/Platforms/iPhoneSimulator.platform/Developer/SDKs/iPhoneSimulator26.0.sdk
    export SDK_NAME\=iphonesimulator26.0
    export SDK_NAMES\=iphonesimulator26.0
    export SDK_PRODUCT_BUILD_VERSION\=23A339
    export SDK_STAT_CACHE_DIR\=/Users/myfuckingmacbookair/Documents/GitHub/bindery/ios/build
    export SDK_STAT_CACHE_ENABLE\=YES
    export SDK_STAT_CACHE_PATH\=/Users/myfuckingmacbookair/Documents/GitHub/bindery/ios/build/SDKStatCaches.noindex/iphonesimulator26.0-23A339-26257891a6c027eb51374368541b8346.sdkstatcache
    export SDK_VERSION\=26.0
    export SDK_VERSION_ACTUAL\=260000
    export SDK_VERSION_MAJOR\=260000
    export SDK_VERSION_MINOR\=260000
    export SED\=/usr/bin/sed
    export SEPARATE_STRIP\=NO
    export SEPARATE_SYMBOL_EDIT\=NO
    export SET_DIR_MODE_OWNER_GROUP\=YES
    export SET_FILE_MODE_OWNER_GROUP\=NO
    export SHALLOW_BUNDLE\=YES
    export SHALLOW_BUNDLE_TRIPLE\=ios-simulator
    export SHALLOW_BUNDLE_ios_macabi\=NO
    export SHALLOW_BUNDLE_macos\=NO
    export SHARED_DERIVED_FILE_DIR\=/Users/myfuckingmacbookair/Documents/GitHub/bindery/ios/build/Build/Products/Release-iphonesimulator/DerivedSources
    export SHARED_FRAMEWORKS_FOLDER_PATH\=TheBindery.app/SharedFrameworks
    export SHARED_PRECOMPS_DIR\=/Users/myfuckingmacbookair/Documents/GitHub/bindery/ios/build/Build/Intermediates.noindex/PrecompiledHeaders
    export SHARED_SUPPORT_FOLDER_PATH\=TheBindery.app/SharedSupport
    export SKIP_INSTALL\=NO
    export SOURCE_ROOT\=/Users/myfuckingmacbookair/Documents/GitHub/bindery/ios
    export SRCROOT\=/Users/myfuckingmacbookair/Documents/GitHub/bindery/ios
    export STRINGSDATA_DIR\=/Users/myfuckingmacbookair/Documents/GitHub/bindery/ios/build/Build/Intermediates.noindex/TheBindery.build/Release-iphonesimulator/TheBindery.build/Objects-normal/undefined_arch
    export STRINGSDATA_ROOT\=/Users/myfuckingmacbookair/Documents/GitHub/bindery/ios/build/Build/Intermediates.noindex/TheBindery.build/Release-iphonesimulator/TheBindery.build
    export STRINGS_FILE_INFOPLIST_RENAME\=YES
    export STRINGS_FILE_OUTPUT_ENCODING\=binary
    export STRING_CATALOG_GENERATE_SYMBOLS\=NO
    export STRIP_BITCODE_FROM_COPIED_FILES\=NO
    export STRIP_INSTALLED_PRODUCT\=YES
    export STRIP_STYLE\=all
    export STRIP_SWIFT_SYMBOLS\=YES
    export SUPPORTED_DEVICE_FAMILIES\=1,2
    export SUPPORTED_PLATFORMS\=iphoneos\ iphonesimulator
    export SUPPORTS_MACCATALYST\=NO
    export SUPPORTS_ON_DEMAND_RESOURCES\=YES
    export SUPPORTS_TEXT_BASED_API\=NO
    export SUPPRESS_WARNINGS\=NO
    export SWIFT_EMIT_CONST_VALUE_PROTOCOLS\=AppIntent\ EntityQuery\ AppEntity\ TransientEntity\ AppEnum\ AppShortcutProviding\ AppShortcutsProvider\ AnyResolverProviding\ AppIntentsPackage\ DynamicOptionsProvider\ _IntentValueRepresentable\ _AssistantIntentsProvider\ _GenerativeFunctionExtractable\ IntentValueQuery\ Resolver\ AppExtension\ ExtensionPointDefining
    export SWIFT_EMIT_LOC_STRINGS\=NO
    export SWIFT_ENABLE_EXPLICIT_MODULES\=NO
    export SWIFT_INCLUDE_PATHS\=/Users/myfuckingmacbookair/Documents/GitHub/bindery/ios/build/Build/Products/Release-iphonesimulator\ \ \"/Users/myfuckingmacbookair/Documents/GitHub/bindery/ios/build/Build/Products/Release-iphonesimulator/EXConstants\"\ \"/Users/myfuckingmacbookair/Documents/GitHub/bindery/ios/build/Build/Products/Release-iphonesimulator/EXManifests\"\ \"/Users/myfuckingmacbookair/Documents/GitHub/bindery/ios/build/Build/Products/Release-iphonesimulator/EXUpdatesInterface\"\ \"/Users/myfuckingmacbookair/Documents/GitHub/bindery/ios/build/Build/Products/Release-iphonesimulator/Expo\"\ \"/Users/myfuckingmacbookair/Documents/GitHub/bindery/ios/build/Build/Products/Release-iphonesimulator/ExpoAsset\"\ \"/Users/myfuckingmacbookair/Documents/GitHub/bindery/ios/build/Build/Products/Release-iphonesimulator/ExpoDomWebView\"\ \"/Users/myfuckingmacbookair/Documents/GitHub/bindery/ios/build/Build/Products/Release-iphonesimulator/ExpoFileSystem\"\ \"/Users/myfuckingmacbookair/Documents/GitHub/bindery/ios/build/Build/Products/Release-iphonesimulator/ExpoFont\"\ \"/Users/myfuckingmacbookair/Documents/GitHub/bindery/ios/build/Build/Products/Release-iphonesimulator/ExpoHaptics\"\ \"/Users/myfuckingmacbookair/Documents/GitHub/bindery/ios/build/Build/Products/Release-iphonesimulator/ExpoKeepAwake\"\ \"/Users/myfuckingmacbookair/Documents/GitHub/bindery/ios/build/Build/Products/Release-iphonesimulator/ExpoLogBox\"\ \"/Users/myfuckingmacbookair/Documents/GitHub/bindery/ios/build/Build/Products/Release-iphonesimulator/ExpoModulesCore\"\ \"/Users/myfuckingmacbookair/Documents/GitHub/bindery/ios/build/Build/Products/Release-iphonesimulator/ExpoModulesJSI\"\ \"/Users/myfuckingmacbookair/Documents/GitHub/bindery/ios/build/Build/Products/Release-iphonesimulator/ExpoModulesWorklets\"\ \"/Users/myfuckingmacbookair/Documents/GitHub/bindery/ios/build/Build/Products/Release-iphonesimulator/ExpoSQLite\"\ \"/Users/myfuckingmacbookair/Documents/GitHub/bindery/ios/build/Build/Products/Release-iphonesimulator/ExpoSplashScreen\"\ \"/Users/myfuckingmacbookair/Documents/GitHub/bindery/ios/build/Build/Products/Release-iphonesimulator/PurchasesHybridCommon\"\ \"/Users/myfuckingmacbookair/Documents/GitHub/bindery/ios/build/Build/Products/Release-iphonesimulator/RevenueCat\"\ \"/Users/myfuckingmacbookair/Documents/GitHub/bindery/ios/build/Build/Products/Release-iphonesimulator/expo-dev-menu-interface\"
    export SWIFT_OBJC_BRIDGING_HEADER\=TheBindery/TheBindery-Bridging-Header.h
    export SWIFT_PLATFORM_TARGET_PREFIX\=ios
    export SWIFT_RESPONSE_FILE_PATH_normal_arm64\=/Users/myfuckingmacbookair/Documents/GitHub/bindery/ios/build/Build/Intermediates.noindex/TheBindery.build/Release-iphonesimulator/TheBindery.build/Objects-normal/arm64/TheBindery.SwiftFileList
    export SWIFT_RESPONSE_FILE_PATH_normal_x86_64\=/Users/myfuckingmacbookair/Documents/GitHub/bindery/ios/build/Build/Intermediates.noindex/TheBindery.build/Release-iphonesimulator/TheBindery.build/Objects-normal/x86_64/TheBindery.SwiftFileList
    export SWIFT_VERSION\=5.0
    export SYMROOT\=/Users/myfuckingmacbookair/Documents/GitHub/bindery/ios/build/Build/Products
    export SYSTEM_ADMIN_APPS_DIR\=/Applications/Utilities
    export SYSTEM_APPS_DIR\=/Applications
    export SYSTEM_CORE_SERVICES_DIR\=/System/Library/CoreServices
    export SYSTEM_DEMOS_DIR\=/Applications/Extras
    export SYSTEM_DEVELOPER_APPS_DIR\=/Applications/Xcode.app/Contents/Developer/Applications
    export SYSTEM_DEVELOPER_BIN_DIR\=/Applications/Xcode.app/Contents/Developer/usr/bin
    export SYSTEM_DEVELOPER_DEMOS_DIR\=/Applications/Xcode.app/Contents/Developer/Applications/Utilities/Built\ Examples
    export SYSTEM_DEVELOPER_DIR\=/Applications/Xcode.app/Contents/Developer
    export SYSTEM_DEVELOPER_DOC_DIR\=/Applications/Xcode.app/Contents/Developer/ADC\ Reference\ Library
    export SYSTEM_DEVELOPER_GRAPHICS_TOOLS_DIR\=/Applications/Xcode.app/Contents/Developer/Applications/Graphics\ Tools
    export SYSTEM_DEVELOPER_JAVA_TOOLS_DIR\=/Applications/Xcode.app/Contents/Developer/Applications/Java\ Tools
    export SYSTEM_DEVELOPER_PERFORMANCE_TOOLS_DIR\=/Applications/Xcode.app/Contents/Developer/Applications/Performance\ Tools
    export SYSTEM_DEVELOPER_RELEASENOTES_DIR\=/Applications/Xcode.app/Contents/Developer/ADC\ Reference\ Library/releasenotes
    export SYSTEM_DEVELOPER_TOOLS\=/Applications/Xcode.app/Contents/Developer/Tools
    export SYSTEM_DEVELOPER_TOOLS_DOC_DIR\=/Applications/Xcode.app/Contents/Developer/ADC\ Reference\ Library/documentation/DeveloperTools
    export SYSTEM_DEVELOPER_TOOLS_RELEASENOTES_DIR\=/Applications/Xcode.app/Contents/Developer/ADC\ Reference\ Library/releasenotes/DeveloperTools
    export SYSTEM_DEVELOPER_USR_DIR\=/Applications/Xcode.app/Contents/Developer/usr
    export SYSTEM_DEVELOPER_UTILITIES_DIR\=/Applications/Xcode.app/Contents/Developer/Applications/Utilities
    export SYSTEM_DEXT_INSTALL_PATH\=/System/Library/DriverExtensions
    export SYSTEM_DOCUMENTATION_DIR\=/Library/Documentation
    export SYSTEM_EXTENSIONS_FOLDER_PATH\=TheBindery.app/SystemExtensions
    export SYSTEM_EXTENSIONS_FOLDER_PATH_SHALLOW_BUNDLE_NO\=TheBindery.app/Library/SystemExtensions
    export SYSTEM_EXTENSIONS_FOLDER_PATH_SHALLOW_BUNDLE_YES\=TheBindery.app/SystemExtensions
    export SYSTEM_KEXT_INSTALL_PATH\=/System/Library/Extensions
    export SYSTEM_LIBRARY_DIR\=/System/Library
    export TAPI_DEMANGLE\=YES
    export TAPI_ENABLE_PROJECT_HEADERS\=NO
    export TAPI_LANGUAGE\=objective-c
    export TAPI_LANGUAGE_STANDARD\=compiler-default
    export TAPI_USE_SRCROOT\=YES
    export TAPI_VERIFY_MODE\=Pedantic
    export TARGETED_DEVICE_FAMILY\=1
    export TARGETNAME\=TheBindery
    export TARGET_BUILD_DIR\=/Users/myfuckingmacbookair/Documents/GitHub/bindery/ios/build/Build/Products/Release-iphonesimulator
    export TARGET_DEVICE_IDENTIFIER\=4DC2E649-35BE-4445-9A24-38BD8A88D1BF
    export TARGET_DEVICE_MODEL\=iPhone18,1
    export TARGET_DEVICE_OS_VERSION\=26.0.1
    export TARGET_DEVICE_PLATFORM_NAME\=iphonesimulator
    export TARGET_NAME\=TheBindery
    export TARGET_TEMP_DIR\=/Users/myfuckingmacbookair/Documents/GitHub/bindery/ios/build/Build/Intermediates.noindex/TheBindery.build/Release-iphonesimulator/TheBindery.build
    export TEMP_DIR\=/Users/myfuckingmacbookair/Documents/GitHub/bindery/ios/build/Build/Intermediates.noindex/TheBindery.build/Release-iphonesimulator/TheBindery.build
    export TEMP_FILES_DIR\=/Users/myfuckingmacbookair/Documents/GitHub/bindery/ios/build/Build/Intermediates.noindex/TheBindery.build/Release-iphonesimulator/TheBindery.build
    export TEMP_FILE_DIR\=/Users/myfuckingmacbookair/Documents/GitHub/bindery/ios/build/Build/Intermediates.noindex/TheBindery.build/Release-iphonesimulator/TheBindery.build
    export TEMP_ROOT\=/Users/myfuckingmacbookair/Documents/GitHub/bindery/ios/build/Build/Intermediates.noindex
    export TEMP_SANDBOX_DIR\=/Users/myfuckingmacbookair/Documents/GitHub/bindery/ios/build/Build/Intermediates.noindex/TemporaryTaskSandboxes
    export TEST_FRAMEWORK_SEARCH_PATHS\=\ /Applications/Xcode.app/Contents/Developer/Platforms/iPhoneSimulator.platform/Developer/Library/Frameworks\ /Applications/Xcode.app/Contents/Developer/Platforms/iPhoneSimulator.platform/Developer/SDKs/iPhoneSimulator26.0.sdk/Developer/Library/Frameworks
    export TEST_LIBRARY_SEARCH_PATHS\=\ /Applications/Xcode.app/Contents/Developer/Platforms/iPhoneSimulator.platform/Developer/usr/lib
    export TOOLCHAINS\=com.apple.dt.toolchain.XcodeDefault
    export TOOLCHAIN_DIR\=/Applications/Xcode.app/Contents/Developer/Toolchains/XcodeDefault.xctoolchain
    export TREAT_MISSING_BASELINES_AS_TEST_FAILURES\=NO
    export TREAT_MISSING_SCRIPT_PHASE_OUTPUTS_AS_ERRORS\=NO
    export TeamIdentifierPrefix\=75ULC33H2C.
    export UID\=501
    export UNINSTALLED_PRODUCTS_DIR\=/Users/myfuckingmacbookair/Documents/GitHub/bindery/ios/build/Build/Intermediates.noindex/UninstalledProducts
    export UNLOCALIZED_RESOURCES_FOLDER_PATH\=TheBindery.app
    export UNLOCALIZED_RESOURCES_FOLDER_PATH_SHALLOW_BUNDLE_NO\=TheBindery.app/Resources
    export UNLOCALIZED_RESOURCES_FOLDER_PATH_SHALLOW_BUNDLE_YES\=TheBindery.app
    export UNSTRIPPED_PRODUCT\=NO
    export USER\=myfuckingmacbookair
    export USER_APPS_DIR\=/Users/myfuckingmacbookair/Applications
    export USER_LIBRARY_DIR\=/Users/myfuckingmacbookair/Library
    export USE_DYNAMIC_NO_PIC\=YES
    export USE_HEADERMAP\=YES
    export USE_HEADER_SYMLINKS\=NO
    export USE_HERMES\=true
    export USE_RECURSIVE_SCRIPT_INPUTS_IN_SCRIPT_PHASES\=YES
    export VALIDATE_DEVELOPMENT_ASSET_PATHS\=YES_ERROR
    export VALIDATE_PRODUCT\=YES
    export VALID_ARCHS\=arm64\ x86_64
    export VERBOSE_PBXCP\=NO
    export VERSIONING_SYSTEM\=apple-generic
    export VERSIONPLIST_PATH\=TheBindery.app/version.plist
    export VERSION_INFO_BUILDER\=myfuckingmacbookair
    export VERSION_INFO_FILE\=TheBindery_vers.c
    export VERSION_INFO_STRING\=\"@\(\#\)PROGRAM:TheBindery\ \ PROJECT:TheBindery-1\"
    export WARNING_CFLAGS\=-Wno-comma\ -Wno-shorten-64-to-32
    export WORKSPACE_DIR\=/Users/myfuckingmacbookair/Documents/GitHub/bindery/ios
    export WRAPPER_EXTENSION\=app
    export WRAPPER_NAME\=TheBindery.app
    export WRAPPER_SUFFIX\=.app
    export WRAP_ASSET_PACKS_IN_SEPARATE_DIRECTORIES\=NO
    export XCODE_APP_SUPPORT_DIR\=/Applications/Xcode.app/Contents/Developer/Library/Xcode
    export XCODE_PRODUCT_BUILD_VERSION\=17A400
    export XCODE_VERSION_ACTUAL\=2601
    export XCODE_VERSION_MAJOR\=2600
    export XCODE_VERSION_MINOR\=2600
    export XPCSERVICES_FOLDER_PATH\=TheBindery.app/XPCServices
    export YACC\=yacc
    export _DISCOVER_COMMAND_LINE_LINKER_INPUTS\=YES
    export _DISCOVER_COMMAND_LINE_LINKER_INPUTS_INCLUDE_WL\=YES
    export _LD_MULTIARCH\=YES
    export _WRAPPER_CONTENTS_DIR_SHALLOW_BUNDLE_NO\=/Contents
    export _WRAPPER_PARENT_PATH_SHALLOW_BUNDLE_NO\=/..
    export _WRAPPER_RESOURCES_DIR_SHALLOW_BUNDLE_NO\=/Resources
    export __DIAGNOSE_DEPRECATED_ARCHS\=YES
    export __IS_NOT_MACOS\=YES
    export __IS_NOT_MACOS_macosx\=NO
    export __IS_NOT_SIMULATOR\=NO
    export __IS_NOT_SIMULATOR_simulator\=NO
    export arch\=undefined_arch
    export variant\=normal
    /bin/sh -c /Users/myfuckingmacbookair/Documents/GitHub/bindery/ios/build/Build/Intermediates.noindex/TheBindery.build/Release-iphonesimulator/TheBindery.build/Script-4FC6A8FB5918A5A0D2B846D7.sh
Node found at: /usr/local/bin/node

Ld /Users/myfuckingmacbookair/Documents/GitHub/bindery/ios/build/Build/Intermediates.noindex/TheBindery.build/Release-iphonesimulator/TheBindery.build/Objects-normal/arm64/Binary/TheBindery normal arm64 (in target 'TheBindery' from project 'TheBindery')
    cd /Users/myfuckingmacbookair/Documents/GitHub/bindery/ios
    /Applications/Xcode.app/Contents/Developer/Toolchains/XcodeDefault.xctoolchain/usr/bin/clang -Xlinker -reproducible -target arm64-apple-ios16.4-simulator -isysroot /Applications/Xcode.app/Contents/Developer/Platforms/iPhoneSimulator.platform/Developer/SDKs/iPhoneSimulator26.0.sdk -Os -L/Users/myfuckingmacbookair/Documents/GitHub/bindery/ios/build/Build/Intermediates.noindex/EagerLinkingTBDs/Release-iphonesimulator -L/Users/myfuckingmacbookair/Documents/GitHub/bindery/ios/build/Build/Products/Release-iphonesimulator -L/Applications/Xcode.app/Contents/Developer/Platforms/iPhoneSimulator.platform/Developer/SDKs/iPhoneSimulator26.0.sdk/usr/lib/swift -L/Users/myfuckingmacbookair/Documents/GitHub/bindery/ios/build/Build/Products/Release-iphonesimulator/EXConstants -L/Users/myfuckingmacbookair/Documents/GitHub/bindery/ios/build/Build/Products/Release-iphonesimulator/EXJSONUtils -L/Users/myfuckingmacbookair/Documents/GitHub/bindery/ios/build/Build/Products/Release-iphonesimulator/EXManifests -L/Users/myfuckingmacbookair/Documents/GitHub/bindery/ios/build/Build/Products/Release-iphonesimulator/EXUpdatesInterface -L/Users/myfuckingmacbookair/Documents/GitHub/bindery/ios/build/Build/Products/Release-iphonesimulator/Expo -L/Users/myfuckingmacbookair/Documents/GitHub/bindery/ios/build/Build/Products/Release-iphonesimulator/ExpoAsset -L/Users/myfuckingmacbookair/Documents/GitHub/bindery/ios/build/Build/Products/Release-iphonesimulator/ExpoDomWebView -L/Users/myfuckingmacbookair/Documents/GitHub/bindery/ios/build/Build/Products/Release-iphonesimulator/ExpoHaptics -L/Users/myfuckingmacbookair/Documents/GitHub/bindery/ios/build/Build/Products/Release-iphonesimulator/ExpoKeepAwake -L/Users/myfuckingmacbookair/Documents/GitHub/bindery/ios/build/Build/Products/Release-iphonesimulator/ExpoLogBox -L/Users/myfuckingmacbookair/Documents/GitHub/bindery/ios/build/Build/Products/Release-iphonesimulator/ExpoSQLite -L/Users/myfuckingmacbookair/Documents/GitHub/bindery/ios/build/Build/Products/Release-iphonesimulator/ExpoSplashScreen -L/Users/myfuckingmacbookair/Documents/GitHub/bindery/ios/build/Build/Products/Release-iphonesimulator/PurchasesHybridCommon -L/Users/myfuckingmacbookair/Documents/GitHub/bindery/ios/build/Build/Products/Release-iphonesimulator/RNPurchases -L/Users/myfuckingmacbookair/Documents/GitHub/bindery/ios/build/Build/Products/Release-iphonesimulator/ReactAppDependencyProvider -L/Users/myfuckingmacbookair/Documents/GitHub/bindery/ios/build/Build/Products/Release-iphonesimulator/ReactCodegen -L/Users/myfuckingmacbookair/Documents/GitHub/bindery/ios/build/Build/Products/Release-iphonesimulator/RevenueCat -L/Users/myfuckingmacbookair/Documents/GitHub/bindery/ios/build/Build/Products/Release-iphonesimulator/expo-dev-menu-interface -L/Applications/Xcode.app/Contents/Developer/Toolchains/XcodeDefault.xctoolchain/usr/lib/swift/iphonesimulator -L/Applications/Xcode.app/Contents/Developer/Platforms/iPhoneSimulator.platform/Developer/SDKs/iPhoneSimulator26.0.sdk/usr/lib/swift -F/Users/myfuckingmacbookair/Documents/GitHub/bindery/ios/build/Build/Intermediates.noindex/EagerLinkingTBDs/Release-iphonesimulator -F/Users/myfuckingmacbookair/Documents/GitHub/bindery/ios/build/Build/Products/Release-iphonesimulator -F/Users/myfuckingmacbookair/Documents/GitHub/bindery/node_modules/expo-modules-jsi/apple/Products -F/Users/myfuckingmacbookair/Documents/GitHub/bindery/ios/Pods/ExpoFileSystem -F/Users/myfuckingmacbookair/Documents/GitHub/bindery/ios/Pods/ExpoFont -F/Users/myfuckingmacbookair/Documents/GitHub/bindery/ios/Pods/ExpoModulesCore -F/Users/myfuckingmacbookair/Documents/GitHub/bindery/ios/Pods/ExpoModulesWorklets -F/Users/myfuckingmacbookair/Documents/GitHub/bindery/ios/Pods/React-Core-prebuilt -F/Users/myfuckingmacbookair/Documents/GitHub/bindery/ios/Pods/ReactNativeDependencies/framework/packages/react-native -F/Users/myfuckingmacbookair/Documents/GitHub/bindery/ios/Pods/hermes-engine/destroot/Library/Frameworks/universal -F/Users/myfuckingmacbookair/Documents/GitHub/bindery/ios/build/Build/Products/Release-iphonesimulator/XCFrameworkIntermediates/ExpoFileSystem -F/Users/myfuckingmacbookair/Documents/GitHub/bindery/ios/build/Build/Products/Release-iphonesimulator/XCFrameworkIntermediates/ExpoFont -F/Users/myfuckingmacbookair/Documents/GitHub/bindery/ios/build/Build/Products/Release-iphonesimulator/XCFrameworkIntermediates/ExpoModulesCore -F/Users/myfuckingmacbookair/Documents/GitHub/bindery/ios/build/Build/Products/Release-iphonesimulator/XCFrameworkIntermediates/ExpoModulesJSI -F/Users/myfuckingmacbookair/Documents/GitHub/bindery/ios/build/Build/Products/Release-iphonesimulator/XCFrameworkIntermediates/ExpoModulesWorklets -F/Users/myfuckingmacbookair/Documents/GitHub/bindery/ios/build/Build/Products/Release-iphonesimulator/XCFrameworkIntermediates/React-Core-prebuilt -F/Users/myfuckingmacbookair/Documents/GitHub/bindery/ios/build/Build/Products/Release-iphonesimulator/XCFrameworkIntermediates/ReactNativeDependencies -F/Users/myfuckingmacbookair/Documents/GitHub/bindery/ios/build/Build/Products/Release-iphonesimulator/XCFrameworkIntermediates/hermes-engine/Pre-built -filelist /Users/myfuckingmacbookair/Documents/GitHub/bindery/ios/build/Build/Intermediates.noindex/TheBindery.build/Release-iphonesimulator/TheBindery.build/Objects-normal/arm64/TheBindery.LinkFileList -Xlinker -rpath -Xlinker /usr/lib/swift -Xlinker -rpath -Xlinker @executable_path/Frameworks -Xlinker -rpath -Xlinker @loader_path/Frameworks -dead_strip -Xlinker -object_path_lto -Xlinker /Users/myfuckingmacbookair/Documents/GitHub/bindery/ios/build/Build/Intermediates.noindex/TheBindery.build/Release-iphonesimulator/TheBindery.build/Objects-normal/arm64/TheBindery_lto.o -Xlinker -objc_abi_version -Xlinker 2 -Xlinker -dependency_info -Xlinker /Users/myfuckingmacbookair/Documents/GitHub/bindery/ios/build/Build/Intermediates.noindex/TheBindery.build/Release-iphonesimulator/TheBindery.build/Objects-normal/arm64/TheBindery_dependency_info.dat -fobjc-link-runtime -L/Applications/Xcode.app/Contents/Developer/Toolchains/XcodeDefault.xctoolchain/usr/lib/swift/iphonesimulator -L/usr/lib/swift -Xlinker -add_ast_path -Xlinker /Users/myfuckingmacbookair/Documents/GitHub/bindery/ios/build/Build/Intermediates.noindex/TheBindery.build/Release-iphonesimulator/TheBindery.build/Objects-normal/arm64/TheBindery.swiftmodule -ObjC -lEXConstants -lEXJSONUtils -lEXManifests -lEXUpdatesInterface -lExpo -lExpoAsset -lExpoDomWebView -lExpoHaptics -lExpoKeepAwake -lExpoLogBox -lExpoSQLite -lExpoSplashScreen -lPurchasesHybridCommon -lRNPurchases -lReactAppDependencyProvider -lReactCodegen -lRevenueCat -lc++ -lexpo-dev-menu-interface -framework Accelerate -framework AudioToolbox -framework CoreGraphics -framework ExpoFileSystem -framework ExpoFont -framework ExpoModulesCore -framework ExpoModulesJSI -framework ExpoModulesWorklets -framework ImageIO -framework MobileCoreServices -framework QuartzCore -framework React -framework ReactNativeDependencies -framework StoreKit -framework UIKit -framework hermesvm -weak_framework JavaScriptCore -ObjC -lc++ -Xlinker -sectcreate -Xlinker __TEXT -Xlinker __entitlements -Xlinker /Users/myfuckingmacbookair/Documents/GitHub/bindery/ios/build/Build/Intermediates.noindex/TheBindery.build/Release-iphonesimulator/TheBindery.build/TheBindery.app-Simulated.xcent -Xlinker -sectcreate -Xlinker __TEXT -Xlinker __ents_der -Xlinker /Users/myfuckingmacbookair/Documents/GitHub/bindery/ios/build/Build/Intermediates.noindex/TheBindery.build/Release-iphonesimulator/TheBindery.build/TheBindery.app-Simulated.xcent.der -lPods-TheBindery -Xlinker -no_adhoc_codesign -o /Users/myfuckingmacbookair/Documents/GitHub/bindery/ios/build/Build/Intermediates.noindex/TheBindery.build/Release-iphonesimulator/TheBindery.build/Objects-normal/arm64/Binary/TheBindery
ld: warning: ignoring duplicate libraries: '-lc++'

Ld /Users/myfuckingmacbookair/Documents/GitHub/bindery/ios/build/Build/Intermediates.noindex/TheBindery.build/Release-iphonesimulator/TheBindery.build/Objects-normal/x86_64/Binary/TheBindery normal x86_64 (in target 'TheBindery' from project 'TheBindery')
    cd /Users/myfuckingmacbookair/Documents/GitHub/bindery/ios
    /Applications/Xcode.app/Contents/Developer/Toolchains/XcodeDefault.xctoolchain/usr/bin/clang -Xlinker -reproducible -target x86_64-apple-ios16.4-simulator -isysroot /Applications/Xcode.app/Contents/Developer/Platforms/iPhoneSimulator.platform/Developer/SDKs/iPhoneSimulator26.0.sdk -Os -L/Users/myfuckingmacbookair/Documents/GitHub/bindery/ios/build/Build/Intermediates.noindex/EagerLinkingTBDs/Release-iphonesimulator -L/Users/myfuckingmacbookair/Documents/GitHub/bindery/ios/build/Build/Products/Release-iphonesimulator -L/Applications/Xcode.app/Contents/Developer/Platforms/iPhoneSimulator.platform/Developer/SDKs/iPhoneSimulator26.0.sdk/usr/lib/swift -L/Users/myfuckingmacbookair/Documents/GitHub/bindery/ios/build/Build/Products/Release-iphonesimulator/EXConstants -L/Users/myfuckingmacbookair/Documents/GitHub/bindery/ios/build/Build/Products/Release-iphonesimulator/EXJSONUtils -L/Users/myfuckingmacbookair/Documents/GitHub/bindery/ios/build/Build/Products/Release-iphonesimulator/EXManifests -L/Users/myfuckingmacbookair/Documents/GitHub/bindery/ios/build/Build/Products/Release-iphonesimulator/EXUpdatesInterface -L/Users/myfuckingmacbookair/Documents/GitHub/bindery/ios/build/Build/Products/Release-iphonesimulator/Expo -L/Users/myfuckingmacbookair/Documents/GitHub/bindery/ios/build/Build/Products/Release-iphonesimulator/ExpoAsset -L/Users/myfuckingmacbookair/Documents/GitHub/bindery/ios/build/Build/Products/Release-iphonesimulator/ExpoDomWebView -L/Users/myfuckingmacbookair/Documents/GitHub/bindery/ios/build/Build/Products/Release-iphonesimulator/ExpoHaptics -L/Users/myfuckingmacbookair/Documents/GitHub/bindery/ios/build/Build/Products/Release-iphonesimulator/ExpoKeepAwake -L/Users/myfuckingmacbookair/Documents/GitHub/bindery/ios/build/Build/Products/Release-iphonesimulator/ExpoLogBox -L/Users/myfuckingmacbookair/Documents/GitHub/bindery/ios/build/Build/Products/Release-iphonesimulator/ExpoSQLite -L/Users/myfuckingmacbookair/Documents/GitHub/bindery/ios/build/Build/Products/Release-iphonesimulator/ExpoSplashScreen -L/Users/myfuckingmacbookair/Documents/GitHub/bindery/ios/build/Build/Products/Release-iphonesimulator/PurchasesHybridCommon -L/Users/myfuckingmacbookair/Documents/GitHub/bindery/ios/build/Build/Products/Release-iphonesimulator/RNPurchases -L/Users/myfuckingmacbookair/Documents/GitHub/bindery/ios/build/Build/Products/Release-iphonesimulator/ReactAppDependencyProvider -L/Users/myfuckingmacbookair/Documents/GitHub/bindery/ios/build/Build/Products/Release-iphonesimulator/ReactCodegen -L/Users/myfuckingmacbookair/Documents/GitHub/bindery/ios/build/Build/Products/Release-iphonesimulator/RevenueCat -L/Users/myfuckingmacbookair/Documents/GitHub/bindery/ios/build/Build/Products/Release-iphonesimulator/expo-dev-menu-interface -L/Applications/Xcode.app/Contents/Developer/Toolchains/XcodeDefault.xctoolchain/usr/lib/swift/iphonesimulator -L/Applications/Xcode.app/Contents/Developer/Platforms/iPhoneSimulator.platform/Developer/SDKs/iPhoneSimulator26.0.sdk/usr/lib/swift -F/Users/myfuckingmacbookair/Documents/GitHub/bindery/ios/build/Build/Intermediates.noindex/EagerLinkingTBDs/Release-iphonesimulator -F/Users/myfuckingmacbookair/Documents/GitHub/bindery/ios/build/Build/Products/Release-iphonesimulator -F/Users/myfuckingmacbookair/Documents/GitHub/bindery/node_modules/expo-modules-jsi/apple/Products -F/Users/myfuckingmacbookair/Documents/GitHub/bindery/ios/Pods/ExpoFileSystem -F/Users/myfuckingmacbookair/Documents/GitHub/bindery/ios/Pods/ExpoFont -F/Users/myfuckingmacbookair/Documents/GitHub/bindery/ios/Pods/ExpoModulesCore -F/Users/myfuckingmacbookair/Documents/GitHub/bindery/ios/Pods/ExpoModulesWorklets -F/Users/myfuckingmacbookair/Documents/GitHub/bindery/ios/Pods/React-Core-prebuilt -F/Users/myfuckingmacbookair/Documents/GitHub/bindery/ios/Pods/ReactNativeDependencies/framework/packages/react-native -F/Users/myfuckingmacbookair/Documents/GitHub/bindery/ios/Pods/hermes-engine/destroot/Library/Frameworks/universal -F/Users/myfuckingmacbookair/Documents/GitHub/bindery/ios/build/Build/Products/Release-iphonesimulator/XCFrameworkIntermediates/ExpoFileSystem -F/Users/myfuckingmacbookair/Documents/GitHub/bindery/ios/build/Build/Products/Release-iphonesimulator/XCFrameworkIntermediates/ExpoFont -F/Users/myfuckingmacbookair/Documents/GitHub/bindery/ios/build/Build/Products/Release-iphonesimulator/XCFrameworkIntermediates/ExpoModulesCore -F/Users/myfuckingmacbookair/Documents/GitHub/bindery/ios/build/Build/Products/Release-iphonesimulator/XCFrameworkIntermediates/ExpoModulesJSI -F/Users/myfuckingmacbookair/Documents/GitHub/bindery/ios/build/Build/Products/Release-iphonesimulator/XCFrameworkIntermediates/ExpoModulesWorklets -F/Users/myfuckingmacbookair/Documents/GitHub/bindery/ios/build/Build/Products/Release-iphonesimulator/XCFrameworkIntermediates/React-Core-prebuilt -F/Users/myfuckingmacbookair/Documents/GitHub/bindery/ios/build/Build/Products/Release-iphonesimulator/XCFrameworkIntermediates/ReactNativeDependencies -F/Users/myfuckingmacbookair/Documents/GitHub/bindery/ios/build/Build/Products/Release-iphonesimulator/XCFrameworkIntermediates/hermes-engine/Pre-built -filelist /Users/myfuckingmacbookair/Documents/GitHub/bindery/ios/build/Build/Intermediates.noindex/TheBindery.build/Release-iphonesimulator/TheBindery.build/Objects-normal/x86_64/TheBindery.LinkFileList -Xlinker -rpath -Xlinker /usr/lib/swift -Xlinker -rpath -Xlinker @executable_path/Frameworks -Xlinker -rpath -Xlinker @loader_path/Frameworks -dead_strip -Xlinker -object_path_lto -Xlinker /Users/myfuckingmacbookair/Documents/GitHub/bindery/ios/build/Build/Intermediates.noindex/TheBindery.build/Release-iphonesimulator/TheBindery.build/Objects-normal/x86_64/TheBindery_lto.o -Xlinker -objc_abi_version -Xlinker 2 -Xlinker -dependency_info -Xlinker /Users/myfuckingmacbookair/Documents/GitHub/bindery/ios/build/Build/Intermediates.noindex/TheBindery.build/Release-iphonesimulator/TheBindery.build/Objects-normal/x86_64/TheBindery_dependency_info.dat -fobjc-link-runtime -L/Applications/Xcode.app/Contents/Developer/Toolchains/XcodeDefault.xctoolchain/usr/lib/swift/iphonesimulator -L/usr/lib/swift -Xlinker -add_ast_path -Xlinker /Users/myfuckingmacbookair/Documents/GitHub/bindery/ios/build/Build/Intermediates.noindex/TheBindery.build/Release-iphonesimulator/TheBindery.build/Objects-normal/x86_64/TheBindery.swiftmodule -ObjC -lEXConstants -lEXJSONUtils -lEXManifests -lEXUpdatesInterface -lExpo -lExpoAsset -lExpoDomWebView -lExpoHaptics -lExpoKeepAwake -lExpoLogBox -lExpoSQLite -lExpoSplashScreen -lPurchasesHybridCommon -lRNPurchases -lReactAppDependencyProvider -lReactCodegen -lRevenueCat -lc++ -lexpo-dev-menu-interface -framework Accelerate -framework AudioToolbox -framework CoreGraphics -framework ExpoFileSystem -framework ExpoFont -framework ExpoModulesCore -framework ExpoModulesJSI -framework ExpoModulesWorklets -framework ImageIO -framework MobileCoreServices -framework QuartzCore -framework React -framework ReactNativeDependencies -framework StoreKit -framework UIKit -framework hermesvm -weak_framework JavaScriptCore -ObjC -lc++ -Xlinker -sectcreate -Xlinker __TEXT -Xlinker __entitlements -Xlinker /Users/myfuckingmacbookair/Documents/GitHub/bindery/ios/build/Build/Intermediates.noindex/TheBindery.build/Release-iphonesimulator/TheBindery.build/TheBindery.app-Simulated.xcent -Xlinker -sectcreate -Xlinker __TEXT -Xlinker __ents_der -Xlinker /Users/myfuckingmacbookair/Documents/GitHub/bindery/ios/build/Build/Intermediates.noindex/TheBindery.build/Release-iphonesimulator/TheBindery.build/TheBindery.app-Simulated.xcent.der -lPods-TheBindery -Xlinker -no_adhoc_codesign -o /Users/myfuckingmacbookair/Documents/GitHub/bindery/ios/build/Build/Intermediates.noindex/TheBindery.build/Release-iphonesimulator/TheBindery.build/Objects-normal/x86_64/Binary/TheBindery
ld: warning: ignoring duplicate libraries: '-lc++'

CreateUniversalBinary /Users/myfuckingmacbookair/Documents/GitHub/bindery/ios/build/Build/Products/Release-iphonesimulator/TheBindery.app/TheBindery normal arm64\ x86_64 (in target 'TheBindery' from project 'TheBindery')
    cd /Users/myfuckingmacbookair/Documents/GitHub/bindery/ios
    /Applications/Xcode.app/Contents/Developer/Toolchains/XcodeDefault.xctoolchain/usr/bin/lipo -create /Users/myfuckingmacbookair/Documents/GitHub/bindery/ios/build/Build/Intermediates.noindex/TheBindery.build/Release-iphonesimulator/TheBindery.build/Objects-normal/arm64/Binary/TheBindery /Users/myfuckingmacbookair/Documents/GitHub/bindery/ios/build/Build/Intermediates.noindex/TheBindery.build/Release-iphonesimulator/TheBindery.build/Objects-normal/x86_64/Binary/TheBindery -output /Users/myfuckingmacbookair/Documents/GitHub/bindery/ios/build/Build/Products/Release-iphonesimulator/TheBindery.app/TheBindery

PhaseScriptExecution Bundle\ React\ Native\ code\ and\ images /Users/myfuckingmacbookair/Documents/GitHub/bindery/ios/build/Build/Intermediates.noindex/TheBindery.build/Release-iphonesimulator/TheBindery.build/Script-00DD1BFF1BD5951E006B06BC.sh (in target 'TheBindery' from project 'TheBindery')
    cd /Users/myfuckingmacbookair/Documents/GitHub/bindery/ios
    export ACTION\=build
    export AD_HOC_CODE_SIGNING_ALLOWED\=YES
    export AGGREGATE_TRACKED_DOMAINS\=YES
    export ALLOW_BUILD_REQUEST_OVERRIDES\=NO
    export ALLOW_TARGET_PLATFORM_SPECIALIZATION\=NO
    export ALTERNATE_GROUP\=staff
    export ALTERNATE_MODE\=u+w,go-w,a+rX
    export ALTERNATE_OWNER\=myfuckingmacbookair
    export ALTERNATIVE_DISTRIBUTION_WEB\=NO
    export ALWAYS_EMBED_SWIFT_STANDARD_LIBRARIES\=YES
    export ALWAYS_SEARCH_USER_PATHS\=NO
    export ALWAYS_USE_SEPARATE_HEADERMAPS\=NO
    export ANDROID_DEPLOYMENT_TARGET\=21.0
    export APPLICATION_EXTENSION_API_ONLY\=NO
    export APPLY_RULES_IN_COPY_FILES\=NO
    export APPLY_RULES_IN_COPY_HEADERS\=NO
    export APP_SHORTCUTS_ENABLE_FLEXIBLE_MATCHING\=YES
    export ARCHS\=arm64\ x86_64
    export ARCHS_STANDARD\=arm64\ x86_64
    export ARCHS_STANDARD_32_64_BIT\=arm64\ x86_64
    export ARCHS_STANDARD_64_BIT\=arm64\ x86_64
    export ARCHS_STANDARD_INCLUDING_64_BIT\=arm64\ x86_64
    export ARCHS_UNIVERSAL_IPHONE_OS\=arm64\ x86_64
    export ASSETCATALOG_COMPILER_APPICON_NAME\=AppIcon
    export ASSETCATALOG_FILTER_FOR_DEVICE_MODEL\=iPhone18,1
    export ASSETCATALOG_FILTER_FOR_DEVICE_OS_VERSION\=26.0.1
    export ASSETCATALOG_FILTER_FOR_THINNING_DEVICE_CONFIGURATION\=iPhone18,1
    export AUTOMATICALLY_MERGE_DEPENDENCIES\=NO
    export AUTOMATION_APPLE_EVENTS\=NO
    export AVAILABLE_PLATFORMS\=android\ appletvos\ appletvsimulator\ driverkit\ iphoneos\ iphonesimulator\ macosx\ qnx\ watchos\ watchsimulator\ webassembly\ xros\ xrsimulator
    export AppIdentifierPrefix\=75ULC33H2C.
    export BUILD_ACTIVE_RESOURCES_ONLY\=YES
    export BUILD_COMPONENTS\=headers\ build
    export BUILD_DIR\=/Users/myfuckingmacbookair/Documents/GitHub/bindery/ios/build/Build/Products
    export BUILD_LIBRARY_FOR_DISTRIBUTION\=NO
    export BUILD_ROOT\=/Users/myfuckingmacbookair/Documents/GitHub/bindery/ios/build/Build/Products
    export BUILD_STYLE\=
    export BUILD_VARIANTS\=normal
    export BUILT_PRODUCTS_DIR\=/Users/myfuckingmacbookair/Documents/GitHub/bindery/ios/build/Build/Products/Release-iphonesimulator
    export BUNDLE_CONTENTS_FOLDER_PATH_deep\=Contents/
    export BUNDLE_EXECUTABLE_FOLDER_NAME_deep\=MacOS
    export BUNDLE_EXTENSIONS_FOLDER_PATH\=Extensions
    export BUNDLE_FORMAT\=shallow
    export BUNDLE_FRAMEWORKS_FOLDER_PATH\=Frameworks
    export BUNDLE_PLUGINS_FOLDER_PATH\=PlugIns
    export BUNDLE_PRIVATE_HEADERS_FOLDER_PATH\=PrivateHeaders
    export BUNDLE_PUBLIC_HEADERS_FOLDER_PATH\=Headers
    export CACHE_ROOT\=/var/folders/p3/qv3pwhyn1njgqlcyk_px59gr0000gn/C/com.apple.DeveloperTools/26.0.1-17A400/Xcode
    export CCHROOT\=/var/folders/p3/qv3pwhyn1njgqlcyk_px59gr0000gn/C/com.apple.DeveloperTools/26.0.1-17A400/Xcode
    export CHMOD\=/bin/chmod
    export CHOWN\=/usr/sbin/chown
    export CLANG_ANALYZER_LOCALIZABILITY_NONLOCALIZED\=YES
    export CLANG_CACHE_FINE_GRAINED_OUTPUTS\=YES
    export CLANG_CXX_LANGUAGE_STANDARD\=c++20
    export CLANG_CXX_LIBRARY\=libc++
    export CLANG_ENABLE_EXPLICIT_MODULES\=YES
    export CLANG_ENABLE_MODULES\=YES
    export CLANG_ENABLE_OBJC_ARC\=YES
    export CLANG_MODULES_BUILD_SESSION_FILE\=/Users/myfuckingmacbookair/Documents/GitHub/bindery/ios/build/ModuleCache.noindex/Session.modulevalidation
    export CLANG_WARN_BLOCK_CAPTURE_AUTORELEASING\=YES
    export CLANG_WARN_BOOL_CONVERSION\=YES
    export CLANG_WARN_COMMA\=YES
    export CLANG_WARN_CONSTANT_CONVERSION\=YES
    export CLANG_WARN_DEPRECATED_OBJC_IMPLEMENTATIONS\=YES
    export CLANG_WARN_DIRECT_OBJC_ISA_USAGE\=YES_ERROR
    export CLANG_WARN_EMPTY_BODY\=YES
    export CLANG_WARN_ENUM_CONVERSION\=YES
    export CLANG_WARN_INFINITE_RECURSION\=YES
    export CLANG_WARN_INT_CONVERSION\=YES
    export CLANG_WARN_NON_LITERAL_NULL_CONVERSION\=YES
    export CLANG_WARN_OBJC_IMPLICIT_RETAIN_SELF\=YES
    export CLANG_WARN_OBJC_LITERAL_CONVERSION\=YES
    export CLANG_WARN_OBJC_ROOT_CLASS\=YES_ERROR
    export CLANG_WARN_QUOTED_INCLUDE_IN_FRAMEWORK_HEADER\=NO
    export CLANG_WARN_RANGE_LOOP_ANALYSIS\=YES
    export CLANG_WARN_STRICT_PROTOTYPES\=YES
    export CLANG_WARN_SUSPICIOUS_MOVE\=YES
    export CLANG_WARN_UNREACHABLE_CODE\=YES
    export CLANG_WARN__DUPLICATE_METHOD_MATCH\=YES
    export CLASS_FILE_DIR\=/Users/myfuckingmacbookair/Documents/GitHub/bindery/ios/build/Build/Intermediates.noindex/TheBindery.build/Release-iphonesimulator/TheBindery.build/JavaClasses
    export CLEAN_PRECOMPS\=YES
    export CLONE_HEADERS\=NO
    export CODESIGNING_FOLDER_PATH\=/Users/myfuckingmacbookair/Documents/GitHub/bindery/ios/build/Build/Products/Release-iphonesimulator/TheBindery.app
    export CODE_SIGNING_ALLOWED\=YES
    export CODE_SIGNING_REQUIRED\=YES
    export CODE_SIGN_CONTEXT_CLASS\=XCiPhoneSimulatorCodeSignContext
    export CODE_SIGN_ENTITLEMENTS\=TheBindery/TheBindery.entitlements
    export CODE_SIGN_IDENTITY\=-
    export CODE_SIGN_INJECT_BASE_ENTITLEMENTS\=YES
    export COLOR_DIAGNOSTICS\=NO
    export COMBINE_HIDPI_IMAGES\=NO
    export COMPILATION_CACHE_CAS_PATH\=/Users/myfuckingmacbookair/Documents/GitHub/bindery/ios/build/CompilationCache.noindex
    export COMPILATION_CACHE_KEEP_CAS_DIRECTORY\=YES
    export COMPILER_INDEX_STORE_ENABLE\=Default
    export COMPOSITE_SDK_DIRS\=/Users/myfuckingmacbookair/Documents/GitHub/bindery/ios/build/Build/Intermediates.noindex/CompositeSDKs
    export COMPRESS_PNG_FILES\=YES
    export CONFIGURATION\=Release
    export CONFIGURATION_BUILD_DIR\=/Users/myfuckingmacbookair/Documents/GitHub/bindery/ios/build/Build/Products/Release-iphonesimulator
    export CONFIGURATION_TEMP_DIR\=/Users/myfuckingmacbookair/Documents/GitHub/bindery/ios/build/Build/Intermediates.noindex/TheBindery.build/Release-iphonesimulator
    export CONTENTS_FOLDER_PATH\=TheBindery.app
    export CONTENTS_FOLDER_PATH_SHALLOW_BUNDLE_NO\=TheBindery.app/Contents
    export CONTENTS_FOLDER_PATH_SHALLOW_BUNDLE_YES\=TheBindery.app
    export COPYING_PRESERVES_HFS_DATA\=NO
    export COPY_HEADERS_RUN_UNIFDEF\=NO
    export COPY_PHASE_STRIP\=YES
    export CORRESPONDING_DEVICE_PLATFORM_DIR\=/Applications/Xcode.app/Contents/Developer/Platforms/iPhoneOS.platform
    export CORRESPONDING_DEVICE_PLATFORM_NAME\=iphoneos
    export CORRESPONDING_DEVICE_SDK_DIR\=/Applications/Xcode.app/Contents/Developer/Platforms/iPhoneOS.platform/Developer/SDKs/iPhoneOS26.0.sdk
    export CORRESPONDING_DEVICE_SDK_NAME\=iphoneos26.0
    export CP\=/bin/cp
    export CREATE_INFOPLIST_SECTION_IN_BINARY\=NO
    export CURRENT_ARCH\=undefined_arch
    export CURRENT_PROJECT_VERSION\=1
    export CURRENT_VARIANT\=normal
    export DEAD_CODE_STRIPPING\=YES
    export DEBUGGING_SYMBOLS\=YES
    export DEBUG_INFORMATION_FORMAT\=dwarf-with-dsym
    export DEBUG_INFORMATION_VERSION\=compiler-default
    export DEFAULT_COMPILER\=com.apple.compilers.llvm.clang.1_0
    export DEFAULT_DEXT_INSTALL_PATH\=/System/Library/DriverExtensions
    export DEFAULT_KEXT_INSTALL_PATH\=/System/Library/Extensions
    export DEFINES_MODULE\=NO
    export DEPLOYMENT_LOCATION\=NO
    export DEPLOYMENT_POSTPROCESSING\=NO
    export DEPLOYMENT_TARGET_SETTING_NAME\=IPHONEOS_DEPLOYMENT_TARGET
    export DEPLOYMENT_TARGET_SUGGESTED_VALUES\=12.0\ 12.1\ 12.2\ 12.3\ 12.4\ 13.0\ 13.1\ 13.2\ 13.3\ 13.4\ 13.5\ 13.6\ 14.0\ 14.1\ 14.2\ 14.3\ 14.4\ 14.5\ 14.6\ 14.7\ 15.0\ 15.1\ 15.2\ 15.3\ 15.4\ 15.5\ 15.6\ 16.0\ 16.1\ 16.2\ 16.3\ 16.4\ 16.5\ 16.6\ 17.0\ 17.1\ 17.2\ 17.3\ 17.4\ 17.5\ 17.6\ 18.0\ 18.1\ 18.2\ 18.3\ 18.4\ 18.5\ 18.6\ 26.0
    export DERIVED_FILES_DIR\=/Users/myfuckingmacbookair/Documents/GitHub/bindery/ios/build/Build/Intermediates.noindex/TheBindery.build/Release-iphonesimulator/TheBindery.build/DerivedSources
    export DERIVED_FILE_DIR\=/Users/myfuckingmacbookair/Documents/GitHub/bindery/ios/build/Build/Intermediates.noindex/TheBindery.build/Release-iphonesimulator/TheBindery.build/DerivedSources
    export DERIVED_SOURCES_DIR\=/Users/myfuckingmacbookair/Documents/GitHub/bindery/ios/build/Build/Intermediates.noindex/TheBindery.build/Release-iphonesimulator/TheBindery.build/DerivedSources
    export DEVELOPER_APPLICATIONS_DIR\=/Applications/Xcode.app/Contents/Developer/Applications
    export DEVELOPER_BIN_DIR\=/Applications/Xcode.app/Contents/Developer/usr/bin
    export DEVELOPER_DIR\=/Applications/Xcode.app/Contents/Developer
    export DEVELOPER_FRAMEWORKS_DIR\=/Applications/Xcode.app/Contents/Developer/Library/Frameworks
    export DEVELOPER_FRAMEWORKS_DIR_QUOTED\=/Applications/Xcode.app/Contents/Developer/Library/Frameworks
    export DEVELOPER_LIBRARY_DIR\=/Applications/Xcode.app/Contents/Developer/Library
    export DEVELOPER_SDK_DIR\=/Applications/Xcode.app/Contents/Developer/Platforms/MacOSX.platform/Developer/SDKs
    export DEVELOPER_TOOLS_DIR\=/Applications/Xcode.app/Contents/Developer/Tools
    export DEVELOPER_USR_DIR\=/Applications/Xcode.app/Contents/Developer/usr
    export DEVELOPMENT_LANGUAGE\=en
    export DIAGNOSE_MISSING_TARGET_DEPENDENCIES\=YES
    export DIFF\=/usr/bin/diff
    export DOCUMENTATION_FOLDER_PATH\=TheBindery.app/en.lproj/Documentation
    export DONT_GENERATE_INFOPLIST_FILE\=NO
    export DSTROOT\=/tmp/TheBindery.dst
    export DT_TOOLCHAIN_DIR\=/Applications/Xcode.app/Contents/Developer/Toolchains/XcodeDefault.xctoolchain
    export DWARF_DSYM_FILE_NAME\=TheBindery.app.dSYM
    export DWARF_DSYM_FILE_SHOULD_ACCOMPANY_PRODUCT\=NO
    export DWARF_DSYM_FOLDER_PATH\=/Users/myfuckingmacbookair/Documents/GitHub/bindery/ios/build/Build/Products/Release-iphonesimulator
    export DYNAMIC_LIBRARY_EXTENSION\=dylib
    export EAGER_COMPILATION_ALLOW_SCRIPTS\=NO
    export EAGER_LINKING\=NO
    export EFFECTIVE_PLATFORM_NAME\=-iphonesimulator
    export EMBEDDED_CONTENT_CONTAINS_SWIFT\=NO
    export EMBED_ASSET_PACKS_IN_PRODUCT_BUNDLE\=NO
    export ENABLE_APP_SANDBOX\=NO
    export ENABLE_CODE_COVERAGE\=YES
    export ENABLE_CPLUSPLUS_BOUNDS_SAFE_BUFFERS\=NO
    export ENABLE_C_BOUNDS_SAFETY\=NO
    export ENABLE_DEBUG_DYLIB\=NO
    export ENABLE_DEFAULT_HEADER_SEARCH_PATHS\=YES
    export ENABLE_DEFAULT_SEARCH_PATHS\=YES
    export ENABLE_ENHANCED_SECURITY\=NO
    export ENABLE_HARDENED_RUNTIME\=NO
    export ENABLE_HEADER_DEPENDENCIES\=YES
    export ENABLE_INCOMING_NETWORK_CONNECTIONS\=NO
    export ENABLE_NS_ASSERTIONS\=NO
    export ENABLE_ON_DEMAND_RESOURCES\=YES
    export ENABLE_OUTGOING_NETWORK_CONNECTIONS\=NO
    export ENABLE_POINTER_AUTHENTICATION\=NO
    export ENABLE_PREVIEWS\=NO
    export ENABLE_RESOURCE_ACCESS_AUDIO_INPUT\=NO
    export ENABLE_RESOURCE_ACCESS_BLUETOOTH\=NO
    export ENABLE_RESOURCE_ACCESS_CALENDARS\=NO
    export ENABLE_RESOURCE_ACCESS_CAMERA\=NO
    export ENABLE_RESOURCE_ACCESS_CONTACTS\=NO
    export ENABLE_RESOURCE_ACCESS_LOCATION\=NO
    export ENABLE_RESOURCE_ACCESS_PHOTO_LIBRARY\=NO
    export ENABLE_RESOURCE_ACCESS_PRINTING\=NO
    export ENABLE_RESOURCE_ACCESS_USB\=NO
    export ENABLE_SDK_IMPORTS\=NO
    export ENABLE_SECURITY_COMPILER_WARNINGS\=NO
    export ENABLE_STRICT_OBJC_MSGSEND\=YES
    export ENABLE_TESTABILITY\=NO
    export ENABLE_TESTING_SEARCH_PATHS\=NO
    export ENABLE_USER_SCRIPT_SANDBOXING\=NO
    export ENABLE_XOJIT_PREVIEWS\=NO
    export ENFORCE_VALID_ARCHS\=YES
    export ENTITLEMENTS_ALLOWED\=NO
    export ENTITLEMENTS_DESTINATION\=__entitlements
    export ENTITLEMENTS_REQUIRED\=NO
    export EXCLUDED_INSTALLSRC_SUBDIRECTORY_PATTERNS\=.DS_Store\ .svn\ .git\ .hg\ CVS
    export EXCLUDED_RECURSIVE_SEARCH_PATH_SUBDIRECTORIES\=\*.nib\ \*.lproj\ \*.framework\ \*.gch\ \*.xcode\*\ \*.xcassets\ \*.icon\ \(\*\)\ .DS_Store\ CVS\ .svn\ .git\ .hg\ \*.pbproj\ \*.pbxproj
    export EXECUTABLES_FOLDER_PATH\=TheBindery.app/Executables
    export EXECUTABLE_FOLDER_PATH\=TheBindery.app
    export EXECUTABLE_FOLDER_PATH_SHALLOW_BUNDLE_NO\=TheBindery.app/MacOS
    export EXECUTABLE_FOLDER_PATH_SHALLOW_BUNDLE_YES\=TheBindery.app
    export EXECUTABLE_NAME\=TheBindery
    export EXECUTABLE_PATH\=TheBindery.app/TheBindery
    export EXPANDED_CODE_SIGN_IDENTITY\=-
    export EXPANDED_CODE_SIGN_IDENTITY_NAME\=Sign\ to\ Run\ Locally
    export EXTENSIONS_FOLDER_PATH\=TheBindery.app/Extensions
    export FILE_LIST\=/Users/myfuckingmacbookair/Documents/GitHub/bindery/ios/build/Build/Intermediates.noindex/TheBindery.build/Release-iphonesimulator/TheBindery.build/Objects/LinkFileList
    export FIXED_FILES_DIR\=/Users/myfuckingmacbookair/Documents/GitHub/bindery/ios/build/Build/Intermediates.noindex/TheBindery.build/Release-iphonesimulator/TheBindery.build/FixedFiles
    export FRAMEWORKS_FOLDER_PATH\=TheBindery.app/Frameworks
    export FRAMEWORK_FLAG_PREFIX\=-framework
    export FRAMEWORK_SEARCH_PATHS\=/Users/myfuckingmacbookair/Documents/GitHub/bindery/ios/build/Build/Products/Release-iphonesimulator\ \ \"/Users/myfuckingmacbookair/Documents/GitHub/bindery/ios/Pods/../../node_modules/expo-modules-jsi/apple/Products\"\ \"/Users/myfuckingmacbookair/Documents/GitHub/bindery/ios/Pods/ExpoFileSystem\"\ \"/Users/myfuckingmacbookair/Documents/GitHub/bindery/ios/Pods/ExpoFont\"\ \"/Users/myfuckingmacbookair/Documents/GitHub/bindery/ios/Pods/ExpoModulesCore\"\ \"/Users/myfuckingmacbookair/Documents/GitHub/bindery/ios/Pods/ExpoModulesWorklets\"\ \"/Users/myfuckingmacbookair/Documents/GitHub/bindery/ios/Pods/React-Core-prebuilt\"\ \"/Users/myfuckingmacbookair/Documents/GitHub/bindery/ios/Pods/ReactNativeDependencies/framework/packages/react-native\"\ \"/Users/myfuckingmacbookair/Documents/GitHub/bindery/ios/Pods/hermes-engine/destroot/Library/Frameworks/universal\"\ \"/Users/myfuckingmacbookair/Documents/GitHub/bindery/ios/build/Build/Products/Release-iphonesimulator/XCFrameworkIntermediates/ExpoFileSystem\"\ \"/Users/myfuckingmacbookair/Documents/GitHub/bindery/ios/build/Build/Products/Release-iphonesimulator/XCFrameworkIntermediates/ExpoFont\"\ \"/Users/myfuckingmacbookair/Documents/GitHub/bindery/ios/build/Build/Products/Release-iphonesimulator/XCFrameworkIntermediates/ExpoModulesCore\"\ \"/Users/myfuckingmacbookair/Documents/GitHub/bindery/ios/build/Build/Products/Release-iphonesimulator/XCFrameworkIntermediates/ExpoModulesJSI\"\ \"/Users/myfuckingmacbookair/Documents/GitHub/bindery/ios/build/Build/Products/Release-iphonesimulator/XCFrameworkIntermediates/ExpoModulesWorklets\"\ \"/Users/myfuckingmacbookair/Documents/GitHub/bindery/ios/build/Build/Products/Release-iphonesimulator/XCFrameworkIntermediates/React-Core-prebuilt\"\ \"/Users/myfuckingmacbookair/Documents/GitHub/bindery/ios/build/Build/Products/Release-iphonesimulator/XCFrameworkIntermediates/ReactNativeDependencies\"\ \"/Users/myfuckingmacbookair/Documents/GitHub/bindery/ios/build/Build/Products/Release-iphonesimulator/XCFrameworkIntermediates/hermes-engine/Pre-built\"
    export FRAMEWORK_VERSION\=A
    export FULL_PRODUCT_NAME\=TheBindery.app
    export FUSE_BUILD_PHASES\=YES
    export FUSE_BUILD_SCRIPT_PHASES\=NO
    export GCC3_VERSION\=3.3
    export GCC_C_LANGUAGE_STANDARD\=gnu99
    export GCC_DYNAMIC_NO_PIC\=NO
    export GCC_INLINES_ARE_PRIVATE_EXTERN\=YES
    export GCC_NO_COMMON_BLOCKS\=YES
    export GCC_OBJC_LEGACY_DISPATCH\=YES
    export GCC_PFE_FILE_C_DIALECTS\=c\ objective-c\ c++\ objective-c++
    export GCC_PREPROCESSOR_DEFINITIONS\=\ COCOAPODS\=1
    export GCC_SYMBOLS_PRIVATE_EXTERN\=YES
    export GCC_TREAT_WARNINGS_AS_ERRORS\=NO
    export GCC_VERSION\=com.apple.compilers.llvm.clang.1_0
    export GCC_VERSION_IDENTIFIER\=com_apple_compilers_llvm_clang_1_0
    export GCC_WARN_64_TO_32_BIT_CONVERSION\=YES
    export GCC_WARN_ABOUT_RETURN_TYPE\=YES_ERROR
    export GCC_WARN_UNDECLARED_SELECTOR\=YES
    export GCC_WARN_UNINITIALIZED_AUTOS\=YES_AGGRESSIVE
    export GCC_WARN_UNUSED_FUNCTION\=YES
    export GCC_WARN_UNUSED_VARIABLE\=YES
    export GENERATED_MODULEMAP_DIR\=/Users/myfuckingmacbookair/Documents/GitHub/bindery/ios/build/Build/Intermediates.noindex/GeneratedModuleMaps-iphonesimulator
    export GENERATE_INFOPLIST_FILE\=NO
    export GENERATE_INTERMEDIATE_TEXT_BASED_STUBS\=YES
    export GENERATE_PKGINFO_FILE\=YES
    export GENERATE_PRELINK_OBJECT_FILE\=NO
    export GENERATE_PROFILING_CODE\=NO
    export GENERATE_TEXT_BASED_STUBS\=NO
    export GID\=20
    export GROUP\=staff
    export HEADERMAP_INCLUDES_FLAT_ENTRIES_FOR_TARGET_BEING_BUILT\=YES
    export HEADERMAP_INCLUDES_FRAMEWORK_ENTRIES_FOR_ALL_PRODUCT_TYPES\=YES
    export HEADERMAP_INCLUDES_FRAMEWORK_ENTRIES_FOR_TARGETS_NOT_BEING_BUILT\=YES
    export HEADERMAP_INCLUDES_NONPUBLIC_NONPRIVATE_HEADERS\=YES
    export HEADERMAP_INCLUDES_PROJECT_HEADERS\=YES
    export HEADERMAP_USES_FRAMEWORK_PREFIX_ENTRIES\=YES
    export HEADERMAP_USES_VFS\=NO
    export HEADER_SEARCH_PATHS\=/Users/myfuckingmacbookair/Documents/GitHub/bindery/ios/build/Build/Products/Release-iphonesimulator/include\ \ \"/Users/myfuckingmacbookair/Documents/GitHub/bindery/ios/Pods/Headers/Public\"\ \"/Users/myfuckingmacbookair/Documents/GitHub/bindery/ios/Pods/Headers/Public/EXConstants\"\ \"/Users/myfuckingmacbookair/Documents/GitHub/bindery/ios/Pods/Headers/Public/EXJSONUtils\"\ \"/Users/myfuckingmacbookair/Documents/GitHub/bindery/ios/Pods/Headers/Public/Expo\"\ \"/Users/myfuckingmacbookair/Documents/GitHub/bindery/ios/Pods/Headers/Public/ExpoSQLite\"\ \"/Users/myfuckingmacbookair/Documents/GitHub/bindery/ios/Pods/Headers/Public/FBLazyVector\"\ \"/Users/myfuckingmacbookair/Documents/GitHub/bindery/ios/Pods/Headers/Public/PurchasesHybridCommon\"\ \"/Users/myfuckingmacbookair/Documents/GitHub/bindery/ios/Pods/Headers/Public/RCTDeprecation\"\ \"/Users/myfuckingmacbookair/Documents/GitHub/bindery/ios/Pods/Headers/Public/RCTRequired\"\ \"/Users/myfuckingmacbookair/Documents/GitHub/bindery/ios/Pods/Headers/Public/RCTSwiftUIWrapper\"\ \"/Users/myfuckingmacbookair/Documents/GitHub/bindery/ios/Pods/Headers/Public/RCTTypeSafety\"\ \"/Users/myfuckingmacbookair/Documents/GitHub/bindery/ios/Pods/Headers/Public/RNPurchases\"\ \"/Users/myfuckingmacbookair/Documents/GitHub/bindery/ios/Pods/Headers/Public/React-Core\"\ \"/Users/myfuckingmacbookair/Documents/GitHub/bindery/ios/Pods/Headers/Public/React-Core-prebuilt\"\ \"/Users/myfuckingmacbookair/Documents/GitHub/bindery/ios/Pods/Headers/Public/React-CoreModules\"\ \"/Users/myfuckingmacbookair/Documents/GitHub/bindery/ios/Pods/Headers/Public/React-Fabric\"\ \"/Users/myfuckingmacbookair/Documents/GitHub/bindery/ios/Pods/Headers/Public/React-FabricComponents\"\ \"/Users/myfuckingmacbookair/Documents/GitHub/bindery/ios/Pods/Headers/Public/React-FabricImage\"\ \"/Users/myfuckingmacbookair/Documents/GitHub/bindery/ios/Pods/Headers/Public/React-ImageManager\"\ \"/Users/myfuckingmacbookair/Documents/GitHub/bindery/ios/Pods/Headers/Public/React-Mapbuffer\"\ \"/Users/myfuckingmacbookair/Documents/GitHub/bindery/ios/Pods/Headers/Public/React-NativeModulesApple\"\ \"/Users/myfuckingmacbookair/Documents/GitHub/bindery/ios/Pods/Headers/Public/React-RCTAnimation\"\ \"/Users/myfuckingmacbookair/Documents/GitHub/bindery/ios/Pods/Headers/Public/React-RCTAppDelegate\"\ \"/Users/myfuckingmacbookair/Documents/GitHub/bindery/ios/Pods/Headers/Public/React-RCTBlob\"\ \"/Users/myfuckingmacbookair/Documents/GitHub/bindery/ios/Pods/Headers/Public/React-RCTFBReactNativeSpec\"\ \"/Users/myfuckingmacbookair/Documents/GitHub/bindery/ios/Pods/Headers/Public/React-RCTFabric\"\ \"/Users/myfuckingmacbookair/Documents/GitHub/bindery/ios/Pods/Headers/Public/React-RCTImage\"\ \"/Users/myfuckingmacbookair/Documents/GitHub/bindery/ios/Pods/Headers/Public/React-RCTRuntime\"\ \"/Users/myfuckingmacbookair/Documents/GitHub/bindery/ios/Pods/Headers/Public/React-RCTSettings\"\ \"/Users/myfuckingmacbookair/Documents/GitHub/bindery/ios/Pods/Headers/Public/React-RCTText\"\ \"/Users/myfuckingmacbookair/Documents/GitHub/bindery/ios/Pods/Headers/Public/React-RCTVibration\"\ \"/Users/myfuckingmacbookair/Documents/GitHub/bindery/ios/Pods/Headers/Public/React-RuntimeApple\"\ \"/Users/myfuckingmacbookair/Documents/GitHub/bindery/ios/Pods/Headers/Public/React-RuntimeCore\"\ \"/Users/myfuckingmacbookair/Documents/GitHub/bindery/ios/Pods/Headers/Public/React-RuntimeHermes\"\ \"/Users/myfuckingmacbookair/Documents/GitHub/bindery/ios/Pods/Headers/Public/React-callinvoker\"\ \"/Users/myfuckingmacbookair/Documents/GitHub/bindery/ios/Pods/Headers/Public/React-cxxreact\"\ \"/Users/myfuckingmacbookair/Documents/GitHub/bindery/ios/Pods/Headers/Public/React-debug\"\ \"/Users/myfuckingmacbookair/Documents/GitHub/bindery/ios/Pods/Headers/Public/React-defaultsnativemodule\"\ \"/Users/myfuckingmacbookair/Documents/GitHub/bindery/ios/Pods/Headers/Public/React-domnativemodule\"\ \"/Users/myfuckingmacbookair/Documents/GitHub/bindery/ios/Pods/Headers/Public/React-featureflags\"\ \"/Users/myfuckingmacbookair/Documents/GitHub/bindery/ios/Pods/Headers/Public/React-featureflagsnativemodule\"\ \"/Users/myfuckingmacbookair/Documents/GitHub/bindery/ios/Pods/Headers/Public/React-graphics\"\ \"/Users/myfuckingmacbookair/Documents/GitHub/bindery/ios/Pods/Headers/Public/React-hermes\"\ \"/Users/myfuckingmacbookair/Documents/GitHub/bindery/ios/Pods/Headers/Public/React-idlecallbacksnativemodule\"\ \"/Users/myfuckingmacbookair/Documents/GitHub/bindery/ios/Pods/Headers/Public/React-intersectionobservernativemodule\"\ \"/Users/myfuckingmacbookair/Documents/GitHub/bindery/ios/Pods/Headers/Public/React-jserrorhandler\"\ \"/Users/myfuckingmacbookair/Documents/GitHub/bindery/ios/Pods/Headers/Public/React-jsi\"\ \"/Users/myfuckingmacbookair/Documents/GitHub/bindery/ios/Pods/Headers/Public/React-jsiexecutor\"\ \"/Users/myfuckingmacbookair/Documents/GitHub/bindery/ios/Pods/Headers/Public/React-jsinspector\"\ \"/Users/myfuckingmacbookair/Documents/GitHub/bindery/ios/Pods/Headers/Public/React-jsinspectorcdp\"\ \"/Users/myfuckingmacbookair/Documents/GitHub/bindery/ios/Pods/Headers/Public/React-jsinspectornetwork\"\ \"/Users/myfuckingmacbookair/Documents/GitHub/bindery/ios/Pods/Headers/Public/React-jsinspectortracing\"\ \"/Users/myfuckingmacbookair/Documents/GitHub/bindery/ios/Pods/Headers/Public/React-jsitooling\"\ \"/Users/myfuckingmacbookair/Documents/GitHub/bindery/ios/Pods/Headers/Public/React-logger\"\ \"/Users/myfuckingmacbookair/Documents/GitHub/bindery/ios/Pods/Headers/Public/React-microtasksnativemodule\"\ \"/Users/myfuckingmacbookair/Documents/GitHub/bindery/ios/Pods/Headers/Public/React-mutationobservernativemodule\"\ \"/Users/myfuckingmacbookair/Documents/GitHub/bindery/ios/Pods/Headers/Public/React-networking\"\ \"/Users/myfuckingmacbookair/Documents/GitHub/bindery/ios/Pods/Headers/Public/React-oscompat\"\ \"/Users/myfuckingmacbookair/Documents/GitHub/bindery/ios/Pods/Headers/Public/React-perflogger\"\ \"/Users/myfuckingmacbookair/Documents/GitHub/bindery/ios/Pods/Headers/Public/React-performancecdpmetrics\"\ \"/Users/myfuckingmacbookair/Documents/GitHub/bindery/ios/Pods/Headers/Public/React-performancetimeline\"\ \"/Users/myfuckingmacbookair/Documents/GitHub/bindery/ios/Pods/Headers/Public/React-rendererconsistency\"\ \"/Users/myfuckingmacbookair/Documents/GitHub/bindery/ios/Pods/Headers/Public/React-renderercss\"\ \"/Users/myfuckingmacbookair/Documents/GitHub/bindery/ios/Pods/Headers/Public/React-rendererdebug\"\ \"/Users/myfuckingmacbookair/Documents/GitHub/bindery/ios/Pods/Headers/Public/React-runtimeexecutor\"\ \"/Users/myfuckingmacbookair/Documents/GitHub/bindery/ios/Pods/Headers/Public/React-runtimescheduler\"\ \"/Users/myfuckingmacbookair/Documents/GitHub/bindery/ios/Pods/Headers/Public/React-timing\"\ \"/Users/myfuckingmacbookair/Documents/GitHub/bindery/ios/Pods/Headers/Public/React-utils\"\ \"/Users/myfuckingmacbookair/Documents/GitHub/bindery/ios/Pods/Headers/Public/React-viewtransitionnativemodule\"\ \"/Users/myfuckingmacbookair/Documents/GitHub/bindery/ios/Pods/Headers/Public/React-webperformancenativemodule\"\ \"/Users/myfuckingmacbookair/Documents/GitHub/bindery/ios/Pods/Headers/Public/ReactAppDependencyProvider\"\ \"/Users/myfuckingmacbookair/Documents/GitHub/bindery/ios/Pods/Headers/Public/ReactCodegen\"\ \"/Users/myfuckingmacbookair/Documents/GitHub/bindery/ios/Pods/Headers/Public/ReactCommon\"\ \"/Users/myfuckingmacbookair/Documents/GitHub/bindery/ios/Pods/Headers/Public/ReactNativeDependencies\"\ \"/Users/myfuckingmacbookair/Documents/GitHub/bindery/ios/Pods/Headers/Public/Yoga\"\ \"/Users/myfuckingmacbookair/Documents/GitHub/bindery/ios/Pods/Headers/Public/expo-dev-launcher\"\ \"/Users/myfuckingmacbookair/Documents/GitHub/bindery/ios/Pods/Headers/Public/expo-dev-menu\"\ \"/Users/myfuckingmacbookair/Documents/GitHub/bindery/ios/Pods/Headers/Public/hermes-engine\"\ \"/Users/myfuckingmacbookair/Documents/GitHub/bindery/ios/build/Build/Products/Release-iphonesimulator/EXManifests/Swift\ Compatibility\ Header\"\ \"/Users/myfuckingmacbookair/Documents/GitHub/bindery/ios/build/Build/Products/Release-iphonesimulator/EXUpdatesInterface/Swift\ Compatibility\ Header\"\ \"/Users/myfuckingmacbookair/Documents/GitHub/bindery/ios/build/Build/Products/Release-iphonesimulator/Expo/Swift\ Compatibility\ Header\"\ \"/Users/myfuckingmacbookair/Documents/GitHub/bindery/ios/Pods/Headers/Private/Yoga\"\ \"/Users/myfuckingmacbookair/Documents/GitHub/bindery/ios/build/Build/Products/Release-iphonesimulator/ExpoModulesCore/Swift\ Compatibility\ Header\"\ \"/Users/myfuckingmacbookair/Documents/GitHub/bindery/ios/Pods/Headers/Private/Yoga\"\ \"/Users/myfuckingmacbookair/Documents/GitHub/bindery/ios/Pods/Headers/Private/React-Core\"\ \"/Users/myfuckingmacbookair/Documents/GitHub/bindery/ios/Pods/Headers/Private/React-Core\"\ \"/Users/myfuckingmacbookair/Documents/GitHub/bindery/ios/Pods/Headers/Private/Yoga\"\ \"/Users/myfuckingmacbookair/Documents/GitHub/bindery/ios/build/Build/Products/Release-iphonesimulator/expo-dev-menu-interface/Swift\ Compatibility\ Header\"\ \"/Users/myfuckingmacbookair/Documents/GitHub/bindery/ios/Pods/ExpoModulesCore/ExpoModulesCore.xcframework/ios-arm64_x86_64-simulator/ExpoModulesCore.framework/Headers\"\ \"/Users/myfuckingmacbookair/Documents/GitHub/bindery/ios/Pods/ExpoModulesCore/ExpoModulesCore.xcframework/ios-arm64/ExpoModulesCore.framework/Headers\"
    export HERMES_CLI_PATH\=/Users/myfuckingmacbookair/Documents/GitHub/bindery/node_modules/hermes-compiler/hermesc/osx-bin/hermesc
    export HOME\=/Users/myfuckingmacbookair
    export HOST_ARCH\=x86_64
    export HOST_PLATFORM\=macosx
    export ICONV\=/usr/bin/iconv
    export IMPLICIT_DEPENDENCY_DOMAIN\=default
    export INFOPLIST_ENABLE_CFBUNDLEICONS_MERGE\=YES
    export INFOPLIST_EXPAND_BUILD_SETTINGS\=YES
    export INFOPLIST_FILE\=TheBindery/Info.plist
    export INFOPLIST_OUTPUT_FORMAT\=binary
    export INFOPLIST_PATH\=TheBindery.app/Info.plist
    export INFOPLIST_PREPROCESS\=NO
    export INFOSTRINGS_PATH\=TheBindery.app/en.lproj/InfoPlist.strings
    export INLINE_PRIVATE_FRAMEWORKS\=NO
    export INSTALLAPI_IGNORE_SKIP_INSTALL\=YES
    export INSTALLHDRS_COPY_PHASE\=NO
    export INSTALLHDRS_SCRIPT_PHASE\=NO
    export INSTALL_DIR\=/tmp/TheBindery.dst/Applications
    export INSTALL_GROUP\=staff
    export INSTALL_MODE_FLAG\=u+w,go-w,a+rX
    export INSTALL_OWNER\=myfuckingmacbookair
    export INSTALL_PATH\=/Applications
    export INSTALL_ROOT\=/tmp/TheBindery.dst
    export IPHONEOS_DEPLOYMENT_TARGET\=16.4
    export IS_UNOPTIMIZED_BUILD\=NO
    export JAVAC_DEFAULT_FLAGS\=-J-Xms64m\ -J-XX:NewSize\=4M\ -J-Dfile.encoding\=UTF8
    export JAVA_APP_STUB\=/System/Library/Frameworks/JavaVM.framework/Resources/MacOS/JavaApplicationStub
    export JAVA_ARCHIVE_CLASSES\=YES
    export JAVA_ARCHIVE_TYPE\=JAR
    export JAVA_COMPILER\=/usr/bin/javac
    export JAVA_FOLDER_PATH\=TheBindery.app/Java
    export JAVA_FRAMEWORK_RESOURCES_DIRS\=Resources
    export JAVA_JAR_FLAGS\=cv
    export JAVA_SOURCE_SUBDIR\=.
    export JAVA_USE_DEPENDENCIES\=YES
    export JAVA_ZIP_FLAGS\=-urg
    export JIKES_DEFAULT_FLAGS\=+E\ +OLDCSO
    export KEEP_PRIVATE_EXTERNS\=NO
    export LD_DEPENDENCY_INFO_FILE\=/Users/myfuckingmacbookair/Documents/GitHub/bindery/ios/build/Build/Intermediates.noindex/TheBindery.build/Release-iphonesimulator/TheBindery.build/Objects-normal/undefined_arch/TheBindery_dependency_info.dat
    export LD_ENTITLEMENTS_SECTION\=/Users/myfuckingmacbookair/Documents/GitHub/bindery/ios/build/Build/Intermediates.noindex/TheBindery.build/Release-iphonesimulator/TheBindery.build/TheBindery.app-Simulated.xcent
    export LD_ENTITLEMENTS_SECTION_DER\=/Users/myfuckingmacbookair/Documents/GitHub/bindery/ios/build/Build/Intermediates.noindex/TheBindery.build/Release-iphonesimulator/TheBindery.build/TheBindery.app-Simulated.xcent.der
    export LD_EXPORT_SYMBOLS\=YES
    export LD_GENERATE_MAP_FILE\=NO
    export LD_MAP_FILE_PATH\=/Users/myfuckingmacbookair/Documents/GitHub/bindery/ios/build/Build/Intermediates.noindex/TheBindery.build/Release-iphonesimulator/TheBindery.build/TheBindery-LinkMap-normal-undefined_arch.txt
    export LD_NO_PIE\=NO
    export LD_QUOTE_LINKER_ARGUMENTS_FOR_COMPILER_DRIVER\=YES
    export LD_RUNPATH_SEARCH_PATHS\=/usr/lib/swift\ \ /usr/lib/swift\ \'@executable_path/Frameworks\'\ \'@loader_path/Frameworks\'\ @executable_path/Frameworks
    export LD_RUNPATH_SEARCH_PATHS_YES\=@loader_path/../Frameworks
    export LD_SHARED_CACHE_ELIGIBLE\=Automatic
    export LD_WARN_DUPLICATE_LIBRARIES\=NO
    export LD_WARN_UNUSED_DYLIBS\=NO
    export LEGACY_DEVELOPER_DIR\=/Applications/Xcode.app/Contents/PlugIns/Xcode3Core.ideplugin/Contents/SharedSupport/Developer
    export LEX\=lex
    export LIBRARY_DEXT_INSTALL_PATH\=/Library/DriverExtensions
    export LIBRARY_FLAG_NOSPACE\=YES
    export LIBRARY_FLAG_PREFIX\=-l
    export LIBRARY_KEXT_INSTALL_PATH\=/Library/Extensions
    export LIBRARY_SEARCH_PATHS\=/Users/myfuckingmacbookair/Documents/GitHub/bindery/ios/build/Build/Products/Release-iphonesimulator\ /Applications/Xcode.app/Contents/Developer/Platforms/iPhoneSimulator.platform/Developer/SDKs/iPhoneSimulator26.0.sdk/usr/lib/swift\ /Users/myfuckingmacbookair/Documents/GitHub/bindery/ios/build/Build/Products/Release-iphonesimulator/EXConstants\ /Users/myfuckingmacbookair/Documents/GitHub/bindery/ios/build/Build/Products/Release-iphonesimulator/EXJSONUtils\ /Users/myfuckingmacbookair/Documents/GitHub/bindery/ios/build/Build/Products/Release-iphonesimulator/EXManifests\ /Users/myfuckingmacbookair/Documents/GitHub/bindery/ios/build/Build/Products/Release-iphonesimulator/EXUpdatesInterface\ /Users/myfuckingmacbookair/Documents/GitHub/bindery/ios/build/Build/Products/Release-iphonesimulator/Expo\ /Users/myfuckingmacbookair/Documents/GitHub/bindery/ios/build/Build/Products/Release-iphonesimulator/ExpoAsset\ /Users/myfuckingmacbookair/Documents/GitHub/bindery/ios/build/Build/Products/Release-iphonesimulator/ExpoDomWebView\ /Users/myfuckingmacbookair/Documents/GitHub/bindery/ios/build/Build/Products/Release-iphonesimulator/ExpoHaptics\ /Users/myfuckingmacbookair/Documents/GitHub/bindery/ios/build/Build/Products/Release-iphonesimulator/ExpoKeepAwake\ /Users/myfuckingmacbookair/Documents/GitHub/bindery/ios/build/Build/Products/Release-iphonesimulator/ExpoLogBox\ /Users/myfuckingmacbookair/Documents/GitHub/bindery/ios/build/Build/Products/Release-iphonesimulator/ExpoSQLite\ /Users/myfuckingmacbookair/Documents/GitHub/bindery/ios/build/Build/Products/Release-iphonesimulator/ExpoSplashScreen\ /Users/myfuckingmacbookair/Documents/GitHub/bindery/ios/build/Build/Products/Release-iphonesimulator/PurchasesHybridCommon\ /Users/myfuckingmacbookair/Documents/GitHub/bindery/ios/build/Build/Products/Release-iphonesimulator/RNPurchases\ /Users/myfuckingmacbookair/Documents/GitHub/bindery/ios/build/Build/Products/Release-iphonesimulator/ReactAppDependencyProvider\ /Users/myfuckingmacbookair/Documents/GitHub/bindery/ios/build/Build/Products/Release-iphonesimulator/ReactCodegen\ /Users/myfuckingmacbookair/Documents/GitHub/bindery/ios/build/Build/Products/Release-iphonesimulator/RevenueCat\ /Users/myfuckingmacbookair/Documents/GitHub/bindery/ios/build/Build/Products/Release-iphonesimulator/expo-dev-menu-interface\ /Applications/Xcode.app/Contents/Developer/Toolchains/XcodeDefault.xctoolchain/usr/lib/swift/iphonesimulator\ /Applications/Xcode.app/Contents/Developer/Platforms/iPhoneSimulator.platform/Developer/SDKs/iPhoneSimulator26.0.sdk/usr/lib/swift
    export LINKER_DISPLAYS_MANGLED_NAMES\=NO
    export LINK_FILE_LIST_normal_arm64\=/Users/myfuckingmacbookair/Documents/GitHub/bindery/ios/build/Build/Intermediates.noindex/TheBindery.build/Release-iphonesimulator/TheBindery.build/Objects-normal/arm64/TheBindery.LinkFileList
    export LINK_FILE_LIST_normal_x86_64\=/Users/myfuckingmacbookair/Documents/GitHub/bindery/ios/build/Build/Intermediates.noindex/TheBindery.build/Release-iphonesimulator/TheBindery.build/Objects-normal/x86_64/TheBindery.LinkFileList
    export LINK_OBJC_RUNTIME\=YES
    export LINK_WITH_STANDARD_LIBRARIES\=YES
    export LLVM_TARGET_TRIPLE_OS_VERSION\=ios16.4
    export LLVM_TARGET_TRIPLE_SUFFIX\=-simulator
    export LLVM_TARGET_TRIPLE_VENDOR\=apple
    export LM_AUX_CONST_METADATA_LIST_PATH_normal_arm64\=/Users/myfuckingmacbookair/Documents/GitHub/bindery/ios/build/Build/Intermediates.noindex/TheBindery.build/Release-iphonesimulator/TheBindery.build/Objects-normal/arm64/TheBindery.SwiftConstValuesFileList
    export LM_AUX_CONST_METADATA_LIST_PATH_normal_x86_64\=/Users/myfuckingmacbookair/Documents/GitHub/bindery/ios/build/Build/Intermediates.noindex/TheBindery.build/Release-iphonesimulator/TheBindery.build/Objects-normal/x86_64/TheBindery.SwiftConstValuesFileList
    export LOCALIZATION_EXPORT_SUPPORTED\=YES
    export LOCALIZATION_PREFERS_STRING_CATALOGS\=NO
    export LOCALIZED_RESOURCES_FOLDER_PATH\=TheBindery.app/en.lproj
    export LOCALIZED_STRING_MACRO_NAMES\=NSLocalizedString\ CFCopyLocalizedString
    export LOCALIZED_STRING_SWIFTUI_SUPPORT\=YES
    export LOCAL_ADMIN_APPS_DIR\=/Applications/Utilities
    export LOCAL_APPS_DIR\=/Applications
    export LOCAL_DEVELOPER_DIR\=/Library/Developer
    export LOCAL_LIBRARY_DIR\=/Library
    export LOCROOT\=/Users/myfuckingmacbookair/Documents/GitHub/bindery/ios
    export LOCSYMROOT\=/Users/myfuckingmacbookair/Documents/GitHub/bindery/ios
    export MACH_O_TYPE\=mh_execute
    export MAC_OS_X_PRODUCT_BUILD_VERSION\=25F80
    export MAC_OS_X_VERSION_ACTUAL\=260501
    export MAC_OS_X_VERSION_MAJOR\=260000
    export MAC_OS_X_VERSION_MINOR\=260500
    export MAKE_MERGEABLE\=NO
    export MARKETING_VERSION\=1.0
    export MERGEABLE_LIBRARY\=NO
    export MERGED_BINARY_TYPE\=none
    export MERGE_LINKED_LIBRARIES\=NO
    export METAL_LIBRARY_FILE_BASE\=default
    export METAL_LIBRARY_OUTPUT_DIR\=/Users/myfuckingmacbookair/Documents/GitHub/bindery/ios/build/Build/Products/Release-iphonesimulator/TheBindery.app
    export MODULES_FOLDER_PATH\=TheBindery.app/Modules
    export MODULE_CACHE_DIR\=/Users/myfuckingmacbookair/Documents/GitHub/bindery/ios/build/ModuleCache.noindex
    export MTL_ENABLE_DEBUG_INFO\=NO
    export NATIVE_ARCH\=x86_64
    export NATIVE_ARCH_32_BIT\=i386
    export NATIVE_ARCH_64_BIT\=x86_64
    export NATIVE_ARCH_ACTUAL\=x86_64
    export NO_COMMON\=YES
    export OBJC_ABI_VERSION\=2
    export OBJECT_FILE_DIR\=/Users/myfuckingmacbookair/Documents/GitHub/bindery/ios/build/Build/Intermediates.noindex/TheBindery.build/Release-iphonesimulator/TheBindery.build/Objects
    export OBJECT_FILE_DIR_normal\=/Users/myfuckingmacbookair/Documents/GitHub/bindery/ios/build/Build/Intermediates.noindex/TheBindery.build/Release-iphonesimulator/TheBindery.build/Objects-normal
    export OBJROOT\=/Users/myfuckingmacbookair/Documents/GitHub/bindery/ios/build/Build/Intermediates.noindex
    export ONLY_ACTIVE_ARCH\=NO
    export OS\=MACOS
    export OSAC\=/usr/bin/osacompile
    export OTHER_CFLAGS\=\ -DRCT_REMOVE_LEGACY_ARCH\=1\ -fmodule-map-file\=\"/Users/myfuckingmacbookair/Documents/GitHub/bindery/ios/build/Build/Products/Release-iphonesimulator/EXConstants/EXConstants.modulemap\"\ -fmodule-map-file\=\"/Users/myfuckingmacbookair/Documents/GitHub/bindery/ios/build/Build/Products/Release-iphonesimulator/EXManifests/EXManifests.modulemap\"\ -fmodule-map-file\=\"/Users/myfuckingmacbookair/Documents/GitHub/bindery/ios/build/Build/Products/Release-iphonesimulator/EXUpdatesInterface/EXUpdatesInterface.modulemap\"\ -fmodule-map-file\=\"/Users/myfuckingmacbookair/Documents/GitHub/bindery/ios/build/Build/Products/Release-iphonesimulator/Expo/Expo.modulemap\"\ -fmodule-map-file\=\"/Users/myfuckingmacbookair/Documents/GitHub/bindery/ios/build/Build/Products/Release-iphonesimulator/ExpoAsset/ExpoAsset.modulemap\"\ -fmodule-map-file\=\"/Users/myfuckingmacbookair/Documents/GitHub/bindery/ios/build/Build/Products/Release-iphonesimulator/ExpoDomWebView/ExpoDomWebView.modulemap\"\ -fmodule-map-file\=\"/Users/myfuckingmacbookair/Documents/GitHub/bindery/ios/build/Build/Products/Release-iphonesimulator/ExpoHaptics/ExpoHaptics.modulemap\"\ -fmodule-map-file\=\"/Users/myfuckingmacbookair/Documents/GitHub/bindery/ios/build/Build/Products/Release-iphonesimulator/ExpoKeepAwake/ExpoKeepAwake.modulemap\"\ -fmodule-map-file\=\"/Users/myfuckingmacbookair/Documents/GitHub/bindery/ios/build/Build/Products/Release-iphonesimulator/ExpoLogBox/ExpoLogBox.modulemap\"\ -fmodule-map-file\=\"/Users/myfuckingmacbookair/Documents/GitHub/bindery/ios/build/Build/Products/Release-iphonesimulator/ExpoSQLite/ExpoSQLite.modulemap\"\ -fmodule-map-file\=\"/Users/myfuckingmacbookair/Documents/GitHub/bindery/ios/build/Build/Products/Release-iphonesimulator/ExpoSplashScreen/ExpoSplashScreen.modulemap\"\ -fmodule-map-file\=\"/Users/myfuckingmacbookair/Documents/GitHub/bindery/ios/build/Build/Products/Release-iphonesimulator/PurchasesHybridCommon/PurchasesHybridCommon.modulemap\"\ -fmodule-map-file\=\"/Users/myfuckingmacbookair/Documents/GitHub/bindery/ios/build/Build/Products/Release-iphonesimulator/RevenueCat/RevenueCat.modulemap\"\ -fmodule-map-file\=\"/Users/myfuckingmacbookair/Documents/GitHub/bindery/ios/build/Build/Products/Release-iphonesimulator/expo-dev-menu-interface/EXDevMenuInterface.modulemap\"\ -fmodule-map-file\=\"/Users/myfuckingmacbookair/Documents/GitHub/bindery/ios/Pods/Headers/Public/EXJSONUtils/EXJSONUtils.modulemap\"\ -fmodule-map-file\=\"/Users/myfuckingmacbookair/Documents/GitHub/bindery/ios/Pods/Headers/Public/RNPurchases/RNPurchases.modulemap\"\ -fmodule-map-file\=\"/Users/myfuckingmacbookair/Documents/GitHub/bindery/ios/Pods/Headers/Public/ReactAppDependencyProvider/ReactAppDependencyProvider.modulemap\"\ -fmodule-map-file\=\"/Users/myfuckingmacbookair/Documents/GitHub/bindery/ios/Pods/Headers/Public/ReactCodegen/ReactCodegen.modulemap\"\ -DNDEBUG\ -ivfsoverlay\ \"/Users/myfuckingmacbookair/Documents/GitHub/bindery/ios/Pods/React-Core-prebuilt/React-VFS.yaml\"
    export OTHER_CPLUSPLUSFLAGS\=\ -DRCT_REMOVE_LEGACY_ARCH\=1\ -fmodule-map-file\=\"/Users/myfuckingmacbookair/Documents/GitHub/bindery/ios/build/Build/Products/Release-iphonesimulator/EXConstants/EXConstants.modulemap\"\ -fmodule-map-file\=\"/Users/myfuckingmacbookair/Documents/GitHub/bindery/ios/build/Build/Products/Release-iphonesimulator/EXManifests/EXManifests.modulemap\"\ -fmodule-map-file\=\"/Users/myfuckingmacbookair/Documents/GitHub/bindery/ios/build/Build/Products/Release-iphonesimulator/EXUpdatesInterface/EXUpdatesInterface.modulemap\"\ -fmodule-map-file\=\"/Users/myfuckingmacbookair/Documents/GitHub/bindery/ios/build/Build/Products/Release-iphonesimulator/Expo/Expo.modulemap\"\ -fmodule-map-file\=\"/Users/myfuckingmacbookair/Documents/GitHub/bindery/ios/build/Build/Products/Release-iphonesimulator/ExpoAsset/ExpoAsset.modulemap\"\ -fmodule-map-file\=\"/Users/myfuckingmacbookair/Documents/GitHub/bindery/ios/build/Build/Products/Release-iphonesimulator/ExpoDomWebView/ExpoDomWebView.modulemap\"\ -fmodule-map-file\=\"/Users/myfuckingmacbookair/Documents/GitHub/bindery/ios/build/Build/Products/Release-iphonesimulator/ExpoHaptics/ExpoHaptics.modulemap\"\ -fmodule-map-file\=\"/Users/myfuckingmacbookair/Documents/GitHub/bindery/ios/build/Build/Products/Release-iphonesimulator/ExpoKeepAwake/ExpoKeepAwake.modulemap\"\ -fmodule-map-file\=\"/Users/myfuckingmacbookair/Documents/GitHub/bindery/ios/build/Build/Products/Release-iphonesimulator/ExpoLogBox/ExpoLogBox.modulemap\"\ -fmodule-map-file\=\"/Users/myfuckingmacbookair/Documents/GitHub/bindery/ios/build/Build/Products/Release-iphonesimulator/ExpoSQLite/ExpoSQLite.modulemap\"\ -fmodule-map-file\=\"/Users/myfuckingmacbookair/Documents/GitHub/bindery/ios/build/Build/Products/Release-iphonesimulator/ExpoSplashScreen/ExpoSplashScreen.modulemap\"\ -fmodule-map-file\=\"/Users/myfuckingmacbookair/Documents/GitHub/bindery/ios/build/Build/Products/Release-iphonesimulator/PurchasesHybridCommon/PurchasesHybridCommon.modulemap\"\ -fmodule-map-file\=\"/Users/myfuckingmacbookair/Documents/GitHub/bindery/ios/build/Build/Products/Release-iphonesimulator/RevenueCat/RevenueCat.modulemap\"\ -fmodule-map-file\=\"/Users/myfuckingmacbookair/Documents/GitHub/bindery/ios/build/Build/Products/Release-iphonesimulator/expo-dev-menu-interface/EXDevMenuInterface.modulemap\"\ -fmodule-map-file\=\"/Users/myfuckingmacbookair/Documents/GitHub/bindery/ios/Pods/Headers/Public/EXJSONUtils/EXJSONUtils.modulemap\"\ -fmodule-map-file\=\"/Users/myfuckingmacbookair/Documents/GitHub/bindery/ios/Pods/Headers/Public/RNPurchases/RNPurchases.modulemap\"\ -fmodule-map-file\=\"/Users/myfuckingmacbookair/Documents/GitHub/bindery/ios/Pods/Headers/Public/ReactAppDependencyProvider/ReactAppDependencyProvider.modulemap\"\ -fmodule-map-file\=\"/Users/myfuckingmacbookair/Documents/GitHub/bindery/ios/Pods/Headers/Public/ReactCodegen/ReactCodegen.modulemap\"\ -DNDEBUG\ -ivfsoverlay\ \"/Users/myfuckingmacbookair/Documents/GitHub/bindery/ios/Pods/React-Core-prebuilt/React-VFS.yaml\"\ -DRCT_REMOVE_LEGACY_ARCH\=1\ -DNDEBUG\ -ivfsoverlay\ \"/Users/myfuckingmacbookair/Documents/GitHub/bindery/ios/Pods/React-Core-prebuilt/React-VFS.yaml\"\ -DRCT_NEW_ARCH_ENABLED\=1
    export OTHER_LDFLAGS\=\ -ObjC\ -l\"EXConstants\"\ -l\"EXJSONUtils\"\ -l\"EXManifests\"\ -l\"EXUpdatesInterface\"\ -l\"Expo\"\ -l\"ExpoAsset\"\ -l\"ExpoDomWebView\"\ -l\"ExpoHaptics\"\ -l\"ExpoKeepAwake\"\ -l\"ExpoLogBox\"\ -l\"ExpoSQLite\"\ -l\"ExpoSplashScreen\"\ -l\"PurchasesHybridCommon\"\ -l\"RNPurchases\"\ -l\"ReactAppDependencyProvider\"\ -l\"ReactCodegen\"\ -l\"RevenueCat\"\ -l\"c++\"\ -l\"expo-dev-menu-interface\"\ -framework\ \"Accelerate\"\ -framework\ \"AudioToolbox\"\ -framework\ \"CoreGraphics\"\ -framework\ \"ExpoFileSystem\"\ -framework\ \"ExpoFont\"\ -framework\ \"ExpoModulesCore\"\ -framework\ \"ExpoModulesJSI\"\ -framework\ \"ExpoModulesWorklets\"\ -framework\ \"ImageIO\"\ -framework\ \"MobileCoreServices\"\ -framework\ \"QuartzCore\"\ -framework\ \"React\"\ -framework\ \"ReactNativeDependencies\"\ -framework\ \"StoreKit\"\ -framework\ \"UIKit\"\ -framework\ \"hermesvm\"\ -weak_framework\ \"JavaScriptCore\"\ -ObjC\ -lc++
    export OTHER_MODULE_VERIFIER_FLAGS\=\ \"-F/Users/myfuckingmacbookair/Documents/GitHub/bindery/ios/build/Build/Products/Release-iphonesimulator/EXConstants\"\ \"-F/Users/myfuckingmacbookair/Documents/GitHub/bindery/ios/build/Build/Products/Release-iphonesimulator/EXJSONUtils\"\ \"-F/Users/myfuckingmacbookair/Documents/GitHub/bindery/ios/build/Build/Products/Release-iphonesimulator/EXManifests\"\ \"-F/Users/myfuckingmacbookair/Documents/GitHub/bindery/ios/build/Build/Products/Release-iphonesimulator/EXUpdatesInterface\"\ \"-F/Users/myfuckingmacbookair/Documents/GitHub/bindery/ios/build/Build/Products/Release-iphonesimulator/Expo\"\ \"-F/Users/myfuckingmacbookair/Documents/GitHub/bindery/ios/build/Build/Products/Release-iphonesimulator/ExpoAsset\"\ \"-F/Users/myfuckingmacbookair/Documents/GitHub/bindery/ios/build/Build/Products/Release-iphonesimulator/ExpoDomWebView\"\ \"-F/Users/myfuckingmacbookair/Documents/GitHub/bindery/ios/build/Build/Products/Release-iphonesimulator/ExpoFileSystem\"\ \"-F/Users/myfuckingmacbookair/Documents/GitHub/bindery/ios/build/Build/Products/Release-iphonesimulator/ExpoFont\"\ \"-F/Users/myfuckingmacbookair/Documents/GitHub/bindery/ios/build/Build/Products/Release-iphonesimulator/ExpoHaptics\"\ \"-F/Users/myfuckingmacbookair/Documents/GitHub/bindery/ios/build/Build/Products/Release-iphonesimulator/ExpoKeepAwake\"\ \"-F/Users/myfuckingmacbookair/Documents/GitHub/bindery/ios/build/Build/Products/Release-iphonesimulator/ExpoLogBox\"\ \"-F/Users/myfuckingmacbookair/Documents/GitHub/bindery/ios/build/Build/Products/Release-iphonesimulator/ExpoModulesCore\"\ \"-F/Users/myfuckingmacbookair/Documents/GitHub/bindery/ios/build/Build/Products/Release-iphonesimulator/ExpoModulesJSI\"\ \"-F/Users/myfuckingmacbookair/Documents/GitHub/bindery/ios/build/Build/Products/Release-iphonesimulator/ExpoModulesWorklets\"\ \"-F/Users/myfuckingmacbookair/Documents/GitHub/bindery/ios/build/Build/Products/Release-iphonesimulator/ExpoSQLite\"\ \"-F/Users/myfuckingmacbookair/Documents/GitHub/bindery/ios/build/Build/Products/Release-iphonesimulator/ExpoSplashScreen\"\ \"-F/Users/myfuckingmacbookair/Documents/GitHub/bindery/ios/build/Build/Products/Release-iphonesimulator/FBLazyVector\"\ \"-F/Users/myfuckingmacbookair/Documents/GitHub/bindery/ios/build/Build/Products/Release-iphonesimulator/PurchasesHybridCommon\"\ \"-F/Users/myfuckingmacbookair/Documents/GitHub/bindery/ios/build/Build/Products/Release-iphonesimulator/RCTDeprecation\"\ \"-F/Users/myfuckingmacbookair/Documents/GitHub/bindery/ios/build/Build/Products/Release-iphonesimulator/RCTRequired\"\ \"-F/Users/myfuckingmacbookair/Documents/GitHub/bindery/ios/build/Build/Products/Release-iphonesimulator/RCTSwiftUI\"\ \"-F/Users/myfuckingmacbookair/Documents/GitHub/bindery/ios/build/Build/Products/Release-iphonesimulator/RCTSwiftUIWrapper\"\ \"-F/Users/myfuckingmacbookair/Documents/GitHub/bindery/ios/build/Build/Products/Release-iphonesimulator/RCTTypeSafety\"\ \"-F/Users/myfuckingmacbookair/Documents/GitHub/bindery/ios/build/Build/Products/Release-iphonesimulator/RNPurchases\"\ \"-F/Users/myfuckingmacbookair/Documents/GitHub/bindery/ios/build/Build/Products/Release-iphonesimulator/React\"\ \"-F/Users/myfuckingmacbookair/Documents/GitHub/bindery/ios/build/Build/Products/Release-iphonesimulator/React-Core\"\ \"-F/Users/myfuckingmacbookair/Documents/GitHub/bindery/ios/build/Build/Products/Release-iphonesimulator/React-Core-prebuilt\"\ \"-F/Users/myfuckingmacbookair/Documents/GitHub/bindery/ios/build/Build/Products/Release-iphonesimulator/React-CoreModules\"\ \"-F/Users/myfuckingmacbookair/Documents/GitHub/bindery/ios/build/Build/Products/Release-iphonesimulator/React-Fabric\"\ \"-F/Users/myfuckingmacbookair/Documents/GitHub/bindery/ios/build/Build/Products/Release-iphonesimulator/React-FabricComponents\"\ \"-F/Users/myfuckingmacbookair/Documents/GitHub/bindery/ios/build/Build/Products/Release-iphonesimulator/React-FabricImage\"\ \"-F/Users/myfuckingmacbookair/Documents/GitHub/bindery/ios/build/Build/Products/Release-iphonesimulator/React-ImageManager\"\ \"-F/Users/myfuckingmacbookair/Documents/GitHub/bindery/ios/build/Build/Products/Release-iphonesimulator/React-Mapbuffer\"\ \"-F/Users/myfuckingmacbookair/Documents/GitHub/bindery/ios/build/Build/Products/Release-iphonesimulator/React-NativeModulesApple\"\ \"-F/Users/myfuckingmacbookair/Documents/GitHub/bindery/ios/build/Build/Products/Release-iphonesimulator/React-RCTActionSheet\"\ \"-F/Users/myfuckingmacbookair/Documents/GitHub/bindery/ios/build/Build/Products/Release-iphonesimulator/React-RCTAnimation\"\ \"-F/Users/myfuckingmacbookair/Documents/GitHub/bindery/ios/build/Build/Products/Release-iphonesimulator/React-RCTAppDelegate\"\ \"-F/Users/myfuckingmacbookair/Documents/GitHub/bindery/ios/build/Build/Products/Release-iphonesimulator/React-RCTBlob\"\ \"-F/Users/myfuckingmacbookair/Documents/GitHub/bindery/ios/build/Build/Products/Release-iphonesimulator/React-RCTFBReactNativeSpec\"\ \"-F/Users/myfuckingmacbookair/Documents/GitHub/bindery/ios/build/Build/Products/Release-iphonesimulator/React-RCTFabric\"\ \"-F/Users/myfuckingmacbookair/Documents/GitHub/bindery/ios/build/Build/Products/Release-iphonesimulator/React-RCTImage\"\ \"-F/Users/myfuckingmacbookair/Documents/GitHub/bindery/ios/build/Build/Products/Release-iphonesimulator/React-RCTLinking\"\ \"-F/Users/myfuckingmacbookair/Documents/GitHub/bindery/ios/build/Build/Products/Release-iphonesimulator/React-RCTNetwork\"\ \"-F/Users/myfuckingmacbookair/Documents/GitHub/bindery/ios/build/Build/Products/Release-iphonesimulator/React-RCTRuntime\"\ \"-F/Users/myfuckingmacbookair/Documents/GitHub/bindery/ios/build/Build/Products/Release-iphonesimulator/React-RCTSettings\"\ \"-F/Users/myfuckingmacbookair/Documents/GitHub/bindery/ios/build/Build/Products/Release-iphonesimulator/React-RCTText\"\ \"-F/Users/myfuckingmacbookair/Documents/GitHub/bindery/ios/build/Build/Products/Release-iphonesimulator/React-RCTVibration\"\ \"-F/Users/myfuckingmacbookair/Documents/GitHub/bindery/ios/build/Build/Products/Release-iphonesimulator/React-RuntimeApple\"\ \"-F/Users/myfuckingmacbookair/Documents/GitHub/bindery/ios/build/Build/Products/Release-iphonesimulator/React-RuntimeCore\"\ \"-F/Users/myfuckingmacbookair/Documents/GitHub/bindery/ios/build/Build/Products/Release-iphonesimulator/React-RuntimeHermes\"\ \"-F/Users/myfuckingmacbookair/Documents/GitHub/bindery/ios/build/Build/Products/Release-iphonesimulator/React-callinvoker\"\ \"-F/Users/myfuckingmacbookair/Documents/GitHub/bindery/ios/build/Build/Products/Release-iphonesimulator/React-cxxreact\"\ \"-F/Users/myfuckingmacbookair/Documents/GitHub/bindery/ios/build/Build/Products/Release-iphonesimulator/React-debug\"\ \"-F/Users/myfuckingmacbookair/Documents/GitHub/bindery/ios/build/Build/Products/Release-iphonesimulator/React-defaultsnativemodule\"\ \"-F/Users/myfuckingmacbookair/Documents/GitHub/bindery/ios/build/Build/Products/Release-iphonesimulator/React-domnativemodule\"\ \"-F/Users/myfuckingmacbookair/Documents/GitHub/bindery/ios/build/Build/Products/Release-iphonesimulator/React-featureflags\"\ \"-F/Users/myfuckingmacbookair/Documents/GitHub/bindery/ios/build/Build/Products/Release-iphonesimulator/React-featureflagsnativemodule\"\ \"-F/Users/myfuckingmacbookair/Documents/GitHub/bindery/ios/build/Build/Products/Release-iphonesimulator/React-graphics\"\ \"-F/Users/myfuckingmacbookair/Documents/GitHub/bindery/ios/build/Build/Products/Release-iphonesimulator/React-hermes\"\ \"-F/Users/myfuckingmacbookair/Documents/GitHub/bindery/ios/build/Build/Products/Release-iphonesimulator/React-idlecallbacksnativemodule\"\ \"-F/Users/myfuckingmacbookair/Documents/GitHub/bindery/ios/build/Build/Products/Release-iphonesimulator/React-intersectionobservernativemodule\"\ \"-F/Users/myfuckingmacbookair/Documents/GitHub/bindery/ios/build/Build/Products/Release-iphonesimulator/React-jserrorhandler\"\ \"-F/Users/myfuckingmacbookair/Documents/GitHub/bindery/ios/build/Build/Products/Release-iphonesimulator/React-jsi\"\ \"-F/Users/myfuckingmacbookair/Documents/GitHub/bindery/ios/build/Build/Products/Release-iphonesimulator/React-jsiexecutor\"\ \"-F/Users/myfuckingmacbookair/Documents/GitHub/bindery/ios/build/Build/Products/Release-iphonesimulator/React-jsinspector\"\ \"-F/Users/myfuckingmacbookair/Documents/GitHub/bindery/ios/build/Build/Products/Release-iphonesimulator/React-jsinspectorcdp\"\ \"-F/Users/myfuckingmacbookair/Documents/GitHub/bindery/ios/build/Build/Products/Release-iphonesimulator/React-jsinspectornetwork\"\ \"-F/Users/myfuckingmacbookair/Documents/GitHub/bindery/ios/build/Build/Products/Release-iphonesimulator/React-jsinspectortracing\"\ \"-F/Users/myfuckingmacbookair/Documents/GitHub/bindery/ios/build/Build/Products/Release-iphonesimulator/React-jsitooling\"\ \"-F/Users/myfuckingmacbookair/Documents/GitHub/bindery/ios/build/Build/Products/Release-iphonesimulator/React-jsitracing\"\ \"-F/Users/myfuckingmacbookair/Documents/GitHub/bindery/ios/build/Build/Products/Release-iphonesimulator/React-logger\"\ \"-F/Users/myfuckingmacbookair/Documents/GitHub/bindery/ios/build/Build/Products/Release-iphonesimulator/React-microtasksnativemodule\"\ \"-F/Users/myfuckingmacbookair/Documents/GitHub/bindery/ios/build/Build/Products/Release-iphonesimulator/React-mutationobservernativemodule\"\ \"-F/Users/myfuckingmacbookair/Documents/GitHub/bindery/ios/build/Build/Products/Release-iphonesimulator/React-networking\"\ \"-F/Users/myfuckingmacbookair/Documents/GitHub/bindery/ios/build/Build/Products/Release-iphonesimulator/React-oscompat\"\ \"-F/Users/myfuckingmacbookair/Documents/GitHub/bindery/ios/build/Build/Products/Release-iphonesimulator/React-perflogger\"\ \"-F/Users/myfuckingmacbookair/Documents/GitHub/bindery/ios/build/Build/Products/Release-iphonesimulator/React-performancecdpmetrics\"\ \"-F/Users/myfuckingmacbookair/Documents/GitHub/bindery/ios/build/Build/Products/Release-iphonesimulator/React-performancetimeline\"\ \"-F/Users/myfuckingmacbookair/Documents/GitHub/bindery/ios/build/Build/Products/Release-iphonesimulator/React-rendererconsistency\"\ \"-F/Users/myfuckingmacbookair/Documents/GitHub/bindery/ios/build/Build/Products/Release-iphonesimulator/React-renderercss\"\ \"-F/Users/myfuckingmacbookair/Documents/GitHub/bindery/ios/build/Build/Products/Release-iphonesimulator/React-rendererdebug\"\ \"-F/Users/myfuckingmacbookair/Documents/GitHub/bindery/ios/build/Build/Products/Release-iphonesimulator/React-runtimeexecutor\"\ \"-F/Users/myfuckingmacbookair/Documents/GitHub/bindery/ios/build/Build/Products/Release-iphonesimulator/React-runtimescheduler\"\ \"-F/Users/myfuckingmacbookair/Documents/GitHub/bindery/ios/build/Build/Products/Release-iphonesimulator/React-timing\"\ \"-F/Users/myfuckingmacbookair/Documents/GitHub/bindery/ios/build/Build/Products/Release-iphonesimulator/React-utils\"\ \"-F/Users/myfuckingmacbookair/Documents/GitHub/bindery/ios/build/Build/Products/Release-iphonesimulator/React-viewtransitionnativemodule\"\ \"-F/Users/myfuckingmacbookair/Documents/GitHub/bindery/ios/build/Build/Products/Release-iphonesimulator/React-webperformancenativemodule\"\ \"-F/Users/myfuckingmacbookair/Documents/GitHub/bindery/ios/build/Build/Products/Release-iphonesimulator/ReactAppDependencyProvider\"\ \"-F/Users/myfuckingmacbookair/Documents/GitHub/bindery/ios/build/Build/Products/Release-iphonesimulator/ReactCodegen\"\ \"-F/Users/myfuckingmacbookair/Documents/GitHub/bindery/ios/build/Build/Products/Release-iphonesimulator/ReactCommon\"\ \"-F/Users/myfuckingmacbookair/Documents/GitHub/bindery/ios/build/Build/Products/Release-iphonesimulator/ReactNativeDependencies\"\ \"-F/Users/myfuckingmacbookair/Documents/GitHub/bindery/ios/build/Build/Products/Release-iphonesimulator/RevenueCat\"\ \"-F/Users/myfuckingmacbookair/Documents/GitHub/bindery/ios/build/Build/Products/Release-iphonesimulator/Yoga\"\ \"-F/Users/myfuckingmacbookair/Documents/GitHub/bindery/ios/build/Build/Products/Release-iphonesimulator/expo-dev-client\"\ \"-F/Users/myfuckingmacbookair/Documents/GitHub/bindery/ios/build/Build/Products/Release-iphonesimulator/expo-dev-menu-interface\"\ \"-F/Users/myfuckingmacbookair/Documents/GitHub/bindery/ios/build/Build/Products/Release-iphonesimulator/hermes-engine\"
    export OTHER_SWIFT_FLAGS\=\ -D\ COCOAPODS\ -Xcc\ -fmodule-map-file\=\"/Users/myfuckingmacbookair/Documents/GitHub/bindery/ios/build/Build/Products/Release-iphonesimulator/EXConstants/EXConstants.modulemap\"\ -Xcc\ -fmodule-map-file\=\"/Users/myfuckingmacbookair/Documents/GitHub/bindery/ios/build/Build/Products/Release-iphonesimulator/EXManifests/EXManifests.modulemap\"\ -Xcc\ -fmodule-map-file\=\"/Users/myfuckingmacbookair/Documents/GitHub/bindery/ios/build/Build/Products/Release-iphonesimulator/EXUpdatesInterface/EXUpdatesInterface.modulemap\"\ -Xcc\ -fmodule-map-file\=\"/Users/myfuckingmacbookair/Documents/GitHub/bindery/ios/build/Build/Products/Release-iphonesimulator/Expo/Expo.modulemap\"\ -Xcc\ -fmodule-map-file\=\"/Users/myfuckingmacbookair/Documents/GitHub/bindery/ios/build/Build/Products/Release-iphonesimulator/ExpoAsset/ExpoAsset.modulemap\"\ -Xcc\ -fmodule-map-file\=\"/Users/myfuckingmacbookair/Documents/GitHub/bindery/ios/build/Build/Products/Release-iphonesimulator/ExpoDomWebView/ExpoDomWebView.modulemap\"\ -Xcc\ -fmodule-map-file\=\"/Users/myfuckingmacbookair/Documents/GitHub/bindery/ios/build/Build/Products/Release-iphonesimulator/ExpoHaptics/ExpoHaptics.modulemap\"\ -Xcc\ -fmodule-map-file\=\"/Users/myfuckingmacbookair/Documents/GitHub/bindery/ios/build/Build/Products/Release-iphonesimulator/ExpoKeepAwake/ExpoKeepAwake.modulemap\"\ -Xcc\ -fmodule-map-file\=\"/Users/myfuckingmacbookair/Documents/GitHub/bindery/ios/build/Build/Products/Release-iphonesimulator/ExpoLogBox/ExpoLogBox.modulemap\"\ -Xcc\ -fmodule-map-file\=\"/Users/myfuckingmacbookair/Documents/GitHub/bindery/ios/build/Build/Products/Release-iphonesimulator/ExpoSQLite/ExpoSQLite.modulemap\"\ -Xcc\ -fmodule-map-file\=\"/Users/myfuckingmacbookair/Documents/GitHub/bindery/ios/build/Build/Products/Release-iphonesimulator/ExpoSplashScreen/ExpoSplashScreen.modulemap\"\ -Xcc\ -fmodule-map-file\=\"/Users/myfuckingmacbookair/Documents/GitHub/bindery/ios/build/Build/Products/Release-iphonesimulator/PurchasesHybridCommon/PurchasesHybridCommon.modulemap\"\ -Xcc\ -fmodule-map-file\=\"/Users/myfuckingmacbookair/Documents/GitHub/bindery/ios/build/Build/Products/Release-iphonesimulator/RevenueCat/RevenueCat.modulemap\"\ -Xcc\ -fmodule-map-file\=\"/Users/myfuckingmacbookair/Documents/GitHub/bindery/ios/build/Build/Products/Release-iphonesimulator/expo-dev-menu-interface/EXDevMenuInterface.modulemap\"\ -Xcc\ -fmodule-map-file\=\"/Users/myfuckingmacbookair/Documents/GitHub/bindery/ios/Pods/Headers/Public/EXJSONUtils/EXJSONUtils.modulemap\"\ -Xcc\ -fmodule-map-file\=\"/Users/myfuckingmacbookair/Documents/GitHub/bindery/ios/Pods/Headers/Public/RNPurchases/RNPurchases.modulemap\"\ -Xcc\ -fmodule-map-file\=\"/Users/myfuckingmacbookair/Documents/GitHub/bindery/ios/Pods/Headers/Public/ReactAppDependencyProvider/ReactAppDependencyProvider.modulemap\"\ -Xcc\ -fmodule-map-file\=\"/Users/myfuckingmacbookair/Documents/GitHub/bindery/ios/Pods/Headers/Public/ReactCodegen/ReactCodegen.modulemap\"\ -Xcc\ -ivfsoverlay\ -Xcc\ \"/Users/myfuckingmacbookair/Documents/GitHub/bindery/ios/Pods/React-Core-prebuilt/React-VFS.yaml\"\ -Xcc\ -Wno-incomplete-umbrella\ -D\ EXPO_CONFIGURATION_RELEASE
    export PACKAGE_TYPE\=com.apple.package-type.wrapper.application
    export PASCAL_STRINGS\=YES
    export PATH\=/Applications/Xcode.app/Contents/SharedFrameworks/SwiftBuild.framework/Versions/A/PlugIns/SWBBuildService.bundle/Contents/PlugIns/SWBUniversalPlatformPlugin.bundle/Contents/Frameworks/SWBUniversalPlatform.framework/Resources:/Applications/Xcode.app/Contents/Developer/Toolchains/XcodeDefault.xctoolchain/usr/bin:/Applications/Xcode.app/Contents/Developer/Toolchains/XcodeDefault.xctoolchain/usr/local/bin:/Applications/Xcode.app/Contents/Developer/Toolchains/XcodeDefault.xctoolchain/usr/libexec:/Applications/Xcode.app/Contents/Developer/Platforms/iPhoneSimulator.platform/usr/bin:/Applications/Xcode.app/Contents/Developer/Platforms/iPhoneSimulator.platform/usr/local/bin:/Applications/Xcode.app/Contents/Developer/Platforms/iPhoneSimulator.platform/Developer/usr/bin:/Applications/Xcode.app/Contents/Developer/Platforms/iPhoneSimulator.platform/Developer/usr/local/bin:/Applications/Xcode.app/Contents/Developer/usr/bin:/Applications/Xcode.app/Contents/Developer/usr/local/bin:/Users/myfuckingmacbookair/.local/bin:/Users/myfuckingmacbookair/.npm-global/bin:/usr/local/bin:/System/Cryptexes/App/usr/bin:/usr/bin:/bin:/usr/sbin:/sbin:/var/run/com.apple.security.cryptexd/codex.system/bootstrap/usr/local/bin:/var/run/com.apple.security.cryptexd/codex.system/bootstrap/usr/bin:/var/run/com.apple.security.cryptexd/codex.system/bootstrap/usr/appleinternal/bin:/pkg/env/global/bin:/Library/Apple/usr/bin:/Users/myfuckingmacbookair/.bun/bin:/Users/myfuckingmacbookair/Library/pnpm:/Users/myfuckingmacbookair/Library/Application\ Support/Claude/local-agent-mode-sessions/skills-plugin/8bf2ebc1-a06e-4b18-bf97-856db8c64549/ec19a108-c20c-455d-9708-6a8cfabeb0b8/bin
    export PATH_PREFIXES_EXCLUDED_FROM_HEADER_DEPENDENCIES\=/usr/include\ /usr/local/include\ /System/Library/Frameworks\ /System/Library/PrivateFrameworks\ /Applications/Xcode.app/Contents/Developer/Headers\ /Applications/Xcode.app/Contents/Developer/SDKs\ /Applications/Xcode.app/Contents/Developer/Platforms
    export PBDEVELOPMENTPLIST_PATH\=TheBindery.app/pbdevelopment.plist
    export PER_ARCH_MODULE_FILE_DIR\=/Users/myfuckingmacbookair/Documents/GitHub/bindery/ios/build/Build/Intermediates.noindex/TheBindery.build/Release-iphonesimulator/TheBindery.build/Objects-normal/undefined_arch
    export PER_ARCH_OBJECT_FILE_DIR\=/Users/myfuckingmacbookair/Documents/GitHub/bindery/ios/build/Build/Intermediates.noindex/TheBindery.build/Release-iphonesimulator/TheBindery.build/Objects-normal/undefined_arch
    export PER_VARIANT_OBJECT_FILE_DIR\=/Users/myfuckingmacbookair/Documents/GitHub/bindery/ios/build/Build/Intermediates.noindex/TheBindery.build/Release-iphonesimulator/TheBindery.build/Objects-normal
    export PKGINFO_FILE_PATH\=/Users/myfuckingmacbookair/Documents/GitHub/bindery/ios/build/Build/Intermediates.noindex/TheBindery.build/Release-iphonesimulator/TheBindery.build/PkgInfo
    export PKGINFO_PATH\=TheBindery.app/PkgInfo
    export PLATFORM_DEVELOPER_APPLICATIONS_DIR\=/Applications/Xcode.app/Contents/Developer/Platforms/iPhoneSimulator.platform/Developer/Applications
    export PLATFORM_DEVELOPER_BIN_DIR\=/Applications/Xcode.app/Contents/Developer/Platforms/iPhoneSimulator.platform/Developer/usr/bin
    export PLATFORM_DEVELOPER_LIBRARY_DIR\=/Applications/Xcode.app/Contents/Developer/Platforms/iPhoneSimulator.platform/Developer/Library
    export PLATFORM_DEVELOPER_SDK_DIR\=/Applications/Xcode.app/Contents/Developer/Platforms/iPhoneSimulator.platform/Developer/SDKs
    export PLATFORM_DEVELOPER_TOOLS_DIR\=/Applications/Xcode.app/Contents/Developer/Platforms/iPhoneSimulator.platform/Developer/Tools
    export PLATFORM_DEVELOPER_USR_DIR\=/Applications/Xcode.app/Contents/Developer/Platforms/iPhoneSimulator.platform/Developer/usr
    export PLATFORM_DIR\=/Applications/Xcode.app/Contents/Developer/Platforms/iPhoneSimulator.platform
    export PLATFORM_DISPLAY_NAME\=iOS\ Simulator
    export PLATFORM_FAMILY_NAME\=iOS
    export PLATFORM_NAME\=iphonesimulator
    export PLATFORM_PREFERRED_ARCH\=x86_64
    export PLATFORM_PRODUCT_BUILD_VERSION\=23A339
    export PLATFORM_REQUIRES_SWIFT_AUTOLINK_EXTRACT\=NO
    export PLATFORM_REQUIRES_SWIFT_MODULEWRAP\=NO
    export PLIST_FILE_OUTPUT_FORMAT\=binary
    export PLUGINS_FOLDER_PATH\=TheBindery.app/PlugIns
    export PODFILE_DIR\=/Users/myfuckingmacbookair/Documents/GitHub/bindery/ios
    export PODS_BUILD_DIR\=/Users/myfuckingmacbookair/Documents/GitHub/bindery/ios/build/Build/Products
    export PODS_CONFIGURATION_BUILD_DIR\=/Users/myfuckingmacbookair/Documents/GitHub/bindery/ios/build/Build/Products/Release-iphonesimulator
    export PODS_PODFILE_DIR_PATH\=/Users/myfuckingmacbookair/Documents/GitHub/bindery/ios/.
    export PODS_ROOT\=/Users/myfuckingmacbookair/Documents/GitHub/bindery/ios/Pods
    export PODS_XCFRAMEWORKS_BUILD_DIR\=/Users/myfuckingmacbookair/Documents/GitHub/bindery/ios/build/Build/Products/Release-iphonesimulator/XCFrameworkIntermediates
    export PRECOMPS_INCLUDE_HEADERS_FROM_BUILT_PRODUCTS_DIR\=YES
    export PRECOMP_DESTINATION_DIR\=/Users/myfuckingmacbookair/Documents/GitHub/bindery/ios/build/Build/Intermediates.noindex/TheBindery.build/Release-iphonesimulator/TheBindery.build/PrefixHeaders
    export PRIVATE_HEADERS_FOLDER_PATH\=TheBindery.app/PrivateHeaders
    export PROCESSED_INFOPLIST_PATH\=/Users/myfuckingmacbookair/Documents/GitHub/bindery/ios/build/Build/Intermediates.noindex/TheBindery.build/Release-iphonesimulator/TheBindery.build/Objects-normal/undefined_arch/Processed-Info.plist
    export PRODUCT_BUNDLE_IDENTIFIER\=com.bindery.game
    export PRODUCT_BUNDLE_PACKAGE_TYPE\=APPL
    export PRODUCT_MODULE_NAME\=TheBindery
    export PRODUCT_NAME\=TheBindery
    export PRODUCT_SETTINGS_PATH\=/Users/myfuckingmacbookair/Documents/GitHub/bindery/ios/TheBindery/Info.plist
    export PRODUCT_TYPE\=com.apple.product-type.application
    export PROFILING_CODE\=NO
    export PROJECT\=TheBindery
    export PROJECT_DERIVED_FILE_DIR\=/Users/myfuckingmacbookair/Documents/GitHub/bindery/ios/build/Build/Intermediates.noindex/TheBindery.build/DerivedSources
    export PROJECT_DIR\=/Users/myfuckingmacbookair/Documents/GitHub/bindery/ios
    export PROJECT_FILE_PATH\=/Users/myfuckingmacbookair/Documents/GitHub/bindery/ios/TheBindery.xcodeproj
    export PROJECT_GUID\=ad55f5e01126362de0c6d31a2a92358a
    export PROJECT_NAME\=TheBindery
    export PROJECT_TEMP_DIR\=/Users/myfuckingmacbookair/Documents/GitHub/bindery/ios/build/Build/Intermediates.noindex/TheBindery.build
    export PROJECT_TEMP_ROOT\=/Users/myfuckingmacbookair/Documents/GitHub/bindery/ios/build/Build/Intermediates.noindex
    export PROVISIONING_PROFILE_REQUIRED\=NO
    export PROVISIONING_PROFILE_REQUIRED_YES_YES\=YES
    export PROVISIONING_PROFILE_SUPPORTED\=YES
    export PUBLIC_HEADERS_FOLDER_PATH\=TheBindery.app/Headers
    export REACT_NATIVE_PATH\=/Users/myfuckingmacbookair/Documents/GitHub/bindery/ios/Pods/../../node_modules/react-native
    export RECOMMENDED_IPHONEOS_DEPLOYMENT_TARGET\=15.0
    export RECURSIVE_SEARCH_PATHS_FOLLOW_SYMLINKS\=YES
    export REMOVE_CVS_FROM_RESOURCES\=YES
    export REMOVE_GIT_FROM_RESOURCES\=YES
    export REMOVE_HEADERS_FROM_EMBEDDED_BUNDLES\=YES
    export REMOVE_HG_FROM_RESOURCES\=YES
    export REMOVE_STATIC_EXECUTABLES_FROM_EMBEDDED_BUNDLES\=YES
    export REMOVE_SVN_FROM_RESOURCES\=YES
    export RESCHEDULE_INDEPENDENT_HEADERS_PHASES\=YES
    export REZ_COLLECTOR_DIR\=/Users/myfuckingmacbookair/Documents/GitHub/bindery/ios/build/Build/Intermediates.noindex/TheBindery.build/Release-iphonesimulator/TheBindery.build/ResourceManagerResources
    export REZ_OBJECTS_DIR\=/Users/myfuckingmacbookair/Documents/GitHub/bindery/ios/build/Build/Intermediates.noindex/TheBindery.build/Release-iphonesimulator/TheBindery.build/ResourceManagerResources/Objects
    export REZ_SEARCH_PATHS\=/Users/myfuckingmacbookair/Documents/GitHub/bindery/ios/build/Build/Products/Release-iphonesimulator\ 
    export RUNTIME_EXCEPTION_ALLOW_DYLD_ENVIRONMENT_VARIABLES\=NO
    export RUNTIME_EXCEPTION_ALLOW_JIT\=NO
    export RUNTIME_EXCEPTION_ALLOW_UNSIGNED_EXECUTABLE_MEMORY\=NO
    export RUNTIME_EXCEPTION_DEBUGGING_TOOL\=NO
    export RUNTIME_EXCEPTION_DISABLE_EXECUTABLE_PAGE_PROTECTION\=NO
    export RUNTIME_EXCEPTION_DISABLE_LIBRARY_VALIDATION\=NO
    export SCAN_ALL_SOURCE_FILES_FOR_INCLUDES\=NO
    export SCRIPTS_FOLDER_PATH\=TheBindery.app/Scripts
    export SCRIPT_INPUT_FILE_0\=/Users/myfuckingmacbookair/Documents/GitHub/bindery/ios/.xcode.env
    export SCRIPT_INPUT_FILE_1\=/Users/myfuckingmacbookair/Documents/GitHub/bindery/ios/.xcode.env.local
    export SCRIPT_INPUT_FILE_COUNT\=2
    export SCRIPT_INPUT_FILE_LIST_COUNT\=0
    export SCRIPT_OUTPUT_FILE_COUNT\=0
    export SCRIPT_OUTPUT_FILE_LIST_COUNT\=0
    export SDKROOT\=/Applications/Xcode.app/Contents/Developer/Platforms/iPhoneSimulator.platform/Developer/SDKs/iPhoneSimulator26.0.sdk
    export SDK_DIR\=/Applications/Xcode.app/Contents/Developer/Platforms/iPhoneSimulator.platform/Developer/SDKs/iPhoneSimulator26.0.sdk
    export SDK_DIR_iphonesimulator\=/Applications/Xcode.app/Contents/Developer/Platforms/iPhoneSimulator.platform/Developer/SDKs/iPhoneSimulator26.0.sdk
    export SDK_DIR_iphonesimulator26_0\=/Applications/Xcode.app/Contents/Developer/Platforms/iPhoneSimulator.platform/Developer/SDKs/iPhoneSimulator26.0.sdk
    export SDK_NAME\=iphonesimulator26.0
    export SDK_NAMES\=iphonesimulator26.0
    export SDK_PRODUCT_BUILD_VERSION\=23A339
    export SDK_STAT_CACHE_DIR\=/Users/myfuckingmacbookair/Documents/GitHub/bindery/ios/build
    export SDK_STAT_CACHE_ENABLE\=YES
    export SDK_STAT_CACHE_PATH\=/Users/myfuckingmacbookair/Documents/GitHub/bindery/ios/build/SDKStatCaches.noindex/iphonesimulator26.0-23A339-26257891a6c027eb51374368541b8346.sdkstatcache
    export SDK_VERSION\=26.0
    export SDK_VERSION_ACTUAL\=260000
    export SDK_VERSION_MAJOR\=260000
    export SDK_VERSION_MINOR\=260000
    export SED\=/usr/bin/sed
    export SEPARATE_STRIP\=NO
    export SEPARATE_SYMBOL_EDIT\=NO
    export SET_DIR_MODE_OWNER_GROUP\=YES
    export SET_FILE_MODE_OWNER_GROUP\=NO
    export SHALLOW_BUNDLE\=YES
    export SHALLOW_BUNDLE_TRIPLE\=ios-simulator
    export SHALLOW_BUNDLE_ios_macabi\=NO
    export SHALLOW_BUNDLE_macos\=NO
    export SHARED_DERIVED_FILE_DIR\=/Users/myfuckingmacbookair/Documents/GitHub/bindery/ios/build/Build/Products/Release-iphonesimulator/DerivedSources
    export SHARED_FRAMEWORKS_FOLDER_PATH\=TheBindery.app/SharedFrameworks
    export SHARED_PRECOMPS_DIR\=/Users/myfuckingmacbookair/Documents/GitHub/bindery/ios/build/Build/Intermediates.noindex/PrecompiledHeaders
    export SHARED_SUPPORT_FOLDER_PATH\=TheBindery.app/SharedSupport
    export SKIP_INSTALL\=NO
    export SOURCE_ROOT\=/Users/myfuckingmacbookair/Documents/GitHub/bindery/ios
    export SRCROOT\=/Users/myfuckingmacbookair/Documents/GitHub/bindery/ios
    export STRINGSDATA_DIR\=/Users/myfuckingmacbookair/Documents/GitHub/bindery/ios/build/Build/Intermediates.noindex/TheBindery.build/Release-iphonesimulator/TheBindery.build/Objects-normal/undefined_arch
    export STRINGSDATA_ROOT\=/Users/myfuckingmacbookair/Documents/GitHub/bindery/ios/build/Build/Intermediates.noindex/TheBindery.build/Release-iphonesimulator/TheBindery.build
    export STRINGS_FILE_INFOPLIST_RENAME\=YES
    export STRINGS_FILE_OUTPUT_ENCODING\=binary
    export STRING_CATALOG_GENERATE_SYMBOLS\=NO
    export STRIP_BITCODE_FROM_COPIED_FILES\=NO
    export STRIP_INSTALLED_PRODUCT\=YES
    export STRIP_STYLE\=all
    export STRIP_SWIFT_SYMBOLS\=YES
    export SUPPORTED_DEVICE_FAMILIES\=1,2
    export SUPPORTED_PLATFORMS\=iphoneos\ iphonesimulator
    export SUPPORTS_MACCATALYST\=NO
    export SUPPORTS_ON_DEMAND_RESOURCES\=YES
    export SUPPORTS_TEXT_BASED_API\=NO
    export SUPPRESS_WARNINGS\=NO
    export SWIFT_EMIT_CONST_VALUE_PROTOCOLS\=AppIntent\ EntityQuery\ AppEntity\ TransientEntity\ AppEnum\ AppShortcutProviding\ AppShortcutsProvider\ AnyResolverProviding\ AppIntentsPackage\ DynamicOptionsProvider\ _IntentValueRepresentable\ _AssistantIntentsProvider\ _GenerativeFunctionExtractable\ IntentValueQuery\ Resolver\ AppExtension\ ExtensionPointDefining
    export SWIFT_EMIT_LOC_STRINGS\=NO
    export SWIFT_ENABLE_EXPLICIT_MODULES\=NO
    export SWIFT_INCLUDE_PATHS\=/Users/myfuckingmacbookair/Documents/GitHub/bindery/ios/build/Build/Products/Release-iphonesimulator\ \ \"/Users/myfuckingmacbookair/Documents/GitHub/bindery/ios/build/Build/Products/Release-iphonesimulator/EXConstants\"\ \"/Users/myfuckingmacbookair/Documents/GitHub/bindery/ios/build/Build/Products/Release-iphonesimulator/EXManifests\"\ \"/Users/myfuckingmacbookair/Documents/GitHub/bindery/ios/build/Build/Products/Release-iphonesimulator/EXUpdatesInterface\"\ \"/Users/myfuckingmacbookair/Documents/GitHub/bindery/ios/build/Build/Products/Release-iphonesimulator/Expo\"\ \"/Users/myfuckingmacbookair/Documents/GitHub/bindery/ios/build/Build/Products/Release-iphonesimulator/ExpoAsset\"\ \"/Users/myfuckingmacbookair/Documents/GitHub/bindery/ios/build/Build/Products/Release-iphonesimulator/ExpoDomWebView\"\ \"/Users/myfuckingmacbookair/Documents/GitHub/bindery/ios/build/Build/Products/Release-iphonesimulator/ExpoFileSystem\"\ \"/Users/myfuckingmacbookair/Documents/GitHub/bindery/ios/build/Build/Products/Release-iphonesimulator/ExpoFont\"\ \"/Users/myfuckingmacbookair/Documents/GitHub/bindery/ios/build/Build/Products/Release-iphonesimulator/ExpoHaptics\"\ \"/Users/myfuckingmacbookair/Documents/GitHub/bindery/ios/build/Build/Products/Release-iphonesimulator/ExpoKeepAwake\"\ \"/Users/myfuckingmacbookair/Documents/GitHub/bindery/ios/build/Build/Products/Release-iphonesimulator/ExpoLogBox\"\ \"/Users/myfuckingmacbookair/Documents/GitHub/bindery/ios/build/Build/Products/Release-iphonesimulator/ExpoModulesCore\"\ \"/Users/myfuckingmacbookair/Documents/GitHub/bindery/ios/build/Build/Products/Release-iphonesimulator/ExpoModulesJSI\"\ \"/Users/myfuckingmacbookair/Documents/GitHub/bindery/ios/build/Build/Products/Release-iphonesimulator/ExpoModulesWorklets\"\ \"/Users/myfuckingmacbookair/Documents/GitHub/bindery/ios/build/Build/Products/Release-iphonesimulator/ExpoSQLite\"\ \"/Users/myfuckingmacbookair/Documents/GitHub/bindery/ios/build/Build/Products/Release-iphonesimulator/ExpoSplashScreen\"\ \"/Users/myfuckingmacbookair/Documents/GitHub/bindery/ios/build/Build/Products/Release-iphonesimulator/PurchasesHybridCommon\"\ \"/Users/myfuckingmacbookair/Documents/GitHub/bindery/ios/build/Build/Products/Release-iphonesimulator/RevenueCat\"\ \"/Users/myfuckingmacbookair/Documents/GitHub/bindery/ios/build/Build/Products/Release-iphonesimulator/expo-dev-menu-interface\"
    export SWIFT_OBJC_BRIDGING_HEADER\=TheBindery/TheBindery-Bridging-Header.h
    export SWIFT_PLATFORM_TARGET_PREFIX\=ios
    export SWIFT_RESPONSE_FILE_PATH_normal_arm64\=/Users/myfuckingmacbookair/Documents/GitHub/bindery/ios/build/Build/Intermediates.noindex/TheBindery.build/Release-iphonesimulator/TheBindery.build/Objects-normal/arm64/TheBindery.SwiftFileList
    export SWIFT_RESPONSE_FILE_PATH_normal_x86_64\=/Users/myfuckingmacbookair/Documents/GitHub/bindery/ios/build/Build/Intermediates.noindex/TheBindery.build/Release-iphonesimulator/TheBindery.build/Objects-normal/x86_64/TheBindery.SwiftFileList
    export SWIFT_VERSION\=5.0
    export SYMROOT\=/Users/myfuckingmacbookair/Documents/GitHub/bindery/ios/build/Build/Products
    export SYSTEM_ADMIN_APPS_DIR\=/Applications/Utilities
    export SYSTEM_APPS_DIR\=/Applications
    export SYSTEM_CORE_SERVICES_DIR\=/System/Library/CoreServices
    export SYSTEM_DEMOS_DIR\=/Applications/Extras
    export SYSTEM_DEVELOPER_APPS_DIR\=/Applications/Xcode.app/Contents/Developer/Applications
    export SYSTEM_DEVELOPER_BIN_DIR\=/Applications/Xcode.app/Contents/Developer/usr/bin
    export SYSTEM_DEVELOPER_DEMOS_DIR\=/Applications/Xcode.app/Contents/Developer/Applications/Utilities/Built\ Examples
    export SYSTEM_DEVELOPER_DIR\=/Applications/Xcode.app/Contents/Developer
    export SYSTEM_DEVELOPER_DOC_DIR\=/Applications/Xcode.app/Contents/Developer/ADC\ Reference\ Library
    export SYSTEM_DEVELOPER_GRAPHICS_TOOLS_DIR\=/Applications/Xcode.app/Contents/Developer/Applications/Graphics\ Tools
    export SYSTEM_DEVELOPER_JAVA_TOOLS_DIR\=/Applications/Xcode.app/Contents/Developer/Applications/Java\ Tools
    export SYSTEM_DEVELOPER_PERFORMANCE_TOOLS_DIR\=/Applications/Xcode.app/Contents/Developer/Applications/Performance\ Tools
    export SYSTEM_DEVELOPER_RELEASENOTES_DIR\=/Applications/Xcode.app/Contents/Developer/ADC\ Reference\ Library/releasenotes
    export SYSTEM_DEVELOPER_TOOLS\=/Applications/Xcode.app/Contents/Developer/Tools
    export SYSTEM_DEVELOPER_TOOLS_DOC_DIR\=/Applications/Xcode.app/Contents/Developer/ADC\ Reference\ Library/documentation/DeveloperTools
    export SYSTEM_DEVELOPER_TOOLS_RELEASENOTES_DIR\=/Applications/Xcode.app/Contents/Developer/ADC\ Reference\ Library/releasenotes/DeveloperTools
    export SYSTEM_DEVELOPER_USR_DIR\=/Applications/Xcode.app/Contents/Developer/usr
    export SYSTEM_DEVELOPER_UTILITIES_DIR\=/Applications/Xcode.app/Contents/Developer/Applications/Utilities
    export SYSTEM_DEXT_INSTALL_PATH\=/System/Library/DriverExtensions
    export SYSTEM_DOCUMENTATION_DIR\=/Library/Documentation
    export SYSTEM_EXTENSIONS_FOLDER_PATH\=TheBindery.app/SystemExtensions
    export SYSTEM_EXTENSIONS_FOLDER_PATH_SHALLOW_BUNDLE_NO\=TheBindery.app/Library/SystemExtensions
    export SYSTEM_EXTENSIONS_FOLDER_PATH_SHALLOW_BUNDLE_YES\=TheBindery.app/SystemExtensions
    export SYSTEM_KEXT_INSTALL_PATH\=/System/Library/Extensions
    export SYSTEM_LIBRARY_DIR\=/System/Library
    export TAPI_DEMANGLE\=YES
    export TAPI_ENABLE_PROJECT_HEADERS\=NO
    export TAPI_LANGUAGE\=objective-c
    export TAPI_LANGUAGE_STANDARD\=compiler-default
    export TAPI_USE_SRCROOT\=YES
    export TAPI_VERIFY_MODE\=Pedantic
    export TARGETED_DEVICE_FAMILY\=1
    export TARGETNAME\=TheBindery
    export TARGET_BUILD_DIR\=/Users/myfuckingmacbookair/Documents/GitHub/bindery/ios/build/Build/Products/Release-iphonesimulator
    export TARGET_DEVICE_IDENTIFIER\=4DC2E649-35BE-4445-9A24-38BD8A88D1BF
    export TARGET_DEVICE_MODEL\=iPhone18,1
    export TARGET_DEVICE_OS_VERSION\=26.0.1
    export TARGET_DEVICE_PLATFORM_NAME\=iphonesimulator
    export TARGET_NAME\=TheBindery
    export TARGET_TEMP_DIR\=/Users/myfuckingmacbookair/Documents/GitHub/bindery/ios/build/Build/Intermediates.noindex/TheBindery.build/Release-iphonesimulator/TheBindery.build
    export TEMP_DIR\=/Users/myfuckingmacbookair/Documents/GitHub/bindery/ios/build/Build/Intermediates.noindex/TheBindery.build/Release-iphonesimulator/TheBindery.build
    export TEMP_FILES_DIR\=/Users/myfuckingmacbookair/Documents/GitHub/bindery/ios/build/Build/Intermediates.noindex/TheBindery.build/Release-iphonesimulator/TheBindery.build
    export TEMP_FILE_DIR\=/Users/myfuckingmacbookair/Documents/GitHub/bindery/ios/build/Build/Intermediates.noindex/TheBindery.build/Release-iphonesimulator/TheBindery.build
    export TEMP_ROOT\=/Users/myfuckingmacbookair/Documents/GitHub/bindery/ios/build/Build/Intermediates.noindex
    export TEMP_SANDBOX_DIR\=/Users/myfuckingmacbookair/Documents/GitHub/bindery/ios/build/Build/Intermediates.noindex/TemporaryTaskSandboxes
    export TEST_FRAMEWORK_SEARCH_PATHS\=\ /Applications/Xcode.app/Contents/Developer/Platforms/iPhoneSimulator.platform/Developer/Library/Frameworks\ /Applications/Xcode.app/Contents/Developer/Platforms/iPhoneSimulator.platform/Developer/SDKs/iPhoneSimulator26.0.sdk/Developer/Library/Frameworks
    export TEST_LIBRARY_SEARCH_PATHS\=\ /Applications/Xcode.app/Contents/Developer/Platforms/iPhoneSimulator.platform/Developer/usr/lib
    export TOOLCHAINS\=com.apple.dt.toolchain.XcodeDefault
    export TOOLCHAIN_DIR\=/Applications/Xcode.app/Contents/Developer/Toolchains/XcodeDefault.xctoolchain
    export TREAT_MISSING_BASELINES_AS_TEST_FAILURES\=NO
    export TREAT_MISSING_SCRIPT_PHASE_OUTPUTS_AS_ERRORS\=NO
    export TeamIdentifierPrefix\=75ULC33H2C.
    export UID\=501
    export UNINSTALLED_PRODUCTS_DIR\=/Users/myfuckingmacbookair/Documents/GitHub/bindery/ios/build/Build/Intermediates.noindex/UninstalledProducts
    export UNLOCALIZED_RESOURCES_FOLDER_PATH\=TheBindery.app
    export UNLOCALIZED_RESOURCES_FOLDER_PATH_SHALLOW_BUNDLE_NO\=TheBindery.app/Resources
    export UNLOCALIZED_RESOURCES_FOLDER_PATH_SHALLOW_BUNDLE_YES\=TheBindery.app
    export UNSTRIPPED_PRODUCT\=NO
    export USER\=myfuckingmacbookair
    export USER_APPS_DIR\=/Users/myfuckingmacbookair/Applications
    export USER_LIBRARY_DIR\=/Users/myfuckingmacbookair/Library
    export USE_DYNAMIC_NO_PIC\=YES
    export USE_HEADERMAP\=YES
    export USE_HEADER_SYMLINKS\=NO
    export USE_HERMES\=true
    export USE_RECURSIVE_SCRIPT_INPUTS_IN_SCRIPT_PHASES\=YES
    export VALIDATE_DEVELOPMENT_ASSET_PATHS\=YES_ERROR
    export VALIDATE_PRODUCT\=YES
    export VALID_ARCHS\=arm64\ x86_64
    export VERBOSE_PBXCP\=NO
    export VERSIONING_SYSTEM\=apple-generic
    export VERSIONPLIST_PATH\=TheBindery.app/version.plist
    export VERSION_INFO_BUILDER\=myfuckingmacbookair
    export VERSION_INFO_FILE\=TheBindery_vers.c
    export VERSION_INFO_STRING\=\"@\(\#\)PROGRAM:TheBindery\ \ PROJECT:TheBindery-1\"
    export WARNING_CFLAGS\=-Wno-comma\ -Wno-shorten-64-to-32
    export WORKSPACE_DIR\=/Users/myfuckingmacbookair/Documents/GitHub/bindery/ios
    export WRAPPER_EXTENSION\=app
    export WRAPPER_NAME\=TheBindery.app
    export WRAPPER_SUFFIX\=.app
    export WRAP_ASSET_PACKS_IN_SEPARATE_DIRECTORIES\=NO
    export XCODE_APP_SUPPORT_DIR\=/Applications/Xcode.app/Contents/Developer/Library/Xcode
    export XCODE_PRODUCT_BUILD_VERSION\=17A400
    export XCODE_VERSION_ACTUAL\=2601
    export XCODE_VERSION_MAJOR\=2600
    export XCODE_VERSION_MINOR\=2600
    export XPCSERVICES_FOLDER_PATH\=TheBindery.app/XPCServices
    export YACC\=yacc
    export _DISCOVER_COMMAND_LINE_LINKER_INPUTS\=YES
    export _DISCOVER_COMMAND_LINE_LINKER_INPUTS_INCLUDE_WL\=YES
    export _LD_MULTIARCH\=YES
    export _WRAPPER_CONTENTS_DIR_SHALLOW_BUNDLE_NO\=/Contents
    export _WRAPPER_PARENT_PATH_SHALLOW_BUNDLE_NO\=/..
    export _WRAPPER_RESOURCES_DIR_SHALLOW_BUNDLE_NO\=/Resources
    export __DIAGNOSE_DEPRECATED_ARCHS\=YES
    export __IS_NOT_MACOS\=YES
    export __IS_NOT_MACOS_macosx\=NO
    export __IS_NOT_SIMULATOR\=NO
    export __IS_NOT_SIMULATOR_simulator\=NO
    export arch\=undefined_arch
    export variant\=normal
    /bin/sh -c /Users/myfuckingmacbookair/Documents/GitHub/bindery/ios/build/Build/Intermediates.noindex/TheBindery.build/Release-iphonesimulator/TheBindery.build/Script-00DD1BFF1BD5951E006B06BC.sh
+ DEST=/Users/myfuckingmacbookair/Documents/GitHub/bindery/ios/build/Build/Products/Release-iphonesimulator/TheBindery.app
+ [[ ! -n '' ]]
+ [[ Release = *Debug* ]]
+ [[ -n '' ]]
+ case "$CONFIGURATION" in
+ DEV=false
+++ dirname /Users/myfuckingmacbookair/Documents/GitHub/bindery/node_modules/react-native/scripts/react-native-xcode.sh
++ cd /Users/myfuckingmacbookair/Documents/GitHub/bindery/node_modules/react-native/scripts/..
++ pwd
+ REACT_NATIVE_DIR=/Users/myfuckingmacbookair/Documents/GitHub/bindery/node_modules/react-native
+ PROJECT_ROOT=/Users/myfuckingmacbookair/Documents/GitHub/bindery/ios/..
+ cd /Users/myfuckingmacbookair/Documents/GitHub/bindery/ios/..
+ [[ -n /Users/myfuckingmacbookair/Documents/GitHub/bindery/index.ts ]]
+ :
+ source /Users/myfuckingmacbookair/Documents/GitHub/bindery/node_modules/react-native/scripts/node-binary.sh
++ '[' -z /usr/local/bin/node ']'
++ type /usr/local/bin/node
+ HERMES_ENGINE_PATH=/Users/myfuckingmacbookair/Documents/GitHub/bindery/ios/Pods/hermes-engine
+ '[' -z /Users/myfuckingmacbookair/Documents/GitHub/bindery/node_modules/hermes-compiler/hermesc/osx-bin/hermesc ']'
+ [[ true != false ]]
+ [[ -f /Users/myfuckingmacbookair/Documents/GitHub/bindery/ios/Pods/hermes-engine ]]
+ '[' -z '' ']'
+ export NODE_ARGS=
+ NODE_ARGS=
+ '[' -z /Users/myfuckingmacbookair/Documents/GitHub/bindery/node_modules/expo/node_modules/@expo/cli/build/bin/cli ']'
+ '[' -z export:embed ']'
+ '[' -z '' ']'
+ COMPOSE_SOURCEMAP_PATH=/Users/myfuckingmacbookair/Documents/GitHub/bindery/node_modules/react-native/scripts/compose-source-maps.js
+ [[ -z '' ]]
+ CONFIG_ARG=
+ [[ -z '' ]]
+ BUNDLE_NAME=main
+ BUNDLE_FILE=/Users/myfuckingmacbookair/Documents/GitHub/bindery/ios/build/Build/Products/Release-iphonesimulator/main.jsbundle
+ EXTRA_ARGS=()
+ case "$PLATFORM_NAME" in
+ BUNDLE_PLATFORM=ios
+ '[' '' = YES ']'
+ EMIT_SOURCEMAP=
+ [[ ! -z '' ]]
+ PACKAGER_SOURCEMAP_FILE=
+ [[ '' == true ]]
+ [[ true != false ]]
+ [[ false == false ]]
+ EXTRA_ARGS+=("--minify" "false")
+ [[ -n '' ]]
+ [[ -n '' ]]
+ EXTRA_ARGS+=("--config-cmd" "'$NODE_BINARY' $NODE_ARGS '$REACT_NATIVE_DIR/cli.js' config")
+ /usr/local/bin/node /Users/myfuckingmacbookair/Documents/GitHub/bindery/node_modules/expo/node_modules/@expo/cli/build/bin/cli export:embed --entry-file /Users/myfuckingmacbookair/Documents/GitHub/bindery/index.ts --platform ios --dev false --reset-cache --bundle-output /Users/myfuckingmacbookair/Documents/GitHub/bindery/ios/build/Build/Products/Release-iphonesimulator/main.jsbundle --assets-dest /Users/myfuckingmacbookair/Documents/GitHub/bindery/ios/build/Build/Products/Release-iphonesimulator/TheBindery.app --minify false --config-cmd ''\''/usr/local/bin/node'\''  '\''/Users/myfuckingmacbookair/Documents/GitHub/bindery/node_modules/react-native/cli.js'\'' config'
Starting Metro Bundler

warning: Bundler cache is empty, rebuilding (this may take a minute)
iOS Bundled 10966ms index.ts (704 modules)
Writing bundle output to: /Users/myfuckingmacbookair/Documents/GitHub/bindery/ios/build/Build/Products/Release-iphonesimulator/main.jsbundle
Done writing bundle output
+ [[ true == false ]]
+ EXTRA_COMPILER_ARGS=
+ [[ false == true ]]
+ EXTRA_COMPILER_ARGS=-O
+ [[ '' == true ]]
+ /Users/myfuckingmacbookair/Documents/GitHub/bindery/node_modules/hermes-compiler/hermesc/osx-bin/hermesc -emit-binary -max-diagnostic-width=80 -O -out /Users/myfuckingmacbookair/Documents/GitHub/bindery/ios/build/Build/Products/Release-iphonesimulator/TheBindery.app/main.jsbundle /Users/myfuckingmacbookair/Documents/GitHub/bindery/ios/build/Build/Products/Release-iphonesimulator/main.jsbundle
/Users/myfuckingmacbookair/Documents/GitHub/bindery/ios/build/Build/Products/Release-iphonesimulator/main.jsbundle:869:13: warning: the variable "Promise" was not declared in anonymous function
    var z = Promise,
            ^~~~~~~
/Users/myfuckingmacbookair/Documents/GitHub/bindery/ios/build/Build/Products/Release-iphonesimulator/main.jsbundle:3523:25: warning: the variable "ErrorUtils" was not declared in anonymous function
    var globalHandler = ErrorUtils.getGlobalHandler();
                        ^~~~~~~~~~
/Users/myfuckingmacbookair/Documents/GitHub/bindery/ios/build/Build/Products/Release-iphonesimulator/main.jsbundle:3570:39: warning: the variable "FormData" was not declared in anonymous function
  (0, _FormData.installFormDataPatch)(FormData);
                                      ^~~~~~~~
/Users/myfuckingmacbookair/Documents/GitHub/bindery/ios/build/Build/Products/Release-iphonesimulator/main.jsbundle:3571:45: warning: the variable "AbortSignal" was not declared in anonymous function
  (0, _AbortSignal.installAbortSignalPatch)(AbortSignal);
                                            ^~~~~~~~~~~
/Users/myfuckingmacbookair/Documents/GitHub/bindery/ios/build/Build/Products/Release-iphonesimulator/main.jsbundle:6161:71: warning: the variable "performance" was not declared in anonymous function
...!== undefined ? initTimestamp : performance.now();
                                   ^~~~~~~~~~~
/Users/myfuckingmacbookair/Documents/GitHub/bindery/ios/build/Build/Products/Release-iphonesimulator/main.jsbundle:18572:7: warning: the variable "setTimeout" was not declared in function "logUncaughtError"
      setTimeout(function () {
      ^~~~~~~~~~
/Users/myfuckingmacbookair/Documents/GitHub/bindery/ios/build/Build/Products/Release-iphonesimulator/main.jsbundle:21350:31: warning: the variable "nativeFabricUIManager" was not declared in anonymous function
  var _nativeFabricUIManage = nativeFabricUIManager,
                              ^~~~~~~~~~~~~~~~~~~~~
/Users/myfuckingmacbookair/Documents/GitHub/bindery/ios/build/Build/Products/Release-iphonesimulator/main.jsbundle:21414:21: warning: the variable "clearTimeout" was not declared in anonymous function
    cancelTimeout = clearTimeout;
                    ^~~~~~~~~~~~
/Users/myfuckingmacbookair/Documents/GitHub/bindery/ios/build/Build/Products/Release-iphonesimulator/main.jsbundle:26203:15: warning: the variable "Blob" was not declared in anonymous function
          new Blob();
              ^~~~
/Users/myfuckingmacbookair/Documents/GitHub/bindery/ios/build/Build/Products/Release-iphonesimulator/main.jsbundle:26342:24: warning: the variable "FileReader" was not declared in function "readBlobAsArrayBuffer"
      var reader = new FileReader();
                       ^~~~~~~~~~
/Users/myfuckingmacbookair/Documents/GitHub/bindery/ios/build/Build/Products/Release-iphonesimulator/main.jsbundle:26397:44: warning: the variable "URLSearchParams" was not declared in anonymous function
...e if (support.searchParams && URLSearchParams.prototype.isPrototypeOf(body...
                                 ^~~~~~~~~~~~~~~
/Users/myfuckingmacbookair/Documents/GitHub/bindery/ios/build/Build/Products/Release-iphonesimulator/main.jsbundle:26650:23: warning: the variable "XMLHttpRequest" was not declared in anonymous function
        var xhr = new XMLHttpRequest();
                      ^~~~~~~~~~~~~~
/Users/myfuckingmacbookair/Documents/GitHub/bindery/ios/build/Build/Products/Release-iphonesimulator/main.jsbundle:30873:22: warning: the variable "DOMException" was not declared in function "timeout"
    var reason = new DOMException('The signal timed out.', 'TimeoutError');
                     ^~~~~~~~~~~~
/Users/myfuckingmacbookair/Documents/GitHub/bindery/ios/build/Build/Products/Release-iphonesimulator/main.jsbundle:31621:35: warning: the variable "TransformStream" was not declared in anonymous function
  class TextDecoderStream extends TransformStream {
                                  ^~~~~~~~~~~~~~~
/Users/myfuckingmacbookair/Documents/GitHub/bindery/ios/build/Build/Products/Release-iphonesimulator/main.jsbundle:31623:25: warning: the variable "TextDecoder" was not declared in anonymous function
      var decoder = new TextDecoder(label, options);
                        ^~~~~~~~~~~
/Users/myfuckingmacbookair/Documents/GitHub/bindery/ios/build/Build/Products/Release-iphonesimulator/main.jsbundle:31660:25: warning: the variable "TextEncoder" was not declared in anonymous function
      var encoder = new TextEncoder();
                        ^~~~~~~~~~~
/Users/myfuckingmacbookair/Documents/GitHub/bindery/ios/build/Build/Products/Release-iphonesimulator/main.jsbundle:33535:19: warning: the variable "URL" was not declared in function "getBundleUrl"
    var url = new URL(scriptURL);
                  ^~~
/Users/myfuckingmacbookair/Documents/GitHub/bindery/ios/build/Build/Products/Release-iphonesimulator/main.jsbundle:33928:50: warning: the variable "Request" was not declared in anonymous arrow function
...ody' in input || input instanceof Request || input[Symbol.toStringTag] ===...
                                     ^~~~~~~
/Users/myfuckingmacbookair/Documents/GitHub/bindery/ios/build/Build/Products/Release-iphonesimulator/main.jsbundle:37307:13: warning: the variable "clearImmediate" was not declared in anonymous arrow function
            clearImmediate(flushQueueImmediate);
            ^~~~~~~~~~~~~~
/Users/myfuckingmacbookair/Documents/GitHub/bindery/ios/build/Build/Products/Release-iphonesimulator/main.jsbundle:38870:32: warning: the variable "requestAnimationFrame" was not declared in anonymous function
        this._animationFrame = requestAnimationFrame(() => this.onUpdate());
                               ^~~~~~~~~~~~~~~~~~~~~
/Users/myfuckingmacbookair/Documents/GitHub/bindery/ios/build/Build/Products/Release-iphonesimulator/main.jsbundle:55395:22: warning: the variable "ReadableStream" was not declared in function "wrapWithConsumption"
    var stream = new ReadableStream({
                     ^~~~~~~~~~~~~~
/Users/myfuckingmacbookair/Documents/GitHub/bindery/ios/build/Build/Products/Release-iphonesimulator/main.jsbundle:55602:18: warning: the variable "Headers" was not declared in anonymous function
      return new Headers(this._rawHeaders);
                 ^~~~~~~
/Users/myfuckingmacbookair/Documents/GitHub/bindery/ios/build/Build/Products/Release-iphonesimulator/main.jsbundle:56233:16: warning: Direct call to eval(), but lexical scope is not supported.
        return eval(body);
               ^~~~
/Users/myfuckingmacbookair/Documents/GitHub/bindery/ios/build/Build/Products/Release-iphonesimulator/main.jsbundle:57303:21: warning: the variable "Image" was not declared in anonymous arrow function
      var img = new Image();
                    ^~~~~
/Users/myfuckingmacbookair/Documents/GitHub/bindery/ios/build/Build/Products/Release-iphonesimulator/main.jsbundle:64294:44: warning: the variable "document" was not declared in anonymous function
... !== p(this, cr) && (g(this, pr, document.createDocumentFragment()), p(thi...
                                    ^~~~~~~~
/Users/myfuckingmacbookair/Documents/GitHub/bindery/ios/build/Build/Products/Release-iphonesimulator/main.jsbundle:64511:27: warning: the variable "Comment" was not declared in function "at"
      return t instanceof Comment && "" === t.data ? tt(t) : t;
                          ^~~~~~~
/Users/myfuckingmacbookair/Documents/GitHub/bindery/ios/build/Build/Products/Release-iphonesimulator/main.jsbundle:64928:55: warning: the variable "EventTarget" was not declared in function "pn"
...typeof e && e && !(e instanceof EventTarget)) if (re in e) _n(e);else if (...
                                   ^~~~~~~~~~~
/Users/myfuckingmacbookair/Documents/GitHub/bindery/ios/build/Build/Products/Release-iphonesimulator/main.jsbundle:64967:78: warning: the variable "HTMLMediaElement" was not declared in function "fn"
...=== document || r instanceof HTMLMediaElement) && _t(() => {
                                ^~~~~~~~~~~~~~~~
/Users/myfuckingmacbookair/Documents/GitHub/bindery/ios/build/Build/Products/Release-iphonesimulator/main.jsbundle:65132:46: warning: the variable "navigator" was not declared in anonymous function
            Xr = window, Zr = /Firefox/.test(navigator.userAgent);
                                             ^~~~~~~~~
/Users/myfuckingmacbookair/Documents/GitHub/bindery/ios/build/Build/Products/Release-iphonesimulator/main.jsbundle:65133:21: warning: the variable "Element" was not declared in anonymous function
            var e = Element.prototype,
                    ^~~~~~~
/Users/myfuckingmacbookair/Documents/GitHub/bindery/ios/build/Build/Products/Release-iphonesimulator/main.jsbundle:65134:19: warning: the variable "Node" was not declared in anonymous function
              r = Node.prototype,
                  ^~~~
/Users/myfuckingmacbookair/Documents/GitHub/bindery/ios/build/Build/Products/Release-iphonesimulator/main.jsbundle:65135:19: warning: the variable "Text" was not declared in anonymous function
              t = Text.prototype;
                  ^~~~
/Users/myfuckingmacbookair/Documents/GitHub/bindery/ios/build/Build/Products/Release-iphonesimulator/main.jsbundle:65472:29: warning: the variable "CustomEvent" was not declared in anonymous arrow function
        e.dispatchEvent(new CustomEvent(r));
                            ^~~~~~~~~~~
/Users/myfuckingmacbookair/Documents/GitHub/bindery/ios/build/Build/Products/Release-iphonesimulator/main.jsbundle:65873:27: warning: the variable "MutationObserver" was not declared in anonymous function
              var r = new MutationObserver(() => {
                          ^~~~~~~~~~~~~~~~
/Users/myfuckingmacbookair/Documents/GitHub/bindery/ios/build/Build/Products/Release-iphonesimulator/main.jsbundle:65933:45: warning: the variable "ResizeObserver" was not declared in anonymous function
      return p(this, Na) ?? g(this, Na, new ResizeObserver(e => {
                                            ^~~~~~~~~~~~~~
/Users/myfuckingmacbookair/Documents/GitHub/bindery/ios/build/Build/Products/Release-iphonesimulator/main.jsbundle:70360:24: warning: the variable "Intl" was not declared in anonymous arrow function
          var [_e34] = Intl.getCanonicalLocales(r);
                       ^~~~
/Users/myfuckingmacbookair/Documents/GitHub/bindery/ios/build/Build/Products/Release-iphonesimulator/main.jsbundle:73087:30: warning: the variable "HTMLAnchorElement" was not declared in anonymous arrow function
          if (!(n instanceof HTMLAnchorElement)) return;
                             ^~~~~~~~~~~~~~~~~
/Users/myfuckingmacbookair/Documents/GitHub/bindery/ios/build/Build/Products/Release-iphonesimulator/main.jsbundle:73285:18: warning: the variable "WebKitCSSMatrix" was not declared in function "Gc"
      return new WebKitCSSMatrix(r.transform).m41;
                 ^~~~~~~~~~~~~~~
/Users/myfuckingmacbookair/Documents/GitHub/bindery/ios/build/Build/Products/Release-iphonesimulator/main.jsbundle:74553:28: warning: the variable "setInterval" was not declared in anonymous arrow function
        e(Date.now()), r = setInterval(() => e(Date.now()), 1e3);
                           ^~~~~~~~~~~
/Users/myfuckingmacbookair/Documents/GitHub/bindery/ios/build/Build/Products/Release-iphonesimulator/main.jsbundle:74556:45: warning: the variable "clearInterval" was not declared in anonymous arrow function
        clearTimeout(t), undefined !== r && clearInterval(r);
                                            ^~~~~~~~~~~~~
/Users/myfuckingmacbookair/Documents/GitHub/bindery/ios/build/Build/Products/Release-iphonesimulator/main.jsbundle:75398:28: warning: the variable "FontFace" was not declared in anonymous function
                _a20 = new FontFace(_n35, `url(${e.url})`, {
                           ^~~~~~~~
/Users/myfuckingmacbookair/Documents/GitHub/bindery/ios/build/Build/Products/Release-iphonesimulator/main.jsbundle:81518:16: warning: the variable "getComputedStyle" was not declared in function "qf"
      var a = +getComputedStyle(e).opacity;
               ^~~~~~~~~~~~~~~~
/Users/myfuckingmacbookair/Documents/GitHub/bindery/ios/build/Build/Products/Release-iphonesimulator/main.jsbundle:84361:26: warning: the variable "fetch" was not declared in function "Gy"
        var _r75 = await fetch(s, {
                         ^~~~~
/Users/myfuckingmacbookair/Documents/GitHub/bindery/ios/build/Build/Products/Release-iphonesimulator/main.jsbundle:89603:56: warning: the variable "WeakRef" was not declared in function "registerDatabaseForDevToolsAsync"
    registeredDatabases.set(database.databasePath, new WeakRef(database));
                                                       ^~~~~~~
/Users/myfuckingmacbookair/Documents/GitHub/bindery/ios/build/Build/Products/Release-iphonesimulator/main.jsbundle:90269:43: warning: the variable "WebSocket" was not declared in anonymous function
      if (this.wsStore.ws?.readyState === WebSocket.CLOSED) {
                                          ^~~~~~~~~
+ [[ '' == true ]]
+ BUNDLE_FILE=/Users/myfuckingmacbookair/Documents/GitHub/bindery/ios/build/Build/Products/Release-iphonesimulator/TheBindery.app/main.jsbundle
+ [[ false != true ]]
+ [[ ! -f /Users/myfuckingmacbookair/Documents/GitHub/bindery/ios/build/Build/Products/Release-iphonesimulator/TheBindery.app/main.jsbundle ]]

PhaseScriptExecution [CP]\ Copy\ Pods\ Resources /Users/myfuckingmacbookair/Documents/GitHub/bindery/ios/build/Build/Intermediates.noindex/TheBindery.build/Release-iphonesimulator/TheBindery.build/Script-800E24972A6A228C8D4807E9.sh (in target 'TheBindery' from project 'TheBindery')
    cd /Users/myfuckingmacbookair/Documents/GitHub/bindery/ios
    /bin/sh -c /Users/myfuckingmacbookair/Documents/GitHub/bindery/ios/build/Build/Intermediates.noindex/TheBindery.build/Release-iphonesimulator/TheBindery.build/Script-800E24972A6A228C8D4807E9.sh
/Users/myfuckingmacbookair/Documents/GitHub/bindery/ios/build/Build/Products/Release-iphonesimulator/EXConstants/EXConstants.bundle
/Users/myfuckingmacbookair/Documents/GitHub/bindery/ios/build/Build/Products/Release-iphonesimulator/EXConstants/ExpoConstants_privacy.bundle
/Users/myfuckingmacbookair/Documents/GitHub/bindery/ios/build/Build/Products/Release-iphonesimulator/ExpoFileSystem/ExpoFileSystem_privacy.bundle
/Users/myfuckingmacbookair/Documents/GitHub/bindery/ios/build/Build/Products/Release-iphonesimulator/PurchasesHybridCommon/PurchasesHybridCommon.bundle
/Users/myfuckingmacbookair/Documents/GitHub/bindery/ios/build/Build/Products/Release-iphonesimulator/React-Core/React-Core_privacy.bundle
/Users/myfuckingmacbookair/Documents/GitHub/bindery/ios/build/Build/Products/Release-iphonesimulator/React-cxxreact/React-cxxreact_privacy.bundle
/Users/myfuckingmacbookair/Documents/GitHub/bindery/ios/build/Build/Products/Release-iphonesimulator/React-timing/React-timing_privacy.bundle
/Users/myfuckingmacbookair/Documents/GitHub/bindery/ios/build/Build/Products/Release-iphonesimulator/RevenueCat/RevenueCat.bundle
Transfer starting: 23 files
EXConstants.bundle/app.config

sent 2174 bytes  received 42 bytes  312112 bytes/sec
total size is 10772  speedup is 4.86

PhaseScriptExecution [Expo\ Dev\ Launcher]\ Strip\ Local\ Network\ Keys\ for\ Release /Users/myfuckingmacbookair/Documents/GitHub/bindery/ios/build/Build/Intermediates.noindex/TheBindery.build/Release-iphonesimulator/TheBindery.build/Script-D426751D9B3948FC8582219D.sh (in target 'TheBindery' from project 'TheBindery')
    cd /Users/myfuckingmacbookair/Documents/GitHub/bindery/ios
    export ACTION\=build
    export AD_HOC_CODE_SIGNING_ALLOWED\=YES
    export AGGREGATE_TRACKED_DOMAINS\=YES
    export ALLOW_BUILD_REQUEST_OVERRIDES\=NO
    export ALLOW_TARGET_PLATFORM_SPECIALIZATION\=NO
    export ALTERNATE_GROUP\=staff
    export ALTERNATE_MODE\=u+w,go-w,a+rX
    export ALTERNATE_OWNER\=myfuckingmacbookair
    export ALTERNATIVE_DISTRIBUTION_WEB\=NO
    export ALWAYS_EMBED_SWIFT_STANDARD_LIBRARIES\=YES
    export ALWAYS_SEARCH_USER_PATHS\=NO
    export ALWAYS_USE_SEPARATE_HEADERMAPS\=NO
    export ANDROID_DEPLOYMENT_TARGET\=21.0
    export APPLICATION_EXTENSION_API_ONLY\=NO
    export APPLY_RULES_IN_COPY_FILES\=NO
    export APPLY_RULES_IN_COPY_HEADERS\=NO
    export APP_SHORTCUTS_ENABLE_FLEXIBLE_MATCHING\=YES
    export ARCHS\=arm64\ x86_64
    export ARCHS_STANDARD\=arm64\ x86_64
    export ARCHS_STANDARD_32_64_BIT\=arm64\ x86_64
    export ARCHS_STANDARD_64_BIT\=arm64\ x86_64
    export ARCHS_STANDARD_INCLUDING_64_BIT\=arm64\ x86_64
    export ARCHS_UNIVERSAL_IPHONE_OS\=arm64\ x86_64
    export ASSETCATALOG_COMPILER_APPICON_NAME\=AppIcon
    export ASSETCATALOG_FILTER_FOR_DEVICE_MODEL\=iPhone18,1
    export ASSETCATALOG_FILTER_FOR_DEVICE_OS_VERSION\=26.0.1
    export ASSETCATALOG_FILTER_FOR_THINNING_DEVICE_CONFIGURATION\=iPhone18,1
    export AUTOMATICALLY_MERGE_DEPENDENCIES\=NO
    export AUTOMATION_APPLE_EVENTS\=NO
    export AVAILABLE_PLATFORMS\=android\ appletvos\ appletvsimulator\ driverkit\ iphoneos\ iphonesimulator\ macosx\ qnx\ watchos\ watchsimulator\ webassembly\ xros\ xrsimulator
    export AppIdentifierPrefix\=75ULC33H2C.
    export BUILD_ACTIVE_RESOURCES_ONLY\=YES
    export BUILD_COMPONENTS\=headers\ build
    export BUILD_DIR\=/Users/myfuckingmacbookair/Documents/GitHub/bindery/ios/build/Build/Products
    export BUILD_LIBRARY_FOR_DISTRIBUTION\=NO
    export BUILD_ROOT\=/Users/myfuckingmacbookair/Documents/GitHub/bindery/ios/build/Build/Products
    export BUILD_STYLE\=
    export BUILD_VARIANTS\=normal
    export BUILT_PRODUCTS_DIR\=/Users/myfuckingmacbookair/Documents/GitHub/bindery/ios/build/Build/Products/Release-iphonesimulator
    export BUNDLE_CONTENTS_FOLDER_PATH_deep\=Contents/
    export BUNDLE_EXECUTABLE_FOLDER_NAME_deep\=MacOS
    export BUNDLE_EXTENSIONS_FOLDER_PATH\=Extensions
    export BUNDLE_FORMAT\=shallow
    export BUNDLE_FRAMEWORKS_FOLDER_PATH\=Frameworks
    export BUNDLE_PLUGINS_FOLDER_PATH\=PlugIns
    export BUNDLE_PRIVATE_HEADERS_FOLDER_PATH\=PrivateHeaders
    export BUNDLE_PUBLIC_HEADERS_FOLDER_PATH\=Headers
    export CACHE_ROOT\=/var/folders/p3/qv3pwhyn1njgqlcyk_px59gr0000gn/C/com.apple.DeveloperTools/26.0.1-17A400/Xcode
    export CCHROOT\=/var/folders/p3/qv3pwhyn1njgqlcyk_px59gr0000gn/C/com.apple.DeveloperTools/26.0.1-17A400/Xcode
    export CHMOD\=/bin/chmod
    export CHOWN\=/usr/sbin/chown
    export CLANG_ANALYZER_LOCALIZABILITY_NONLOCALIZED\=YES
    export CLANG_CACHE_FINE_GRAINED_OUTPUTS\=YES
    export CLANG_CXX_LANGUAGE_STANDARD\=c++20
    export CLANG_CXX_LIBRARY\=libc++
    export CLANG_ENABLE_EXPLICIT_MODULES\=YES
    export CLANG_ENABLE_MODULES\=YES
    export CLANG_ENABLE_OBJC_ARC\=YES
    export CLANG_MODULES_BUILD_SESSION_FILE\=/Users/myfuckingmacbookair/Documents/GitHub/bindery/ios/build/ModuleCache.noindex/Session.modulevalidation
    export CLANG_WARN_BLOCK_CAPTURE_AUTORELEASING\=YES
    export CLANG_WARN_BOOL_CONVERSION\=YES
    export CLANG_WARN_COMMA\=YES
    export CLANG_WARN_CONSTANT_CONVERSION\=YES
    export CLANG_WARN_DEPRECATED_OBJC_IMPLEMENTATIONS\=YES
    export CLANG_WARN_DIRECT_OBJC_ISA_USAGE\=YES_ERROR
    export CLANG_WARN_EMPTY_BODY\=YES
    export CLANG_WARN_ENUM_CONVERSION\=YES
    export CLANG_WARN_INFINITE_RECURSION\=YES
    export CLANG_WARN_INT_CONVERSION\=YES
    export CLANG_WARN_NON_LITERAL_NULL_CONVERSION\=YES
    export CLANG_WARN_OBJC_IMPLICIT_RETAIN_SELF\=YES
    export CLANG_WARN_OBJC_LITERAL_CONVERSION\=YES
    export CLANG_WARN_OBJC_ROOT_CLASS\=YES_ERROR
    export CLANG_WARN_QUOTED_INCLUDE_IN_FRAMEWORK_HEADER\=NO
    export CLANG_WARN_RANGE_LOOP_ANALYSIS\=YES
    export CLANG_WARN_STRICT_PROTOTYPES\=YES
    export CLANG_WARN_SUSPICIOUS_MOVE\=YES
    export CLANG_WARN_UNREACHABLE_CODE\=YES
    export CLANG_WARN__DUPLICATE_METHOD_MATCH\=YES
    export CLASS_FILE_DIR\=/Users/myfuckingmacbookair/Documents/GitHub/bindery/ios/build/Build/Intermediates.noindex/TheBindery.build/Release-iphonesimulator/TheBindery.build/JavaClasses
    export CLEAN_PRECOMPS\=YES
    export CLONE_HEADERS\=NO
    export CODESIGNING_FOLDER_PATH\=/Users/myfuckingmacbookair/Documents/GitHub/bindery/ios/build/Build/Products/Release-iphonesimulator/TheBindery.app
    export CODE_SIGNING_ALLOWED\=YES
    export CODE_SIGNING_REQUIRED\=YES
    export CODE_SIGN_CONTEXT_CLASS\=XCiPhoneSimulatorCodeSignContext
    export CODE_SIGN_ENTITLEMENTS\=TheBindery/TheBindery.entitlements
    export CODE_SIGN_IDENTITY\=-
    export CODE_SIGN_INJECT_BASE_ENTITLEMENTS\=YES
    export COLOR_DIAGNOSTICS\=NO
    export COMBINE_HIDPI_IMAGES\=NO
    export COMPILATION_CACHE_CAS_PATH\=/Users/myfuckingmacbookair/Documents/GitHub/bindery/ios/build/CompilationCache.noindex
    export COMPILATION_CACHE_KEEP_CAS_DIRECTORY\=YES
    export COMPILER_INDEX_STORE_ENABLE\=Default
    export COMPOSITE_SDK_DIRS\=/Users/myfuckingmacbookair/Documents/GitHub/bindery/ios/build/Build/Intermediates.noindex/CompositeSDKs
    export COMPRESS_PNG_FILES\=YES
    export CONFIGURATION\=Release
    export CONFIGURATION_BUILD_DIR\=/Users/myfuckingmacbookair/Documents/GitHub/bindery/ios/build/Build/Products/Release-iphonesimulator
    export CONFIGURATION_TEMP_DIR\=/Users/myfuckingmacbookair/Documents/GitHub/bindery/ios/build/Build/Intermediates.noindex/TheBindery.build/Release-iphonesimulator
    export CONTENTS_FOLDER_PATH\=TheBindery.app
    export CONTENTS_FOLDER_PATH_SHALLOW_BUNDLE_NO\=TheBindery.app/Contents
    export CONTENTS_FOLDER_PATH_SHALLOW_BUNDLE_YES\=TheBindery.app
    export COPYING_PRESERVES_HFS_DATA\=NO
    export COPY_HEADERS_RUN_UNIFDEF\=NO
    export COPY_PHASE_STRIP\=YES
    export CORRESPONDING_DEVICE_PLATFORM_DIR\=/Applications/Xcode.app/Contents/Developer/Platforms/iPhoneOS.platform
    export CORRESPONDING_DEVICE_PLATFORM_NAME\=iphoneos
    export CORRESPONDING_DEVICE_SDK_DIR\=/Applications/Xcode.app/Contents/Developer/Platforms/iPhoneOS.platform/Developer/SDKs/iPhoneOS26.0.sdk
    export CORRESPONDING_DEVICE_SDK_NAME\=iphoneos26.0
    export CP\=/bin/cp
    export CREATE_INFOPLIST_SECTION_IN_BINARY\=NO
    export CURRENT_ARCH\=undefined_arch
    export CURRENT_PROJECT_VERSION\=1
    export CURRENT_VARIANT\=normal
    export DEAD_CODE_STRIPPING\=YES
    export DEBUGGING_SYMBOLS\=YES
    export DEBUG_INFORMATION_FORMAT\=dwarf-with-dsym
    export DEBUG_INFORMATION_VERSION\=compiler-default
    export DEFAULT_COMPILER\=com.apple.compilers.llvm.clang.1_0
    export DEFAULT_DEXT_INSTALL_PATH\=/System/Library/DriverExtensions
    export DEFAULT_KEXT_INSTALL_PATH\=/System/Library/Extensions
    export DEFINES_MODULE\=NO
    export DEPLOYMENT_LOCATION\=NO
    export DEPLOYMENT_POSTPROCESSING\=NO
    export DEPLOYMENT_TARGET_SETTING_NAME\=IPHONEOS_DEPLOYMENT_TARGET
    export DEPLOYMENT_TARGET_SUGGESTED_VALUES\=12.0\ 12.1\ 12.2\ 12.3\ 12.4\ 13.0\ 13.1\ 13.2\ 13.3\ 13.4\ 13.5\ 13.6\ 14.0\ 14.1\ 14.2\ 14.3\ 14.4\ 14.5\ 14.6\ 14.7\ 15.0\ 15.1\ 15.2\ 15.3\ 15.4\ 15.5\ 15.6\ 16.0\ 16.1\ 16.2\ 16.3\ 16.4\ 16.5\ 16.6\ 17.0\ 17.1\ 17.2\ 17.3\ 17.4\ 17.5\ 17.6\ 18.0\ 18.1\ 18.2\ 18.3\ 18.4\ 18.5\ 18.6\ 26.0
    export DERIVED_FILES_DIR\=/Users/myfuckingmacbookair/Documents/GitHub/bindery/ios/build/Build/Intermediates.noindex/TheBindery.build/Release-iphonesimulator/TheBindery.build/DerivedSources
    export DERIVED_FILE_DIR\=/Users/myfuckingmacbookair/Documents/GitHub/bindery/ios/build/Build/Intermediates.noindex/TheBindery.build/Release-iphonesimulator/TheBindery.build/DerivedSources
    export DERIVED_SOURCES_DIR\=/Users/myfuckingmacbookair/Documents/GitHub/bindery/ios/build/Build/Intermediates.noindex/TheBindery.build/Release-iphonesimulator/TheBindery.build/DerivedSources
    export DEVELOPER_APPLICATIONS_DIR\=/Applications/Xcode.app/Contents/Developer/Applications
    export DEVELOPER_BIN_DIR\=/Applications/Xcode.app/Contents/Developer/usr/bin
    export DEVELOPER_DIR\=/Applications/Xcode.app/Contents/Developer
    export DEVELOPER_FRAMEWORKS_DIR\=/Applications/Xcode.app/Contents/Developer/Library/Frameworks
    export DEVELOPER_FRAMEWORKS_DIR_QUOTED\=/Applications/Xcode.app/Contents/Developer/Library/Frameworks
    export DEVELOPER_LIBRARY_DIR\=/Applications/Xcode.app/Contents/Developer/Library
    export DEVELOPER_SDK_DIR\=/Applications/Xcode.app/Contents/Developer/Platforms/MacOSX.platform/Developer/SDKs
    export DEVELOPER_TOOLS_DIR\=/Applications/Xcode.app/Contents/Developer/Tools
    export DEVELOPER_USR_DIR\=/Applications/Xcode.app/Contents/Developer/usr
    export DEVELOPMENT_LANGUAGE\=en
    export DIAGNOSE_MISSING_TARGET_DEPENDENCIES\=YES
    export DIFF\=/usr/bin/diff
    export DOCUMENTATION_FOLDER_PATH\=TheBindery.app/en.lproj/Documentation
    export DONT_GENERATE_INFOPLIST_FILE\=NO
    export DSTROOT\=/tmp/TheBindery.dst
    export DT_TOOLCHAIN_DIR\=/Applications/Xcode.app/Contents/Developer/Toolchains/XcodeDefault.xctoolchain
    export DWARF_DSYM_FILE_NAME\=TheBindery.app.dSYM
    export DWARF_DSYM_FILE_SHOULD_ACCOMPANY_PRODUCT\=NO
    export DWARF_DSYM_FOLDER_PATH\=/Users/myfuckingmacbookair/Documents/GitHub/bindery/ios/build/Build/Products/Release-iphonesimulator
    export DYNAMIC_LIBRARY_EXTENSION\=dylib
    export EAGER_COMPILATION_ALLOW_SCRIPTS\=NO
    export EAGER_LINKING\=NO
    export EFFECTIVE_PLATFORM_NAME\=-iphonesimulator
    export EMBEDDED_CONTENT_CONTAINS_SWIFT\=NO
    export EMBED_ASSET_PACKS_IN_PRODUCT_BUNDLE\=NO
    export ENABLE_APP_SANDBOX\=NO
    export ENABLE_CODE_COVERAGE\=YES
    export ENABLE_CPLUSPLUS_BOUNDS_SAFE_BUFFERS\=NO
    export ENABLE_C_BOUNDS_SAFETY\=NO
    export ENABLE_DEBUG_DYLIB\=NO
    export ENABLE_DEFAULT_HEADER_SEARCH_PATHS\=YES
    export ENABLE_DEFAULT_SEARCH_PATHS\=YES
    export ENABLE_ENHANCED_SECURITY\=NO
    export ENABLE_HARDENED_RUNTIME\=NO
    export ENABLE_HEADER_DEPENDENCIES\=YES
    export ENABLE_INCOMING_NETWORK_CONNECTIONS\=NO
    export ENABLE_NS_ASSERTIONS\=NO
    export ENABLE_ON_DEMAND_RESOURCES\=YES
    export ENABLE_OUTGOING_NETWORK_CONNECTIONS\=NO
    export ENABLE_POINTER_AUTHENTICATION\=NO
    export ENABLE_PREVIEWS\=NO
    export ENABLE_RESOURCE_ACCESS_AUDIO_INPUT\=NO
    export ENABLE_RESOURCE_ACCESS_BLUETOOTH\=NO
    export ENABLE_RESOURCE_ACCESS_CALENDARS\=NO
    export ENABLE_RESOURCE_ACCESS_CAMERA\=NO
    export ENABLE_RESOURCE_ACCESS_CONTACTS\=NO
    export ENABLE_RESOURCE_ACCESS_LOCATION\=NO
    export ENABLE_RESOURCE_ACCESS_PHOTO_LIBRARY\=NO
    export ENABLE_RESOURCE_ACCESS_PRINTING\=NO
    export ENABLE_RESOURCE_ACCESS_USB\=NO
    export ENABLE_SDK_IMPORTS\=NO
    export ENABLE_SECURITY_COMPILER_WARNINGS\=NO
    export ENABLE_STRICT_OBJC_MSGSEND\=YES
    export ENABLE_TESTABILITY\=NO
    export ENABLE_TESTING_SEARCH_PATHS\=NO
    export ENABLE_USER_SCRIPT_SANDBOXING\=NO
    export ENABLE_XOJIT_PREVIEWS\=NO
    export ENFORCE_VALID_ARCHS\=YES
    export ENTITLEMENTS_ALLOWED\=NO
    export ENTITLEMENTS_DESTINATION\=__entitlements
    export ENTITLEMENTS_REQUIRED\=NO
    export EXCLUDED_INSTALLSRC_SUBDIRECTORY_PATTERNS\=.DS_Store\ .svn\ .git\ .hg\ CVS
    export EXCLUDED_RECURSIVE_SEARCH_PATH_SUBDIRECTORIES\=\*.nib\ \*.lproj\ \*.framework\ \*.gch\ \*.xcode\*\ \*.xcassets\ \*.icon\ \(\*\)\ .DS_Store\ CVS\ .svn\ .git\ .hg\ \*.pbproj\ \*.pbxproj
    export EXECUTABLES_FOLDER_PATH\=TheBindery.app/Executables
    export EXECUTABLE_FOLDER_PATH\=TheBindery.app
    export EXECUTABLE_FOLDER_PATH_SHALLOW_BUNDLE_NO\=TheBindery.app/MacOS
    export EXECUTABLE_FOLDER_PATH_SHALLOW_BUNDLE_YES\=TheBindery.app
    export EXECUTABLE_NAME\=TheBindery
    export EXECUTABLE_PATH\=TheBindery.app/TheBindery
    export EXPANDED_CODE_SIGN_IDENTITY\=-
    export EXPANDED_CODE_SIGN_IDENTITY_NAME\=Sign\ to\ Run\ Locally
    export EXTENSIONS_FOLDER_PATH\=TheBindery.app/Extensions
    export FILE_LIST\=/Users/myfuckingmacbookair/Documents/GitHub/bindery/ios/build/Build/Intermediates.noindex/TheBindery.build/Release-iphonesimulator/TheBindery.build/Objects/LinkFileList
    export FIXED_FILES_DIR\=/Users/myfuckingmacbookair/Documents/GitHub/bindery/ios/build/Build/Intermediates.noindex/TheBindery.build/Release-iphonesimulator/TheBindery.build/FixedFiles
    export FRAMEWORKS_FOLDER_PATH\=TheBindery.app/Frameworks
    export FRAMEWORK_FLAG_PREFIX\=-framework
    export FRAMEWORK_SEARCH_PATHS\=/Users/myfuckingmacbookair/Documents/GitHub/bindery/ios/build/Build/Products/Release-iphonesimulator\ \ \"/Users/myfuckingmacbookair/Documents/GitHub/bindery/ios/Pods/../../node_modules/expo-modules-jsi/apple/Products\"\ \"/Users/myfuckingmacbookair/Documents/GitHub/bindery/ios/Pods/ExpoFileSystem\"\ \"/Users/myfuckingmacbookair/Documents/GitHub/bindery/ios/Pods/ExpoFont\"\ \"/Users/myfuckingmacbookair/Documents/GitHub/bindery/ios/Pods/ExpoModulesCore\"\ \"/Users/myfuckingmacbookair/Documents/GitHub/bindery/ios/Pods/ExpoModulesWorklets\"\ \"/Users/myfuckingmacbookair/Documents/GitHub/bindery/ios/Pods/React-Core-prebuilt\"\ \"/Users/myfuckingmacbookair/Documents/GitHub/bindery/ios/Pods/ReactNativeDependencies/framework/packages/react-native\"\ \"/Users/myfuckingmacbookair/Documents/GitHub/bindery/ios/Pods/hermes-engine/destroot/Library/Frameworks/universal\"\ \"/Users/myfuckingmacbookair/Documents/GitHub/bindery/ios/build/Build/Products/Release-iphonesimulator/XCFrameworkIntermediates/ExpoFileSystem\"\ \"/Users/myfuckingmacbookair/Documents/GitHub/bindery/ios/build/Build/Products/Release-iphonesimulator/XCFrameworkIntermediates/ExpoFont\"\ \"/Users/myfuckingmacbookair/Documents/GitHub/bindery/ios/build/Build/Products/Release-iphonesimulator/XCFrameworkIntermediates/ExpoModulesCore\"\ \"/Users/myfuckingmacbookair/Documents/GitHub/bindery/ios/build/Build/Products/Release-iphonesimulator/XCFrameworkIntermediates/ExpoModulesJSI\"\ \"/Users/myfuckingmacbookair/Documents/GitHub/bindery/ios/build/Build/Products/Release-iphonesimulator/XCFrameworkIntermediates/ExpoModulesWorklets\"\ \"/Users/myfuckingmacbookair/Documents/GitHub/bindery/ios/build/Build/Products/Release-iphonesimulator/XCFrameworkIntermediates/React-Core-prebuilt\"\ \"/Users/myfuckingmacbookair/Documents/GitHub/bindery/ios/build/Build/Products/Release-iphonesimulator/XCFrameworkIntermediates/ReactNativeDependencies\"\ \"/Users/myfuckingmacbookair/Documents/GitHub/bindery/ios/build/Build/Products/Release-iphonesimulator/XCFrameworkIntermediates/hermes-engine/Pre-built\"
    export FRAMEWORK_VERSION\=A
    export FULL_PRODUCT_NAME\=TheBindery.app
    export FUSE_BUILD_PHASES\=YES
    export FUSE_BUILD_SCRIPT_PHASES\=NO
    export GCC3_VERSION\=3.3
    export GCC_C_LANGUAGE_STANDARD\=gnu99
    export GCC_DYNAMIC_NO_PIC\=NO
    export GCC_INLINES_ARE_PRIVATE_EXTERN\=YES
    export GCC_NO_COMMON_BLOCKS\=YES
    export GCC_OBJC_LEGACY_DISPATCH\=YES
    export GCC_PFE_FILE_C_DIALECTS\=c\ objective-c\ c++\ objective-c++
    export GCC_PREPROCESSOR_DEFINITIONS\=\ COCOAPODS\=1
    export GCC_SYMBOLS_PRIVATE_EXTERN\=YES
    export GCC_TREAT_WARNINGS_AS_ERRORS\=NO
    export GCC_VERSION\=com.apple.compilers.llvm.clang.1_0
    export GCC_VERSION_IDENTIFIER\=com_apple_compilers_llvm_clang_1_0
    export GCC_WARN_64_TO_32_BIT_CONVERSION\=YES
    export GCC_WARN_ABOUT_RETURN_TYPE\=YES_ERROR
    export GCC_WARN_UNDECLARED_SELECTOR\=YES
    export GCC_WARN_UNINITIALIZED_AUTOS\=YES_AGGRESSIVE
    export GCC_WARN_UNUSED_FUNCTION\=YES
    export GCC_WARN_UNUSED_VARIABLE\=YES
    export GENERATED_MODULEMAP_DIR\=/Users/myfuckingmacbookair/Documents/GitHub/bindery/ios/build/Build/Intermediates.noindex/GeneratedModuleMaps-iphonesimulator
    export GENERATE_INFOPLIST_FILE\=NO
    export GENERATE_INTERMEDIATE_TEXT_BASED_STUBS\=YES
    export GENERATE_PKGINFO_FILE\=YES
    export GENERATE_PRELINK_OBJECT_FILE\=NO
    export GENERATE_PROFILING_CODE\=NO
    export GENERATE_TEXT_BASED_STUBS\=NO
    export GID\=20
    export GROUP\=staff
    export HEADERMAP_INCLUDES_FLAT_ENTRIES_FOR_TARGET_BEING_BUILT\=YES
    export HEADERMAP_INCLUDES_FRAMEWORK_ENTRIES_FOR_ALL_PRODUCT_TYPES\=YES
    export HEADERMAP_INCLUDES_FRAMEWORK_ENTRIES_FOR_TARGETS_NOT_BEING_BUILT\=YES
    export HEADERMAP_INCLUDES_NONPUBLIC_NONPRIVATE_HEADERS\=YES
    export HEADERMAP_INCLUDES_PROJECT_HEADERS\=YES
    export HEADERMAP_USES_FRAMEWORK_PREFIX_ENTRIES\=YES
    export HEADERMAP_USES_VFS\=NO
    export HEADER_SEARCH_PATHS\=/Users/myfuckingmacbookair/Documents/GitHub/bindery/ios/build/Build/Products/Release-iphonesimulator/include\ \ \"/Users/myfuckingmacbookair/Documents/GitHub/bindery/ios/Pods/Headers/Public\"\ \"/Users/myfuckingmacbookair/Documents/GitHub/bindery/ios/Pods/Headers/Public/EXConstants\"\ \"/Users/myfuckingmacbookair/Documents/GitHub/bindery/ios/Pods/Headers/Public/EXJSONUtils\"\ \"/Users/myfuckingmacbookair/Documents/GitHub/bindery/ios/Pods/Headers/Public/Expo\"\ \"/Users/myfuckingmacbookair/Documents/GitHub/bindery/ios/Pods/Headers/Public/ExpoSQLite\"\ \"/Users/myfuckingmacbookair/Documents/GitHub/bindery/ios/Pods/Headers/Public/FBLazyVector\"\ \"/Users/myfuckingmacbookair/Documents/GitHub/bindery/ios/Pods/Headers/Public/PurchasesHybridCommon\"\ \"/Users/myfuckingmacbookair/Documents/GitHub/bindery/ios/Pods/Headers/Public/RCTDeprecation\"\ \"/Users/myfuckingmacbookair/Documents/GitHub/bindery/ios/Pods/Headers/Public/RCTRequired\"\ \"/Users/myfuckingmacbookair/Documents/GitHub/bindery/ios/Pods/Headers/Public/RCTSwiftUIWrapper\"\ \"/Users/myfuckingmacbookair/Documents/GitHub/bindery/ios/Pods/Headers/Public/RCTTypeSafety\"\ \"/Users/myfuckingmacbookair/Documents/GitHub/bindery/ios/Pods/Headers/Public/RNPurchases\"\ \"/Users/myfuckingmacbookair/Documents/GitHub/bindery/ios/Pods/Headers/Public/React-Core\"\ \"/Users/myfuckingmacbookair/Documents/GitHub/bindery/ios/Pods/Headers/Public/React-Core-prebuilt\"\ \"/Users/myfuckingmacbookair/Documents/GitHub/bindery/ios/Pods/Headers/Public/React-CoreModules\"\ \"/Users/myfuckingmacbookair/Documents/GitHub/bindery/ios/Pods/Headers/Public/React-Fabric\"\ \"/Users/myfuckingmacbookair/Documents/GitHub/bindery/ios/Pods/Headers/Public/React-FabricComponents\"\ \"/Users/myfuckingmacbookair/Documents/GitHub/bindery/ios/Pods/Headers/Public/React-FabricImage\"\ \"/Users/myfuckingmacbookair/Documents/GitHub/bindery/ios/Pods/Headers/Public/React-ImageManager\"\ \"/Users/myfuckingmacbookair/Documents/GitHub/bindery/ios/Pods/Headers/Public/React-Mapbuffer\"\ \"/Users/myfuckingmacbookair/Documents/GitHub/bindery/ios/Pods/Headers/Public/React-NativeModulesApple\"\ \"/Users/myfuckingmacbookair/Documents/GitHub/bindery/ios/Pods/Headers/Public/React-RCTAnimation\"\ \"/Users/myfuckingmacbookair/Documents/GitHub/bindery/ios/Pods/Headers/Public/React-RCTAppDelegate\"\ \"/Users/myfuckingmacbookair/Documents/GitHub/bindery/ios/Pods/Headers/Public/React-RCTBlob\"\ \"/Users/myfuckingmacbookair/Documents/GitHub/bindery/ios/Pods/Headers/Public/React-RCTFBReactNativeSpec\"\ \"/Users/myfuckingmacbookair/Documents/GitHub/bindery/ios/Pods/Headers/Public/React-RCTFabric\"\ \"/Users/myfuckingmacbookair/Documents/GitHub/bindery/ios/Pods/Headers/Public/React-RCTImage\"\ \"/Users/myfuckingmacbookair/Documents/GitHub/bindery/ios/Pods/Headers/Public/React-RCTRuntime\"\ \"/Users/myfuckingmacbookair/Documents/GitHub/bindery/ios/Pods/Headers/Public/React-RCTSettings\"\ \"/Users/myfuckingmacbookair/Documents/GitHub/bindery/ios/Pods/Headers/Public/React-RCTText\"\ \"/Users/myfuckingmacbookair/Documents/GitHub/bindery/ios/Pods/Headers/Public/React-RCTVibration\"\ \"/Users/myfuckingmacbookair/Documents/GitHub/bindery/ios/Pods/Headers/Public/React-RuntimeApple\"\ \"/Users/myfuckingmacbookair/Documents/GitHub/bindery/ios/Pods/Headers/Public/React-RuntimeCore\"\ \"/Users/myfuckingmacbookair/Documents/GitHub/bindery/ios/Pods/Headers/Public/React-RuntimeHermes\"\ \"/Users/myfuckingmacbookair/Documents/GitHub/bindery/ios/Pods/Headers/Public/React-callinvoker\"\ \"/Users/myfuckingmacbookair/Documents/GitHub/bindery/ios/Pods/Headers/Public/React-cxxreact\"\ \"/Users/myfuckingmacbookair/Documents/GitHub/bindery/ios/Pods/Headers/Public/React-debug\"\ \"/Users/myfuckingmacbookair/Documents/GitHub/bindery/ios/Pods/Headers/Public/React-defaultsnativemodule\"\ \"/Users/myfuckingmacbookair/Documents/GitHub/bindery/ios/Pods/Headers/Public/React-domnativemodule\"\ \"/Users/myfuckingmacbookair/Documents/GitHub/bindery/ios/Pods/Headers/Public/React-featureflags\"\ \"/Users/myfuckingmacbookair/Documents/GitHub/bindery/ios/Pods/Headers/Public/React-featureflagsnativemodule\"\ \"/Users/myfuckingmacbookair/Documents/GitHub/bindery/ios/Pods/Headers/Public/React-graphics\"\ \"/Users/myfuckingmacbookair/Documents/GitHub/bindery/ios/Pods/Headers/Public/React-hermes\"\ \"/Users/myfuckingmacbookair/Documents/GitHub/bindery/ios/Pods/Headers/Public/React-idlecallbacksnativemodule\"\ \"/Users/myfuckingmacbookair/Documents/GitHub/bindery/ios/Pods/Headers/Public/React-intersectionobservernativemodule\"\ \"/Users/myfuckingmacbookair/Documents/GitHub/bindery/ios/Pods/Headers/Public/React-jserrorhandler\"\ \"/Users/myfuckingmacbookair/Documents/GitHub/bindery/ios/Pods/Headers/Public/React-jsi\"\ \"/Users/myfuckingmacbookair/Documents/GitHub/bindery/ios/Pods/Headers/Public/React-jsiexecutor\"\ \"/Users/myfuckingmacbookair/Documents/GitHub/bindery/ios/Pods/Headers/Public/React-jsinspector\"\ \"/Users/myfuckingmacbookair/Documents/GitHub/bindery/ios/Pods/Headers/Public/React-jsinspectorcdp\"\ \"/Users/myfuckingmacbookair/Documents/GitHub/bindery/ios/Pods/Headers/Public/React-jsinspectornetwork\"\ \"/Users/myfuckingmacbookair/Documents/GitHub/bindery/ios/Pods/Headers/Public/React-jsinspectortracing\"\ \"/Users/myfuckingmacbookair/Documents/GitHub/bindery/ios/Pods/Headers/Public/React-jsitooling\"\ \"/Users/myfuckingmacbookair/Documents/GitHub/bindery/ios/Pods/Headers/Public/React-logger\"\ \"/Users/myfuckingmacbookair/Documents/GitHub/bindery/ios/Pods/Headers/Public/React-microtasksnativemodule\"\ \"/Users/myfuckingmacbookair/Documents/GitHub/bindery/ios/Pods/Headers/Public/React-mutationobservernativemodule\"\ \"/Users/myfuckingmacbookair/Documents/GitHub/bindery/ios/Pods/Headers/Public/React-networking\"\ \"/Users/myfuckingmacbookair/Documents/GitHub/bindery/ios/Pods/Headers/Public/React-oscompat\"\ \"/Users/myfuckingmacbookair/Documents/GitHub/bindery/ios/Pods/Headers/Public/React-perflogger\"\ \"/Users/myfuckingmacbookair/Documents/GitHub/bindery/ios/Pods/Headers/Public/React-performancecdpmetrics\"\ \"/Users/myfuckingmacbookair/Documents/GitHub/bindery/ios/Pods/Headers/Public/React-performancetimeline\"\ \"/Users/myfuckingmacbookair/Documents/GitHub/bindery/ios/Pods/Headers/Public/React-rendererconsistency\"\ \"/Users/myfuckingmacbookair/Documents/GitHub/bindery/ios/Pods/Headers/Public/React-renderercss\"\ \"/Users/myfuckingmacbookair/Documents/GitHub/bindery/ios/Pods/Headers/Public/React-rendererdebug\"\ \"/Users/myfuckingmacbookair/Documents/GitHub/bindery/ios/Pods/Headers/Public/React-runtimeexecutor\"\ \"/Users/myfuckingmacbookair/Documents/GitHub/bindery/ios/Pods/Headers/Public/React-runtimescheduler\"\ \"/Users/myfuckingmacbookair/Documents/GitHub/bindery/ios/Pods/Headers/Public/React-timing\"\ \"/Users/myfuckingmacbookair/Documents/GitHub/bindery/ios/Pods/Headers/Public/React-utils\"\ \"/Users/myfuckingmacbookair/Documents/GitHub/bindery/ios/Pods/Headers/Public/React-viewtransitionnativemodule\"\ \"/Users/myfuckingmacbookair/Documents/GitHub/bindery/ios/Pods/Headers/Public/React-webperformancenativemodule\"\ \"/Users/myfuckingmacbookair/Documents/GitHub/bindery/ios/Pods/Headers/Public/ReactAppDependencyProvider\"\ \"/Users/myfuckingmacbookair/Documents/GitHub/bindery/ios/Pods/Headers/Public/ReactCodegen\"\ \"/Users/myfuckingmacbookair/Documents/GitHub/bindery/ios/Pods/Headers/Public/ReactCommon\"\ \"/Users/myfuckingmacbookair/Documents/GitHub/bindery/ios/Pods/Headers/Public/ReactNativeDependencies\"\ \"/Users/myfuckingmacbookair/Documents/GitHub/bindery/ios/Pods/Headers/Public/Yoga\"\ \"/Users/myfuckingmacbookair/Documents/GitHub/bindery/ios/Pods/Headers/Public/expo-dev-launcher\"\ \"/Users/myfuckingmacbookair/Documents/GitHub/bindery/ios/Pods/Headers/Public/expo-dev-menu\"\ \"/Users/myfuckingmacbookair/Documents/GitHub/bindery/ios/Pods/Headers/Public/hermes-engine\"\ \"/Users/myfuckingmacbookair/Documents/GitHub/bindery/ios/build/Build/Products/Release-iphonesimulator/EXManifests/Swift\ Compatibility\ Header\"\ \"/Users/myfuckingmacbookair/Documents/GitHub/bindery/ios/build/Build/Products/Release-iphonesimulator/EXUpdatesInterface/Swift\ Compatibility\ Header\"\ \"/Users/myfuckingmacbookair/Documents/GitHub/bindery/ios/build/Build/Products/Release-iphonesimulator/Expo/Swift\ Compatibility\ Header\"\ \"/Users/myfuckingmacbookair/Documents/GitHub/bindery/ios/Pods/Headers/Private/Yoga\"\ \"/Users/myfuckingmacbookair/Documents/GitHub/bindery/ios/build/Build/Products/Release-iphonesimulator/ExpoModulesCore/Swift\ Compatibility\ Header\"\ \"/Users/myfuckingmacbookair/Documents/GitHub/bindery/ios/Pods/Headers/Private/Yoga\"\ \"/Users/myfuckingmacbookair/Documents/GitHub/bindery/ios/Pods/Headers/Private/React-Core\"\ \"/Users/myfuckingmacbookair/Documents/GitHub/bindery/ios/Pods/Headers/Private/React-Core\"\ \"/Users/myfuckingmacbookair/Documents/GitHub/bindery/ios/Pods/Headers/Private/Yoga\"\ \"/Users/myfuckingmacbookair/Documents/GitHub/bindery/ios/build/Build/Products/Release-iphonesimulator/expo-dev-menu-interface/Swift\ Compatibility\ Header\"\ \"/Users/myfuckingmacbookair/Documents/GitHub/bindery/ios/Pods/ExpoModulesCore/ExpoModulesCore.xcframework/ios-arm64_x86_64-simulator/ExpoModulesCore.framework/Headers\"\ \"/Users/myfuckingmacbookair/Documents/GitHub/bindery/ios/Pods/ExpoModulesCore/ExpoModulesCore.xcframework/ios-arm64/ExpoModulesCore.framework/Headers\"
    export HERMES_CLI_PATH\=/Users/myfuckingmacbookair/Documents/GitHub/bindery/node_modules/hermes-compiler/hermesc/osx-bin/hermesc
    export HOME\=/Users/myfuckingmacbookair
    export HOST_ARCH\=x86_64
    export HOST_PLATFORM\=macosx
    export ICONV\=/usr/bin/iconv
    export IMPLICIT_DEPENDENCY_DOMAIN\=default
    export INFOPLIST_ENABLE_CFBUNDLEICONS_MERGE\=YES
    export INFOPLIST_EXPAND_BUILD_SETTINGS\=YES
    export INFOPLIST_FILE\=TheBindery/Info.plist
    export INFOPLIST_OUTPUT_FORMAT\=binary
    export INFOPLIST_PATH\=TheBindery.app/Info.plist
    export INFOPLIST_PREPROCESS\=NO
    export INFOSTRINGS_PATH\=TheBindery.app/en.lproj/InfoPlist.strings
    export INLINE_PRIVATE_FRAMEWORKS\=NO
    export INSTALLAPI_IGNORE_SKIP_INSTALL\=YES
    export INSTALLHDRS_COPY_PHASE\=NO
    export INSTALLHDRS_SCRIPT_PHASE\=NO
    export INSTALL_DIR\=/tmp/TheBindery.dst/Applications
    export INSTALL_GROUP\=staff
    export INSTALL_MODE_FLAG\=u+w,go-w,a+rX
    export INSTALL_OWNER\=myfuckingmacbookair
    export INSTALL_PATH\=/Applications
    export INSTALL_ROOT\=/tmp/TheBindery.dst
    export IPHONEOS_DEPLOYMENT_TARGET\=16.4
    export IS_UNOPTIMIZED_BUILD\=NO
    export JAVAC_DEFAULT_FLAGS\=-J-Xms64m\ -J-XX:NewSize\=4M\ -J-Dfile.encoding\=UTF8
    export JAVA_APP_STUB\=/System/Library/Frameworks/JavaVM.framework/Resources/MacOS/JavaApplicationStub
    export JAVA_ARCHIVE_CLASSES\=YES
    export JAVA_ARCHIVE_TYPE\=JAR
    export JAVA_COMPILER\=/usr/bin/javac
    export JAVA_FOLDER_PATH\=TheBindery.app/Java
    export JAVA_FRAMEWORK_RESOURCES_DIRS\=Resources
    export JAVA_JAR_FLAGS\=cv
    export JAVA_SOURCE_SUBDIR\=.
    export JAVA_USE_DEPENDENCIES\=YES
    export JAVA_ZIP_FLAGS\=-urg
    export JIKES_DEFAULT_FLAGS\=+E\ +OLDCSO
    export KEEP_PRIVATE_EXTERNS\=NO
    export LD_DEPENDENCY_INFO_FILE\=/Users/myfuckingmacbookair/Documents/GitHub/bindery/ios/build/Build/Intermediates.noindex/TheBindery.build/Release-iphonesimulator/TheBindery.build/Objects-normal/undefined_arch/TheBindery_dependency_info.dat
    export LD_ENTITLEMENTS_SECTION\=/Users/myfuckingmacbookair/Documents/GitHub/bindery/ios/build/Build/Intermediates.noindex/TheBindery.build/Release-iphonesimulator/TheBindery.build/TheBindery.app-Simulated.xcent
    export LD_ENTITLEMENTS_SECTION_DER\=/Users/myfuckingmacbookair/Documents/GitHub/bindery/ios/build/Build/Intermediates.noindex/TheBindery.build/Release-iphonesimulator/TheBindery.build/TheBindery.app-Simulated.xcent.der
    export LD_EXPORT_SYMBOLS\=YES
    export LD_GENERATE_MAP_FILE\=NO
    export LD_MAP_FILE_PATH\=/Users/myfuckingmacbookair/Documents/GitHub/bindery/ios/build/Build/Intermediates.noindex/TheBindery.build/Release-iphonesimulator/TheBindery.build/TheBindery-LinkMap-normal-undefined_arch.txt
    export LD_NO_PIE\=NO
    export LD_QUOTE_LINKER_ARGUMENTS_FOR_COMPILER_DRIVER\=YES
    export LD_RUNPATH_SEARCH_PATHS\=/usr/lib/swift\ \ /usr/lib/swift\ \'@executable_path/Frameworks\'\ \'@loader_path/Frameworks\'\ @executable_path/Frameworks
    export LD_RUNPATH_SEARCH_PATHS_YES\=@loader_path/../Frameworks
    export LD_SHARED_CACHE_ELIGIBLE\=Automatic
    export LD_WARN_DUPLICATE_LIBRARIES\=NO
    export LD_WARN_UNUSED_DYLIBS\=NO
    export LEGACY_DEVELOPER_DIR\=/Applications/Xcode.app/Contents/PlugIns/Xcode3Core.ideplugin/Contents/SharedSupport/Developer
    export LEX\=lex
    export LIBRARY_DEXT_INSTALL_PATH\=/Library/DriverExtensions
    export LIBRARY_FLAG_NOSPACE\=YES
    export LIBRARY_FLAG_PREFIX\=-l
    export LIBRARY_KEXT_INSTALL_PATH\=/Library/Extensions
    export LIBRARY_SEARCH_PATHS\=/Users/myfuckingmacbookair/Documents/GitHub/bindery/ios/build/Build/Products/Release-iphonesimulator\ /Applications/Xcode.app/Contents/Developer/Platforms/iPhoneSimulator.platform/Developer/SDKs/iPhoneSimulator26.0.sdk/usr/lib/swift\ /Users/myfuckingmacbookair/Documents/GitHub/bindery/ios/build/Build/Products/Release-iphonesimulator/EXConstants\ /Users/myfuckingmacbookair/Documents/GitHub/bindery/ios/build/Build/Products/Release-iphonesimulator/EXJSONUtils\ /Users/myfuckingmacbookair/Documents/GitHub/bindery/ios/build/Build/Products/Release-iphonesimulator/EXManifests\ /Users/myfuckingmacbookair/Documents/GitHub/bindery/ios/build/Build/Products/Release-iphonesimulator/EXUpdatesInterface\ /Users/myfuckingmacbookair/Documents/GitHub/bindery/ios/build/Build/Products/Release-iphonesimulator/Expo\ /Users/myfuckingmacbookair/Documents/GitHub/bindery/ios/build/Build/Products/Release-iphonesimulator/ExpoAsset\ /Users/myfuckingmacbookair/Documents/GitHub/bindery/ios/build/Build/Products/Release-iphonesimulator/ExpoDomWebView\ /Users/myfuckingmacbookair/Documents/GitHub/bindery/ios/build/Build/Products/Release-iphonesimulator/ExpoHaptics\ /Users/myfuckingmacbookair/Documents/GitHub/bindery/ios/build/Build/Products/Release-iphonesimulator/ExpoKeepAwake\ /Users/myfuckingmacbookair/Documents/GitHub/bindery/ios/build/Build/Products/Release-iphonesimulator/ExpoLogBox\ /Users/myfuckingmacbookair/Documents/GitHub/bindery/ios/build/Build/Products/Release-iphonesimulator/ExpoSQLite\ /Users/myfuckingmacbookair/Documents/GitHub/bindery/ios/build/Build/Products/Release-iphonesimulator/ExpoSplashScreen\ /Users/myfuckingmacbookair/Documents/GitHub/bindery/ios/build/Build/Products/Release-iphonesimulator/PurchasesHybridCommon\ /Users/myfuckingmacbookair/Documents/GitHub/bindery/ios/build/Build/Products/Release-iphonesimulator/RNPurchases\ /Users/myfuckingmacbookair/Documents/GitHub/bindery/ios/build/Build/Products/Release-iphonesimulator/ReactAppDependencyProvider\ /Users/myfuckingmacbookair/Documents/GitHub/bindery/ios/build/Build/Products/Release-iphonesimulator/ReactCodegen\ /Users/myfuckingmacbookair/Documents/GitHub/bindery/ios/build/Build/Products/Release-iphonesimulator/RevenueCat\ /Users/myfuckingmacbookair/Documents/GitHub/bindery/ios/build/Build/Products/Release-iphonesimulator/expo-dev-menu-interface\ /Applications/Xcode.app/Contents/Developer/Toolchains/XcodeDefault.xctoolchain/usr/lib/swift/iphonesimulator\ /Applications/Xcode.app/Contents/Developer/Platforms/iPhoneSimulator.platform/Developer/SDKs/iPhoneSimulator26.0.sdk/usr/lib/swift
    export LINKER_DISPLAYS_MANGLED_NAMES\=NO
    export LINK_FILE_LIST_normal_arm64\=/Users/myfuckingmacbookair/Documents/GitHub/bindery/ios/build/Build/Intermediates.noindex/TheBindery.build/Release-iphonesimulator/TheBindery.build/Objects-normal/arm64/TheBindery.LinkFileList
    export LINK_FILE_LIST_normal_x86_64\=/Users/myfuckingmacbookair/Documents/GitHub/bindery/ios/build/Build/Intermediates.noindex/TheBindery.build/Release-iphonesimulator/TheBindery.build/Objects-normal/x86_64/TheBindery.LinkFileList
    export LINK_OBJC_RUNTIME\=YES
    export LINK_WITH_STANDARD_LIBRARIES\=YES
    export LLVM_TARGET_TRIPLE_OS_VERSION\=ios16.4
    export LLVM_TARGET_TRIPLE_SUFFIX\=-simulator
    export LLVM_TARGET_TRIPLE_VENDOR\=apple
    export LM_AUX_CONST_METADATA_LIST_PATH_normal_arm64\=/Users/myfuckingmacbookair/Documents/GitHub/bindery/ios/build/Build/Intermediates.noindex/TheBindery.build/Release-iphonesimulator/TheBindery.build/Objects-normal/arm64/TheBindery.SwiftConstValuesFileList
    export LM_AUX_CONST_METADATA_LIST_PATH_normal_x86_64\=/Users/myfuckingmacbookair/Documents/GitHub/bindery/ios/build/Build/Intermediates.noindex/TheBindery.build/Release-iphonesimulator/TheBindery.build/Objects-normal/x86_64/TheBindery.SwiftConstValuesFileList
    export LOCALIZATION_EXPORT_SUPPORTED\=YES
    export LOCALIZATION_PREFERS_STRING_CATALOGS\=NO
    export LOCALIZED_RESOURCES_FOLDER_PATH\=TheBindery.app/en.lproj
    export LOCALIZED_STRING_MACRO_NAMES\=NSLocalizedString\ CFCopyLocalizedString
    export LOCALIZED_STRING_SWIFTUI_SUPPORT\=YES
    export LOCAL_ADMIN_APPS_DIR\=/Applications/Utilities
    export LOCAL_APPS_DIR\=/Applications
    export LOCAL_DEVELOPER_DIR\=/Library/Developer
    export LOCAL_LIBRARY_DIR\=/Library
    export LOCROOT\=/Users/myfuckingmacbookair/Documents/GitHub/bindery/ios
    export LOCSYMROOT\=/Users/myfuckingmacbookair/Documents/GitHub/bindery/ios
    export MACH_O_TYPE\=mh_execute
    export MAC_OS_X_PRODUCT_BUILD_VERSION\=25F80
    export MAC_OS_X_VERSION_ACTUAL\=260501
    export MAC_OS_X_VERSION_MAJOR\=260000
    export MAC_OS_X_VERSION_MINOR\=260500
    export MAKE_MERGEABLE\=NO
    export MARKETING_VERSION\=1.0
    export MERGEABLE_LIBRARY\=NO
    export MERGED_BINARY_TYPE\=none
    export MERGE_LINKED_LIBRARIES\=NO
    export METAL_LIBRARY_FILE_BASE\=default
    export METAL_LIBRARY_OUTPUT_DIR\=/Users/myfuckingmacbookair/Documents/GitHub/bindery/ios/build/Build/Products/Release-iphonesimulator/TheBindery.app
    export MODULES_FOLDER_PATH\=TheBindery.app/Modules
    export MODULE_CACHE_DIR\=/Users/myfuckingmacbookair/Documents/GitHub/bindery/ios/build/ModuleCache.noindex
    export MTL_ENABLE_DEBUG_INFO\=NO
    export NATIVE_ARCH\=x86_64
    export NATIVE_ARCH_32_BIT\=i386
    export NATIVE_ARCH_64_BIT\=x86_64
    export NATIVE_ARCH_ACTUAL\=x86_64
    export NO_COMMON\=YES
    export OBJC_ABI_VERSION\=2
    export OBJECT_FILE_DIR\=/Users/myfuckingmacbookair/Documents/GitHub/bindery/ios/build/Build/Intermediates.noindex/TheBindery.build/Release-iphonesimulator/TheBindery.build/Objects
    export OBJECT_FILE_DIR_normal\=/Users/myfuckingmacbookair/Documents/GitHub/bindery/ios/build/Build/Intermediates.noindex/TheBindery.build/Release-iphonesimulator/TheBindery.build/Objects-normal
    export OBJROOT\=/Users/myfuckingmacbookair/Documents/GitHub/bindery/ios/build/Build/Intermediates.noindex
    export ONLY_ACTIVE_ARCH\=NO
    export OS\=MACOS
    export OSAC\=/usr/bin/osacompile
    export OTHER_CFLAGS\=\ -DRCT_REMOVE_LEGACY_ARCH\=1\ -fmodule-map-file\=\"/Users/myfuckingmacbookair/Documents/GitHub/bindery/ios/build/Build/Products/Release-iphonesimulator/EXConstants/EXConstants.modulemap\"\ -fmodule-map-file\=\"/Users/myfuckingmacbookair/Documents/GitHub/bindery/ios/build/Build/Products/Release-iphonesimulator/EXManifests/EXManifests.modulemap\"\ -fmodule-map-file\=\"/Users/myfuckingmacbookair/Documents/GitHub/bindery/ios/build/Build/Products/Release-iphonesimulator/EXUpdatesInterface/EXUpdatesInterface.modulemap\"\ -fmodule-map-file\=\"/Users/myfuckingmacbookair/Documents/GitHub/bindery/ios/build/Build/Products/Release-iphonesimulator/Expo/Expo.modulemap\"\ -fmodule-map-file\=\"/Users/myfuckingmacbookair/Documents/GitHub/bindery/ios/build/Build/Products/Release-iphonesimulator/ExpoAsset/ExpoAsset.modulemap\"\ -fmodule-map-file\=\"/Users/myfuckingmacbookair/Documents/GitHub/bindery/ios/build/Build/Products/Release-iphonesimulator/ExpoDomWebView/ExpoDomWebView.modulemap\"\ -fmodule-map-file\=\"/Users/myfuckingmacbookair/Documents/GitHub/bindery/ios/build/Build/Products/Release-iphonesimulator/ExpoHaptics/ExpoHaptics.modulemap\"\ -fmodule-map-file\=\"/Users/myfuckingmacbookair/Documents/GitHub/bindery/ios/build/Build/Products/Release-iphonesimulator/ExpoKeepAwake/ExpoKeepAwake.modulemap\"\ -fmodule-map-file\=\"/Users/myfuckingmacbookair/Documents/GitHub/bindery/ios/build/Build/Products/Release-iphonesimulator/ExpoLogBox/ExpoLogBox.modulemap\"\ -fmodule-map-file\=\"/Users/myfuckingmacbookair/Documents/GitHub/bindery/ios/build/Build/Products/Release-iphonesimulator/ExpoSQLite/ExpoSQLite.modulemap\"\ -fmodule-map-file\=\"/Users/myfuckingmacbookair/Documents/GitHub/bindery/ios/build/Build/Products/Release-iphonesimulator/ExpoSplashScreen/ExpoSplashScreen.modulemap\"\ -fmodule-map-file\=\"/Users/myfuckingmacbookair/Documents/GitHub/bindery/ios/build/Build/Products/Release-iphonesimulator/PurchasesHybridCommon/PurchasesHybridCommon.modulemap\"\ -fmodule-map-file\=\"/Users/myfuckingmacbookair/Documents/GitHub/bindery/ios/build/Build/Products/Release-iphonesimulator/RevenueCat/RevenueCat.modulemap\"\ -fmodule-map-file\=\"/Users/myfuckingmacbookair/Documents/GitHub/bindery/ios/build/Build/Products/Release-iphonesimulator/expo-dev-menu-interface/EXDevMenuInterface.modulemap\"\ -fmodule-map-file\=\"/Users/myfuckingmacbookair/Documents/GitHub/bindery/ios/Pods/Headers/Public/EXJSONUtils/EXJSONUtils.modulemap\"\ -fmodule-map-file\=\"/Users/myfuckingmacbookair/Documents/GitHub/bindery/ios/Pods/Headers/Public/RNPurchases/RNPurchases.modulemap\"\ -fmodule-map-file\=\"/Users/myfuckingmacbookair/Documents/GitHub/bindery/ios/Pods/Headers/Public/ReactAppDependencyProvider/ReactAppDependencyProvider.modulemap\"\ -fmodule-map-file\=\"/Users/myfuckingmacbookair/Documents/GitHub/bindery/ios/Pods/Headers/Public/ReactCodegen/ReactCodegen.modulemap\"\ -DNDEBUG\ -ivfsoverlay\ \"/Users/myfuckingmacbookair/Documents/GitHub/bindery/ios/Pods/React-Core-prebuilt/React-VFS.yaml\"
    export OTHER_CPLUSPLUSFLAGS\=\ -DRCT_REMOVE_LEGACY_ARCH\=1\ -fmodule-map-file\=\"/Users/myfuckingmacbookair/Documents/GitHub/bindery/ios/build/Build/Products/Release-iphonesimulator/EXConstants/EXConstants.modulemap\"\ -fmodule-map-file\=\"/Users/myfuckingmacbookair/Documents/GitHub/bindery/ios/build/Build/Products/Release-iphonesimulator/EXManifests/EXManifests.modulemap\"\ -fmodule-map-file\=\"/Users/myfuckingmacbookair/Documents/GitHub/bindery/ios/build/Build/Products/Release-iphonesimulator/EXUpdatesInterface/EXUpdatesInterface.modulemap\"\ -fmodule-map-file\=\"/Users/myfuckingmacbookair/Documents/GitHub/bindery/ios/build/Build/Products/Release-iphonesimulator/Expo/Expo.modulemap\"\ -fmodule-map-file\=\"/Users/myfuckingmacbookair/Documents/GitHub/bindery/ios/build/Build/Products/Release-iphonesimulator/ExpoAsset/ExpoAsset.modulemap\"\ -fmodule-map-file\=\"/Users/myfuckingmacbookair/Documents/GitHub/bindery/ios/build/Build/Products/Release-iphonesimulator/ExpoDomWebView/ExpoDomWebView.modulemap\"\ -fmodule-map-file\=\"/Users/myfuckingmacbookair/Documents/GitHub/bindery/ios/build/Build/Products/Release-iphonesimulator/ExpoHaptics/ExpoHaptics.modulemap\"\ -fmodule-map-file\=\"/Users/myfuckingmacbookair/Documents/GitHub/bindery/ios/build/Build/Products/Release-iphonesimulator/ExpoKeepAwake/ExpoKeepAwake.modulemap\"\ -fmodule-map-file\=\"/Users/myfuckingmacbookair/Documents/GitHub/bindery/ios/build/Build/Products/Release-iphonesimulator/ExpoLogBox/ExpoLogBox.modulemap\"\ -fmodule-map-file\=\"/Users/myfuckingmacbookair/Documents/GitHub/bindery/ios/build/Build/Products/Release-iphonesimulator/ExpoSQLite/ExpoSQLite.modulemap\"\ -fmodule-map-file\=\"/Users/myfuckingmacbookair/Documents/GitHub/bindery/ios/build/Build/Products/Release-iphonesimulator/ExpoSplashScreen/ExpoSplashScreen.modulemap\"\ -fmodule-map-file\=\"/Users/myfuckingmacbookair/Documents/GitHub/bindery/ios/build/Build/Products/Release-iphonesimulator/PurchasesHybridCommon/PurchasesHybridCommon.modulemap\"\ -fmodule-map-file\=\"/Users/myfuckingmacbookair/Documents/GitHub/bindery/ios/build/Build/Products/Release-iphonesimulator/RevenueCat/RevenueCat.modulemap\"\ -fmodule-map-file\=\"/Users/myfuckingmacbookair/Documents/GitHub/bindery/ios/build/Build/Products/Release-iphonesimulator/expo-dev-menu-interface/EXDevMenuInterface.modulemap\"\ -fmodule-map-file\=\"/Users/myfuckingmacbookair/Documents/GitHub/bindery/ios/Pods/Headers/Public/EXJSONUtils/EXJSONUtils.modulemap\"\ -fmodule-map-file\=\"/Users/myfuckingmacbookair/Documents/GitHub/bindery/ios/Pods/Headers/Public/RNPurchases/RNPurchases.modulemap\"\ -fmodule-map-file\=\"/Users/myfuckingmacbookair/Documents/GitHub/bindery/ios/Pods/Headers/Public/ReactAppDependencyProvider/ReactAppDependencyProvider.modulemap\"\ -fmodule-map-file\=\"/Users/myfuckingmacbookair/Documents/GitHub/bindery/ios/Pods/Headers/Public/ReactCodegen/ReactCodegen.modulemap\"\ -DNDEBUG\ -ivfsoverlay\ \"/Users/myfuckingmacbookair/Documents/GitHub/bindery/ios/Pods/React-Core-prebuilt/React-VFS.yaml\"\ -DRCT_REMOVE_LEGACY_ARCH\=1\ -DNDEBUG\ -ivfsoverlay\ \"/Users/myfuckingmacbookair/Documents/GitHub/bindery/ios/Pods/React-Core-prebuilt/React-VFS.yaml\"\ -DRCT_NEW_ARCH_ENABLED\=1
    export OTHER_LDFLAGS\=\ -ObjC\ -l\"EXConstants\"\ -l\"EXJSONUtils\"\ -l\"EXManifests\"\ -l\"EXUpdatesInterface\"\ -l\"Expo\"\ -l\"ExpoAsset\"\ -l\"ExpoDomWebView\"\ -l\"ExpoHaptics\"\ -l\"ExpoKeepAwake\"\ -l\"ExpoLogBox\"\ -l\"ExpoSQLite\"\ -l\"ExpoSplashScreen\"\ -l\"PurchasesHybridCommon\"\ -l\"RNPurchases\"\ -l\"ReactAppDependencyProvider\"\ -l\"ReactCodegen\"\ -l\"RevenueCat\"\ -l\"c++\"\ -l\"expo-dev-menu-interface\"\ -framework\ \"Accelerate\"\ -framework\ \"AudioToolbox\"\ -framework\ \"CoreGraphics\"\ -framework\ \"ExpoFileSystem\"\ -framework\ \"ExpoFont\"\ -framework\ \"ExpoModulesCore\"\ -framework\ \"ExpoModulesJSI\"\ -framework\ \"ExpoModulesWorklets\"\ -framework\ \"ImageIO\"\ -framework\ \"MobileCoreServices\"\ -framework\ \"QuartzCore\"\ -framework\ \"React\"\ -framework\ \"ReactNativeDependencies\"\ -framework\ \"StoreKit\"\ -framework\ \"UIKit\"\ -framework\ \"hermesvm\"\ -weak_framework\ \"JavaScriptCore\"\ -ObjC\ -lc++
    export OTHER_MODULE_VERIFIER_FLAGS\=\ \"-F/Users/myfuckingmacbookair/Documents/GitHub/bindery/ios/build/Build/Products/Release-iphonesimulator/EXConstants\"\ \"-F/Users/myfuckingmacbookair/Documents/GitHub/bindery/ios/build/Build/Products/Release-iphonesimulator/EXJSONUtils\"\ \"-F/Users/myfuckingmacbookair/Documents/GitHub/bindery/ios/build/Build/Products/Release-iphonesimulator/EXManifests\"\ \"-F/Users/myfuckingmacbookair/Documents/GitHub/bindery/ios/build/Build/Products/Release-iphonesimulator/EXUpdatesInterface\"\ \"-F/Users/myfuckingmacbookair/Documents/GitHub/bindery/ios/build/Build/Products/Release-iphonesimulator/Expo\"\ \"-F/Users/myfuckingmacbookair/Documents/GitHub/bindery/ios/build/Build/Products/Release-iphonesimulator/ExpoAsset\"\ \"-F/Users/myfuckingmacbookair/Documents/GitHub/bindery/ios/build/Build/Products/Release-iphonesimulator/ExpoDomWebView\"\ \"-F/Users/myfuckingmacbookair/Documents/GitHub/bindery/ios/build/Build/Products/Release-iphonesimulator/ExpoFileSystem\"\ \"-F/Users/myfuckingmacbookair/Documents/GitHub/bindery/ios/build/Build/Products/Release-iphonesimulator/ExpoFont\"\ \"-F/Users/myfuckingmacbookair/Documents/GitHub/bindery/ios/build/Build/Products/Release-iphonesimulator/ExpoHaptics\"\ \"-F/Users/myfuckingmacbookair/Documents/GitHub/bindery/ios/build/Build/Products/Release-iphonesimulator/ExpoKeepAwake\"\ \"-F/Users/myfuckingmacbookair/Documents/GitHub/bindery/ios/build/Build/Products/Release-iphonesimulator/ExpoLogBox\"\ \"-F/Users/myfuckingmacbookair/Documents/GitHub/bindery/ios/build/Build/Products/Release-iphonesimulator/ExpoModulesCore\"\ \"-F/Users/myfuckingmacbookair/Documents/GitHub/bindery/ios/build/Build/Products/Release-iphonesimulator/ExpoModulesJSI\"\ \"-F/Users/myfuckingmacbookair/Documents/GitHub/bindery/ios/build/Build/Products/Release-iphonesimulator/ExpoModulesWorklets\"\ \"-F/Users/myfuckingmacbookair/Documents/GitHub/bindery/ios/build/Build/Products/Release-iphonesimulator/ExpoSQLite\"\ \"-F/Users/myfuckingmacbookair/Documents/GitHub/bindery/ios/build/Build/Products/Release-iphonesimulator/ExpoSplashScreen\"\ \"-F/Users/myfuckingmacbookair/Documents/GitHub/bindery/ios/build/Build/Products/Release-iphonesimulator/FBLazyVector\"\ \"-F/Users/myfuckingmacbookair/Documents/GitHub/bindery/ios/build/Build/Products/Release-iphonesimulator/PurchasesHybridCommon\"\ \"-F/Users/myfuckingmacbookair/Documents/GitHub/bindery/ios/build/Build/Products/Release-iphonesimulator/RCTDeprecation\"\ \"-F/Users/myfuckingmacbookair/Documents/GitHub/bindery/ios/build/Build/Products/Release-iphonesimulator/RCTRequired\"\ \"-F/Users/myfuckingmacbookair/Documents/GitHub/bindery/ios/build/Build/Products/Release-iphonesimulator/RCTSwiftUI\"\ \"-F/Users/myfuckingmacbookair/Documents/GitHub/bindery/ios/build/Build/Products/Release-iphonesimulator/RCTSwiftUIWrapper\"\ \"-F/Users/myfuckingmacbookair/Documents/GitHub/bindery/ios/build/Build/Products/Release-iphonesimulator/RCTTypeSafety\"\ \"-F/Users/myfuckingmacbookair/Documents/GitHub/bindery/ios/build/Build/Products/Release-iphonesimulator/RNPurchases\"\ \"-F/Users/myfuckingmacbookair/Documents/GitHub/bindery/ios/build/Build/Products/Release-iphonesimulator/React\"\ \"-F/Users/myfuckingmacbookair/Documents/GitHub/bindery/ios/build/Build/Products/Release-iphonesimulator/React-Core\"\ \"-F/Users/myfuckingmacbookair/Documents/GitHub/bindery/ios/build/Build/Products/Release-iphonesimulator/React-Core-prebuilt\"\ \"-F/Users/myfuckingmacbookair/Documents/GitHub/bindery/ios/build/Build/Products/Release-iphonesimulator/React-CoreModules\"\ \"-F/Users/myfuckingmacbookair/Documents/GitHub/bindery/ios/build/Build/Products/Release-iphonesimulator/React-Fabric\"\ \"-F/Users/myfuckingmacbookair/Documents/GitHub/bindery/ios/build/Build/Products/Release-iphonesimulator/React-FabricComponents\"\ \"-F/Users/myfuckingmacbookair/Documents/GitHub/bindery/ios/build/Build/Products/Release-iphonesimulator/React-FabricImage\"\ \"-F/Users/myfuckingmacbookair/Documents/GitHub/bindery/ios/build/Build/Products/Release-iphonesimulator/React-ImageManager\"\ \"-F/Users/myfuckingmacbookair/Documents/GitHub/bindery/ios/build/Build/Products/Release-iphonesimulator/React-Mapbuffer\"\ \"-F/Users/myfuckingmacbookair/Documents/GitHub/bindery/ios/build/Build/Products/Release-iphonesimulator/React-NativeModulesApple\"\ \"-F/Users/myfuckingmacbookair/Documents/GitHub/bindery/ios/build/Build/Products/Release-iphonesimulator/React-RCTActionSheet\"\ \"-F/Users/myfuckingmacbookair/Documents/GitHub/bindery/ios/build/Build/Products/Release-iphonesimulator/React-RCTAnimation\"\ \"-F/Users/myfuckingmacbookair/Documents/GitHub/bindery/ios/build/Build/Products/Release-iphonesimulator/React-RCTAppDelegate\"\ \"-F/Users/myfuckingmacbookair/Documents/GitHub/bindery/ios/build/Build/Products/Release-iphonesimulator/React-RCTBlob\"\ \"-F/Users/myfuckingmacbookair/Documents/GitHub/bindery/ios/build/Build/Products/Release-iphonesimulator/React-RCTFBReactNativeSpec\"\ \"-F/Users/myfuckingmacbookair/Documents/GitHub/bindery/ios/build/Build/Products/Release-iphonesimulator/React-RCTFabric\"\ \"-F/Users/myfuckingmacbookair/Documents/GitHub/bindery/ios/build/Build/Products/Release-iphonesimulator/React-RCTImage\"\ \"-F/Users/myfuckingmacbookair/Documents/GitHub/bindery/ios/build/Build/Products/Release-iphonesimulator/React-RCTLinking\"\ \"-F/Users/myfuckingmacbookair/Documents/GitHub/bindery/ios/build/Build/Products/Release-iphonesimulator/React-RCTNetwork\"\ \"-F/Users/myfuckingmacbookair/Documents/GitHub/bindery/ios/build/Build/Products/Release-iphonesimulator/React-RCTRuntime\"\ \"-F/Users/myfuckingmacbookair/Documents/GitHub/bindery/ios/build/Build/Products/Release-iphonesimulator/React-RCTSettings\"\ \"-F/Users/myfuckingmacbookair/Documents/GitHub/bindery/ios/build/Build/Products/Release-iphonesimulator/React-RCTText\"\ \"-F/Users/myfuckingmacbookair/Documents/GitHub/bindery/ios/build/Build/Products/Release-iphonesimulator/React-RCTVibration\"\ \"-F/Users/myfuckingmacbookair/Documents/GitHub/bindery/ios/build/Build/Products/Release-iphonesimulator/React-RuntimeApple\"\ \"-F/Users/myfuckingmacbookair/Documents/GitHub/bindery/ios/build/Build/Products/Release-iphonesimulator/React-RuntimeCore\"\ \"-F/Users/myfuckingmacbookair/Documents/GitHub/bindery/ios/build/Build/Products/Release-iphonesimulator/React-RuntimeHermes\"\ \"-F/Users/myfuckingmacbookair/Documents/GitHub/bindery/ios/build/Build/Products/Release-iphonesimulator/React-callinvoker\"\ \"-F/Users/myfuckingmacbookair/Documents/GitHub/bindery/ios/build/Build/Products/Release-iphonesimulator/React-cxxreact\"\ \"-F/Users/myfuckingmacbookair/Documents/GitHub/bindery/ios/build/Build/Products/Release-iphonesimulator/React-debug\"\ \"-F/Users/myfuckingmacbookair/Documents/GitHub/bindery/ios/build/Build/Products/Release-iphonesimulator/React-defaultsnativemodule\"\ \"-F/Users/myfuckingmacbookair/Documents/GitHub/bindery/ios/build/Build/Products/Release-iphonesimulator/React-domnativemodule\"\ \"-F/Users/myfuckingmacbookair/Documents/GitHub/bindery/ios/build/Build/Products/Release-iphonesimulator/React-featureflags\"\ \"-F/Users/myfuckingmacbookair/Documents/GitHub/bindery/ios/build/Build/Products/Release-iphonesimulator/React-featureflagsnativemodule\"\ \"-F/Users/myfuckingmacbookair/Documents/GitHub/bindery/ios/build/Build/Products/Release-iphonesimulator/React-graphics\"\ \"-F/Users/myfuckingmacbookair/Documents/GitHub/bindery/ios/build/Build/Products/Release-iphonesimulator/React-hermes\"\ \"-F/Users/myfuckingmacbookair/Documents/GitHub/bindery/ios/build/Build/Products/Release-iphonesimulator/React-idlecallbacksnativemodule\"\ \"-F/Users/myfuckingmacbookair/Documents/GitHub/bindery/ios/build/Build/Products/Release-iphonesimulator/React-intersectionobservernativemodule\"\ \"-F/Users/myfuckingmacbookair/Documents/GitHub/bindery/ios/build/Build/Products/Release-iphonesimulator/React-jserrorhandler\"\ \"-F/Users/myfuckingmacbookair/Documents/GitHub/bindery/ios/build/Build/Products/Release-iphonesimulator/React-jsi\"\ \"-F/Users/myfuckingmacbookair/Documents/GitHub/bindery/ios/build/Build/Products/Release-iphonesimulator/React-jsiexecutor\"\ \"-F/Users/myfuckingmacbookair/Documents/GitHub/bindery/ios/build/Build/Products/Release-iphonesimulator/React-jsinspector\"\ \"-F/Users/myfuckingmacbookair/Documents/GitHub/bindery/ios/build/Build/Products/Release-iphonesimulator/React-jsinspectorcdp\"\ \"-F/Users/myfuckingmacbookair/Documents/GitHub/bindery/ios/build/Build/Products/Release-iphonesimulator/React-jsinspectornetwork\"\ \"-F/Users/myfuckingmacbookair/Documents/GitHub/bindery/ios/build/Build/Products/Release-iphonesimulator/React-jsinspectortracing\"\ \"-F/Users/myfuckingmacbookair/Documents/GitHub/bindery/ios/build/Build/Products/Release-iphonesimulator/React-jsitooling\"\ \"-F/Users/myfuckingmacbookair/Documents/GitHub/bindery/ios/build/Build/Products/Release-iphonesimulator/React-jsitracing\"\ \"-F/Users/myfuckingmacbookair/Documents/GitHub/bindery/ios/build/Build/Products/Release-iphonesimulator/React-logger\"\ \"-F/Users/myfuckingmacbookair/Documents/GitHub/bindery/ios/build/Build/Products/Release-iphonesimulator/React-microtasksnativemodule\"\ \"-F/Users/myfuckingmacbookair/Documents/GitHub/bindery/ios/build/Build/Products/Release-iphonesimulator/React-mutationobservernativemodule\"\ \"-F/Users/myfuckingmacbookair/Documents/GitHub/bindery/ios/build/Build/Products/Release-iphonesimulator/React-networking\"\ \"-F/Users/myfuckingmacbookair/Documents/GitHub/bindery/ios/build/Build/Products/Release-iphonesimulator/React-oscompat\"\ \"-F/Users/myfuckingmacbookair/Documents/GitHub/bindery/ios/build/Build/Products/Release-iphonesimulator/React-perflogger\"\ \"-F/Users/myfuckingmacbookair/Documents/GitHub/bindery/ios/build/Build/Products/Release-iphonesimulator/React-performancecdpmetrics\"\ \"-F/Users/myfuckingmacbookair/Documents/GitHub/bindery/ios/build/Build/Products/Release-iphonesimulator/React-performancetimeline\"\ \"-F/Users/myfuckingmacbookair/Documents/GitHub/bindery/ios/build/Build/Products/Release-iphonesimulator/React-rendererconsistency\"\ \"-F/Users/myfuckingmacbookair/Documents/GitHub/bindery/ios/build/Build/Products/Release-iphonesimulator/React-renderercss\"\ \"-F/Users/myfuckingmacbookair/Documents/GitHub/bindery/ios/build/Build/Products/Release-iphonesimulator/React-rendererdebug\"\ \"-F/Users/myfuckingmacbookair/Documents/GitHub/bindery/ios/build/Build/Products/Release-iphonesimulator/React-runtimeexecutor\"\ \"-F/Users/myfuckingmacbookair/Documents/GitHub/bindery/ios/build/Build/Products/Release-iphonesimulator/React-runtimescheduler\"\ \"-F/Users/myfuckingmacbookair/Documents/GitHub/bindery/ios/build/Build/Products/Release-iphonesimulator/React-timing\"\ \"-F/Users/myfuckingmacbookair/Documents/GitHub/bindery/ios/build/Build/Products/Release-iphonesimulator/React-utils\"\ \"-F/Users/myfuckingmacbookair/Documents/GitHub/bindery/ios/build/Build/Products/Release-iphonesimulator/React-viewtransitionnativemodule\"\ \"-F/Users/myfuckingmacbookair/Documents/GitHub/bindery/ios/build/Build/Products/Release-iphonesimulator/React-webperformancenativemodule\"\ \"-F/Users/myfuckingmacbookair/Documents/GitHub/bindery/ios/build/Build/Products/Release-iphonesimulator/ReactAppDependencyProvider\"\ \"-F/Users/myfuckingmacbookair/Documents/GitHub/bindery/ios/build/Build/Products/Release-iphonesimulator/ReactCodegen\"\ \"-F/Users/myfuckingmacbookair/Documents/GitHub/bindery/ios/build/Build/Products/Release-iphonesimulator/ReactCommon\"\ \"-F/Users/myfuckingmacbookair/Documents/GitHub/bindery/ios/build/Build/Products/Release-iphonesimulator/ReactNativeDependencies\"\ \"-F/Users/myfuckingmacbookair/Documents/GitHub/bindery/ios/build/Build/Products/Release-iphonesimulator/RevenueCat\"\ \"-F/Users/myfuckingmacbookair/Documents/GitHub/bindery/ios/build/Build/Products/Release-iphonesimulator/Yoga\"\ \"-F/Users/myfuckingmacbookair/Documents/GitHub/bindery/ios/build/Build/Products/Release-iphonesimulator/expo-dev-client\"\ \"-F/Users/myfuckingmacbookair/Documents/GitHub/bindery/ios/build/Build/Products/Release-iphonesimulator/expo-dev-menu-interface\"\ \"-F/Users/myfuckingmacbookair/Documents/GitHub/bindery/ios/build/Build/Products/Release-iphonesimulator/hermes-engine\"
    export OTHER_SWIFT_FLAGS\=\ -D\ COCOAPODS\ -Xcc\ -fmodule-map-file\=\"/Users/myfuckingmacbookair/Documents/GitHub/bindery/ios/build/Build/Products/Release-iphonesimulator/EXConstants/EXConstants.modulemap\"\ -Xcc\ -fmodule-map-file\=\"/Users/myfuckingmacbookair/Documents/GitHub/bindery/ios/build/Build/Products/Release-iphonesimulator/EXManifests/EXManifests.modulemap\"\ -Xcc\ -fmodule-map-file\=\"/Users/myfuckingmacbookair/Documents/GitHub/bindery/ios/build/Build/Products/Release-iphonesimulator/EXUpdatesInterface/EXUpdatesInterface.modulemap\"\ -Xcc\ -fmodule-map-file\=\"/Users/myfuckingmacbookair/Documents/GitHub/bindery/ios/build/Build/Products/Release-iphonesimulator/Expo/Expo.modulemap\"\ -Xcc\ -fmodule-map-file\=\"/Users/myfuckingmacbookair/Documents/GitHub/bindery/ios/build/Build/Products/Release-iphonesimulator/ExpoAsset/ExpoAsset.modulemap\"\ -Xcc\ -fmodule-map-file\=\"/Users/myfuckingmacbookair/Documents/GitHub/bindery/ios/build/Build/Products/Release-iphonesimulator/ExpoDomWebView/ExpoDomWebView.modulemap\"\ -Xcc\ -fmodule-map-file\=\"/Users/myfuckingmacbookair/Documents/GitHub/bindery/ios/build/Build/Products/Release-iphonesimulator/ExpoHaptics/ExpoHaptics.modulemap\"\ -Xcc\ -fmodule-map-file\=\"/Users/myfuckingmacbookair/Documents/GitHub/bindery/ios/build/Build/Products/Release-iphonesimulator/ExpoKeepAwake/ExpoKeepAwake.modulemap\"\ -Xcc\ -fmodule-map-file\=\"/Users/myfuckingmacbookair/Documents/GitHub/bindery/ios/build/Build/Products/Release-iphonesimulator/ExpoLogBox/ExpoLogBox.modulemap\"\ -Xcc\ -fmodule-map-file\=\"/Users/myfuckingmacbookair/Documents/GitHub/bindery/ios/build/Build/Products/Release-iphonesimulator/ExpoSQLite/ExpoSQLite.modulemap\"\ -Xcc\ -fmodule-map-file\=\"/Users/myfuckingmacbookair/Documents/GitHub/bindery/ios/build/Build/Products/Release-iphonesimulator/ExpoSplashScreen/ExpoSplashScreen.modulemap\"\ -Xcc\ -fmodule-map-file\=\"/Users/myfuckingmacbookair/Documents/GitHub/bindery/ios/build/Build/Products/Release-iphonesimulator/PurchasesHybridCommon/PurchasesHybridCommon.modulemap\"\ -Xcc\ -fmodule-map-file\=\"/Users/myfuckingmacbookair/Documents/GitHub/bindery/ios/build/Build/Products/Release-iphonesimulator/RevenueCat/RevenueCat.modulemap\"\ -Xcc\ -fmodule-map-file\=\"/Users/myfuckingmacbookair/Documents/GitHub/bindery/ios/build/Build/Products/Release-iphonesimulator/expo-dev-menu-interface/EXDevMenuInterface.modulemap\"\ -Xcc\ -fmodule-map-file\=\"/Users/myfuckingmacbookair/Documents/GitHub/bindery/ios/Pods/Headers/Public/EXJSONUtils/EXJSONUtils.modulemap\"\ -Xcc\ -fmodule-map-file\=\"/Users/myfuckingmacbookair/Documents/GitHub/bindery/ios/Pods/Headers/Public/RNPurchases/RNPurchases.modulemap\"\ -Xcc\ -fmodule-map-file\=\"/Users/myfuckingmacbookair/Documents/GitHub/bindery/ios/Pods/Headers/Public/ReactAppDependencyProvider/ReactAppDependencyProvider.modulemap\"\ -Xcc\ -fmodule-map-file\=\"/Users/myfuckingmacbookair/Documents/GitHub/bindery/ios/Pods/Headers/Public/ReactCodegen/ReactCodegen.modulemap\"\ -Xcc\ -ivfsoverlay\ -Xcc\ \"/Users/myfuckingmacbookair/Documents/GitHub/bindery/ios/Pods/React-Core-prebuilt/React-VFS.yaml\"\ -Xcc\ -Wno-incomplete-umbrella\ -D\ EXPO_CONFIGURATION_RELEASE
    export PACKAGE_TYPE\=com.apple.package-type.wrapper.application
    export PASCAL_STRINGS\=YES
    export PATH\=/Applications/Xcode.app/Contents/SharedFrameworks/SwiftBuild.framework/Versions/A/PlugIns/SWBBuildService.bundle/Contents/PlugIns/SWBUniversalPlatformPlugin.bundle/Contents/Frameworks/SWBUniversalPlatform.framework/Resources:/Applications/Xcode.app/Contents/Developer/Toolchains/XcodeDefault.xctoolchain/usr/bin:/Applications/Xcode.app/Contents/Developer/Toolchains/XcodeDefault.xctoolchain/usr/local/bin:/Applications/Xcode.app/Contents/Developer/Toolchains/XcodeDefault.xctoolchain/usr/libexec:/Applications/Xcode.app/Contents/Developer/Platforms/iPhoneSimulator.platform/usr/bin:/Applications/Xcode.app/Contents/Developer/Platforms/iPhoneSimulator.platform/usr/local/bin:/Applications/Xcode.app/Contents/Developer/Platforms/iPhoneSimulator.platform/Developer/usr/bin:/Applications/Xcode.app/Contents/Developer/Platforms/iPhoneSimulator.platform/Developer/usr/local/bin:/Applications/Xcode.app/Contents/Developer/usr/bin:/Applications/Xcode.app/Contents/Developer/usr/local/bin:/Users/myfuckingmacbookair/.local/bin:/Users/myfuckingmacbookair/.npm-global/bin:/usr/local/bin:/System/Cryptexes/App/usr/bin:/usr/bin:/bin:/usr/sbin:/sbin:/var/run/com.apple.security.cryptexd/codex.system/bootstrap/usr/local/bin:/var/run/com.apple.security.cryptexd/codex.system/bootstrap/usr/bin:/var/run/com.apple.security.cryptexd/codex.system/bootstrap/usr/appleinternal/bin:/pkg/env/global/bin:/Library/Apple/usr/bin:/Users/myfuckingmacbookair/.bun/bin:/Users/myfuckingmacbookair/Library/pnpm:/Users/myfuckingmacbookair/Library/Application\ Support/Claude/local-agent-mode-sessions/skills-plugin/8bf2ebc1-a06e-4b18-bf97-856db8c64549/ec19a108-c20c-455d-9708-6a8cfabeb0b8/bin
    export PATH_PREFIXES_EXCLUDED_FROM_HEADER_DEPENDENCIES\=/usr/include\ /usr/local/include\ /System/Library/Frameworks\ /System/Library/PrivateFrameworks\ /Applications/Xcode.app/Contents/Developer/Headers\ /Applications/Xcode.app/Contents/Developer/SDKs\ /Applications/Xcode.app/Contents/Developer/Platforms
    export PBDEVELOPMENTPLIST_PATH\=TheBindery.app/pbdevelopment.plist
    export PER_ARCH_MODULE_FILE_DIR\=/Users/myfuckingmacbookair/Documents/GitHub/bindery/ios/build/Build/Intermediates.noindex/TheBindery.build/Release-iphonesimulator/TheBindery.build/Objects-normal/undefined_arch
    export PER_ARCH_OBJECT_FILE_DIR\=/Users/myfuckingmacbookair/Documents/GitHub/bindery/ios/build/Build/Intermediates.noindex/TheBindery.build/Release-iphonesimulator/TheBindery.build/Objects-normal/undefined_arch
    export PER_VARIANT_OBJECT_FILE_DIR\=/Users/myfuckingmacbookair/Documents/GitHub/bindery/ios/build/Build/Intermediates.noindex/TheBindery.build/Release-iphonesimulator/TheBindery.build/Objects-normal
    export PKGINFO_FILE_PATH\=/Users/myfuckingmacbookair/Documents/GitHub/bindery/ios/build/Build/Intermediates.noindex/TheBindery.build/Release-iphonesimulator/TheBindery.build/PkgInfo
    export PKGINFO_PATH\=TheBindery.app/PkgInfo
    export PLATFORM_DEVELOPER_APPLICATIONS_DIR\=/Applications/Xcode.app/Contents/Developer/Platforms/iPhoneSimulator.platform/Developer/Applications
    export PLATFORM_DEVELOPER_BIN_DIR\=/Applications/Xcode.app/Contents/Developer/Platforms/iPhoneSimulator.platform/Developer/usr/bin
    export PLATFORM_DEVELOPER_LIBRARY_DIR\=/Applications/Xcode.app/Contents/Developer/Platforms/iPhoneSimulator.platform/Developer/Library
    export PLATFORM_DEVELOPER_SDK_DIR\=/Applications/Xcode.app/Contents/Developer/Platforms/iPhoneSimulator.platform/Developer/SDKs
    export PLATFORM_DEVELOPER_TOOLS_DIR\=/Applications/Xcode.app/Contents/Developer/Platforms/iPhoneSimulator.platform/Developer/Tools
    export PLATFORM_DEVELOPER_USR_DIR\=/Applications/Xcode.app/Contents/Developer/Platforms/iPhoneSimulator.platform/Developer/usr
    export PLATFORM_DIR\=/Applications/Xcode.app/Contents/Developer/Platforms/iPhoneSimulator.platform
    export PLATFORM_DISPLAY_NAME\=iOS\ Simulator
    export PLATFORM_FAMILY_NAME\=iOS
    export PLATFORM_NAME\=iphonesimulator
    export PLATFORM_PREFERRED_ARCH\=x86_64
    export PLATFORM_PRODUCT_BUILD_VERSION\=23A339
    export PLATFORM_REQUIRES_SWIFT_AUTOLINK_EXTRACT\=NO
    export PLATFORM_REQUIRES_SWIFT_MODULEWRAP\=NO
    export PLIST_FILE_OUTPUT_FORMAT\=binary
    export PLUGINS_FOLDER_PATH\=TheBindery.app/PlugIns
    export PODFILE_DIR\=/Users/myfuckingmacbookair/Documents/GitHub/bindery/ios
    export PODS_BUILD_DIR\=/Users/myfuckingmacbookair/Documents/GitHub/bindery/ios/build/Build/Products
    export PODS_CONFIGURATION_BUILD_DIR\=/Users/myfuckingmacbookair/Documents/GitHub/bindery/ios/build/Build/Products/Release-iphonesimulator
    export PODS_PODFILE_DIR_PATH\=/Users/myfuckingmacbookair/Documents/GitHub/bindery/ios/.
    export PODS_ROOT\=/Users/myfuckingmacbookair/Documents/GitHub/bindery/ios/Pods
    export PODS_XCFRAMEWORKS_BUILD_DIR\=/Users/myfuckingmacbookair/Documents/GitHub/bindery/ios/build/Build/Products/Release-iphonesimulator/XCFrameworkIntermediates
    export PRECOMPS_INCLUDE_HEADERS_FROM_BUILT_PRODUCTS_DIR\=YES
    export PRECOMP_DESTINATION_DIR\=/Users/myfuckingmacbookair/Documents/GitHub/bindery/ios/build/Build/Intermediates.noindex/TheBindery.build/Release-iphonesimulator/TheBindery.build/PrefixHeaders
    export PRIVATE_HEADERS_FOLDER_PATH\=TheBindery.app/PrivateHeaders
    export PROCESSED_INFOPLIST_PATH\=/Users/myfuckingmacbookair/Documents/GitHub/bindery/ios/build/Build/Intermediates.noindex/TheBindery.build/Release-iphonesimulator/TheBindery.build/Objects-normal/undefined_arch/Processed-Info.plist
    export PRODUCT_BUNDLE_IDENTIFIER\=com.bindery.game
    export PRODUCT_BUNDLE_PACKAGE_TYPE\=APPL
    export PRODUCT_MODULE_NAME\=TheBindery
    export PRODUCT_NAME\=TheBindery
    export PRODUCT_SETTINGS_PATH\=/Users/myfuckingmacbookair/Documents/GitHub/bindery/ios/TheBindery/Info.plist
    export PRODUCT_TYPE\=com.apple.product-type.application
    export PROFILING_CODE\=NO
    export PROJECT\=TheBindery
    export PROJECT_DERIVED_FILE_DIR\=/Users/myfuckingmacbookair/Documents/GitHub/bindery/ios/build/Build/Intermediates.noindex/TheBindery.build/DerivedSources
    export PROJECT_DIR\=/Users/myfuckingmacbookair/Documents/GitHub/bindery/ios
    export PROJECT_FILE_PATH\=/Users/myfuckingmacbookair/Documents/GitHub/bindery/ios/TheBindery.xcodeproj
    export PROJECT_GUID\=ad55f5e01126362de0c6d31a2a92358a
    export PROJECT_NAME\=TheBindery
    export PROJECT_TEMP_DIR\=/Users/myfuckingmacbookair/Documents/GitHub/bindery/ios/build/Build/Intermediates.noindex/TheBindery.build
    export PROJECT_TEMP_ROOT\=/Users/myfuckingmacbookair/Documents/GitHub/bindery/ios/build/Build/Intermediates.noindex
    export PROVISIONING_PROFILE_REQUIRED\=NO
    export PROVISIONING_PROFILE_REQUIRED_YES_YES\=YES
    export PROVISIONING_PROFILE_SUPPORTED\=YES
    export PUBLIC_HEADERS_FOLDER_PATH\=TheBindery.app/Headers
    export REACT_NATIVE_PATH\=/Users/myfuckingmacbookair/Documents/GitHub/bindery/ios/Pods/../../node_modules/react-native
    export RECOMMENDED_IPHONEOS_DEPLOYMENT_TARGET\=15.0
    export RECURSIVE_SEARCH_PATHS_FOLLOW_SYMLINKS\=YES
    export REMOVE_CVS_FROM_RESOURCES\=YES
    export REMOVE_GIT_FROM_RESOURCES\=YES
    export REMOVE_HEADERS_FROM_EMBEDDED_BUNDLES\=YES
    export REMOVE_HG_FROM_RESOURCES\=YES
    export REMOVE_STATIC_EXECUTABLES_FROM_EMBEDDED_BUNDLES\=YES
    export REMOVE_SVN_FROM_RESOURCES\=YES
    export RESCHEDULE_INDEPENDENT_HEADERS_PHASES\=YES
    export REZ_COLLECTOR_DIR\=/Users/myfuckingmacbookair/Documents/GitHub/bindery/ios/build/Build/Intermediates.noindex/TheBindery.build/Release-iphonesimulator/TheBindery.build/ResourceManagerResources
    export REZ_OBJECTS_DIR\=/Users/myfuckingmacbookair/Documents/GitHub/bindery/ios/build/Build/Intermediates.noindex/TheBindery.build/Release-iphonesimulator/TheBindery.build/ResourceManagerResources/Objects
    export REZ_SEARCH_PATHS\=/Users/myfuckingmacbookair/Documents/GitHub/bindery/ios/build/Build/Products/Release-iphonesimulator\ 
    export RUNTIME_EXCEPTION_ALLOW_DYLD_ENVIRONMENT_VARIABLES\=NO
    export RUNTIME_EXCEPTION_ALLOW_JIT\=NO
    export RUNTIME_EXCEPTION_ALLOW_UNSIGNED_EXECUTABLE_MEMORY\=NO
    export RUNTIME_EXCEPTION_DEBUGGING_TOOL\=NO
    export RUNTIME_EXCEPTION_DISABLE_EXECUTABLE_PAGE_PROTECTION\=NO
    export RUNTIME_EXCEPTION_DISABLE_LIBRARY_VALIDATION\=NO
    export SCAN_ALL_SOURCE_FILES_FOR_INCLUDES\=NO
    export SCRIPTS_FOLDER_PATH\=TheBindery.app/Scripts
    export SCRIPT_INPUT_FILE_COUNT\=0
    export SCRIPT_INPUT_FILE_LIST_COUNT\=0
    export SCRIPT_OUTPUT_FILE_COUNT\=0
    export SCRIPT_OUTPUT_FILE_LIST_COUNT\=0
    export SDKROOT\=/Applications/Xcode.app/Contents/Developer/Platforms/iPhoneSimulator.platform/Developer/SDKs/iPhoneSimulator26.0.sdk
    export SDK_DIR\=/Applications/Xcode.app/Contents/Developer/Platforms/iPhoneSimulator.platform/Developer/SDKs/iPhoneSimulator26.0.sdk
    export SDK_DIR_iphonesimulator\=/Applications/Xcode.app/Contents/Developer/Platforms/iPhoneSimulator.platform/Developer/SDKs/iPhoneSimulator26.0.sdk
    export SDK_DIR_iphonesimulator26_0\=/Applications/Xcode.app/Contents/Developer/Platforms/iPhoneSimulator.platform/Developer/SDKs/iPhoneSimulator26.0.sdk
    export SDK_NAME\=iphonesimulator26.0
    export SDK_NAMES\=iphonesimulator26.0
    export SDK_PRODUCT_BUILD_VERSION\=23A339
    export SDK_STAT_CACHE_DIR\=/Users/myfuckingmacbookair/Documents/GitHub/bindery/ios/build
    export SDK_STAT_CACHE_ENABLE\=YES
    export SDK_STAT_CACHE_PATH\=/Users/myfuckingmacbookair/Documents/GitHub/bindery/ios/build/SDKStatCaches.noindex/iphonesimulator26.0-23A339-26257891a6c027eb51374368541b8346.sdkstatcache
    export SDK_VERSION\=26.0
    export SDK_VERSION_ACTUAL\=260000
    export SDK_VERSION_MAJOR\=260000
    export SDK_VERSION_MINOR\=260000
    export SED\=/usr/bin/sed
    export SEPARATE_STRIP\=NO
    export SEPARATE_SYMBOL_EDIT\=NO
    export SET_DIR_MODE_OWNER_GROUP\=YES
    export SET_FILE_MODE_OWNER_GROUP\=NO
    export SHALLOW_BUNDLE\=YES
    export SHALLOW_BUNDLE_TRIPLE\=ios-simulator
    export SHALLOW_BUNDLE_ios_macabi\=NO
    export SHALLOW_BUNDLE_macos\=NO
    export SHARED_DERIVED_FILE_DIR\=/Users/myfuckingmacbookair/Documents/GitHub/bindery/ios/build/Build/Products/Release-iphonesimulator/DerivedSources
    export SHARED_FRAMEWORKS_FOLDER_PATH\=TheBindery.app/SharedFrameworks
    export SHARED_PRECOMPS_DIR\=/Users/myfuckingmacbookair/Documents/GitHub/bindery/ios/build/Build/Intermediates.noindex/PrecompiledHeaders
    export SHARED_SUPPORT_FOLDER_PATH\=TheBindery.app/SharedSupport
    export SKIP_INSTALL\=NO
    export SOURCE_ROOT\=/Users/myfuckingmacbookair/Documents/GitHub/bindery/ios
    export SRCROOT\=/Users/myfuckingmacbookair/Documents/GitHub/bindery/ios
    export STRINGSDATA_DIR\=/Users/myfuckingmacbookair/Documents/GitHub/bindery/ios/build/Build/Intermediates.noindex/TheBindery.build/Release-iphonesimulator/TheBindery.build/Objects-normal/undefined_arch
    export STRINGSDATA_ROOT\=/Users/myfuckingmacbookair/Documents/GitHub/bindery/ios/build/Build/Intermediates.noindex/TheBindery.build/Release-iphonesimulator/TheBindery.build
    export STRINGS_FILE_INFOPLIST_RENAME\=YES
    export STRINGS_FILE_OUTPUT_ENCODING\=binary
    export STRING_CATALOG_GENERATE_SYMBOLS\=NO
    export STRIP_BITCODE_FROM_COPIED_FILES\=NO
    export STRIP_INSTALLED_PRODUCT\=YES
    export STRIP_STYLE\=all
    export STRIP_SWIFT_SYMBOLS\=YES
    export SUPPORTED_DEVICE_FAMILIES\=1,2
    export SUPPORTED_PLATFORMS\=iphoneos\ iphonesimulator
    export SUPPORTS_MACCATALYST\=NO
    export SUPPORTS_ON_DEMAND_RESOURCES\=YES
    export SUPPORTS_TEXT_BASED_API\=NO
    export SUPPRESS_WARNINGS\=NO
    export SWIFT_EMIT_CONST_VALUE_PROTOCOLS\=AppIntent\ EntityQuery\ AppEntity\ TransientEntity\ AppEnum\ AppShortcutProviding\ AppShortcutsProvider\ AnyResolverProviding\ AppIntentsPackage\ DynamicOptionsProvider\ _IntentValueRepresentable\ _AssistantIntentsProvider\ _GenerativeFunctionExtractable\ IntentValueQuery\ Resolver\ AppExtension\ ExtensionPointDefining
    export SWIFT_EMIT_LOC_STRINGS\=NO
    export SWIFT_ENABLE_EXPLICIT_MODULES\=NO
    export SWIFT_INCLUDE_PATHS\=/Users/myfuckingmacbookair/Documents/GitHub/bindery/ios/build/Build/Products/Release-iphonesimulator\ \ \"/Users/myfuckingmacbookair/Documents/GitHub/bindery/ios/build/Build/Products/Release-iphonesimulator/EXConstants\"\ \"/Users/myfuckingmacbookair/Documents/GitHub/bindery/ios/build/Build/Products/Release-iphonesimulator/EXManifests\"\ \"/Users/myfuckingmacbookair/Documents/GitHub/bindery/ios/build/Build/Products/Release-iphonesimulator/EXUpdatesInterface\"\ \"/Users/myfuckingmacbookair/Documents/GitHub/bindery/ios/build/Build/Products/Release-iphonesimulator/Expo\"\ \"/Users/myfuckingmacbookair/Documents/GitHub/bindery/ios/build/Build/Products/Release-iphonesimulator/ExpoAsset\"\ \"/Users/myfuckingmacbookair/Documents/GitHub/bindery/ios/build/Build/Products/Release-iphonesimulator/ExpoDomWebView\"\ \"/Users/myfuckingmacbookair/Documents/GitHub/bindery/ios/build/Build/Products/Release-iphonesimulator/ExpoFileSystem\"\ \"/Users/myfuckingmacbookair/Documents/GitHub/bindery/ios/build/Build/Products/Release-iphonesimulator/ExpoFont\"\ \"/Users/myfuckingmacbookair/Documents/GitHub/bindery/ios/build/Build/Products/Release-iphonesimulator/ExpoHaptics\"\ \"/Users/myfuckingmacbookair/Documents/GitHub/bindery/ios/build/Build/Products/Release-iphonesimulator/ExpoKeepAwake\"\ \"/Users/myfuckingmacbookair/Documents/GitHub/bindery/ios/build/Build/Products/Release-iphonesimulator/ExpoLogBox\"\ \"/Users/myfuckingmacbookair/Documents/GitHub/bindery/ios/build/Build/Products/Release-iphonesimulator/ExpoModulesCore\"\ \"/Users/myfuckingmacbookair/Documents/GitHub/bindery/ios/build/Build/Products/Release-iphonesimulator/ExpoModulesJSI\"\ \"/Users/myfuckingmacbookair/Documents/GitHub/bindery/ios/build/Build/Products/Release-iphonesimulator/ExpoModulesWorklets\"\ \"/Users/myfuckingmacbookair/Documents/GitHub/bindery/ios/build/Build/Products/Release-iphonesimulator/ExpoSQLite\"\ \"/Users/myfuckingmacbookair/Documents/GitHub/bindery/ios/build/Build/Products/Release-iphonesimulator/ExpoSplashScreen\"\ \"/Users/myfuckingmacbookair/Documents/GitHub/bindery/ios/build/Build/Products/Release-iphonesimulator/PurchasesHybridCommon\"\ \"/Users/myfuckingmacbookair/Documents/GitHub/bindery/ios/build/Build/Products/Release-iphonesimulator/RevenueCat\"\ \"/Users/myfuckingmacbookair/Documents/GitHub/bindery/ios/build/Build/Products/Release-iphonesimulator/expo-dev-menu-interface\"
    export SWIFT_OBJC_BRIDGING_HEADER\=TheBindery/TheBindery-Bridging-Header.h
    export SWIFT_PLATFORM_TARGET_PREFIX\=ios
    export SWIFT_RESPONSE_FILE_PATH_normal_arm64\=/Users/myfuckingmacbookair/Documents/GitHub/bindery/ios/build/Build/Intermediates.noindex/TheBindery.build/Release-iphonesimulator/TheBindery.build/Objects-normal/arm64/TheBindery.SwiftFileList
    export SWIFT_RESPONSE_FILE_PATH_normal_x86_64\=/Users/myfuckingmacbookair/Documents/GitHub/bindery/ios/build/Build/Intermediates.noindex/TheBindery.build/Release-iphonesimulator/TheBindery.build/Objects-normal/x86_64/TheBindery.SwiftFileList
    export SWIFT_VERSION\=5.0
    export SYMROOT\=/Users/myfuckingmacbookair/Documents/GitHub/bindery/ios/build/Build/Products
    export SYSTEM_ADMIN_APPS_DIR\=/Applications/Utilities
    export SYSTEM_APPS_DIR\=/Applications
    export SYSTEM_CORE_SERVICES_DIR\=/System/Library/CoreServices
    export SYSTEM_DEMOS_DIR\=/Applications/Extras
    export SYSTEM_DEVELOPER_APPS_DIR\=/Applications/Xcode.app/Contents/Developer/Applications
    export SYSTEM_DEVELOPER_BIN_DIR\=/Applications/Xcode.app/Contents/Developer/usr/bin
    export SYSTEM_DEVELOPER_DEMOS_DIR\=/Applications/Xcode.app/Contents/Developer/Applications/Utilities/Built\ Examples
    export SYSTEM_DEVELOPER_DIR\=/Applications/Xcode.app/Contents/Developer
    export SYSTEM_DEVELOPER_DOC_DIR\=/Applications/Xcode.app/Contents/Developer/ADC\ Reference\ Library
    export SYSTEM_DEVELOPER_GRAPHICS_TOOLS_DIR\=/Applications/Xcode.app/Contents/Developer/Applications/Graphics\ Tools
    export SYSTEM_DEVELOPER_JAVA_TOOLS_DIR\=/Applications/Xcode.app/Contents/Developer/Applications/Java\ Tools
    export SYSTEM_DEVELOPER_PERFORMANCE_TOOLS_DIR\=/Applications/Xcode.app/Contents/Developer/Applications/Performance\ Tools
    export SYSTEM_DEVELOPER_RELEASENOTES_DIR\=/Applications/Xcode.app/Contents/Developer/ADC\ Reference\ Library/releasenotes
    export SYSTEM_DEVELOPER_TOOLS\=/Applications/Xcode.app/Contents/Developer/Tools
    export SYSTEM_DEVELOPER_TOOLS_DOC_DIR\=/Applications/Xcode.app/Contents/Developer/ADC\ Reference\ Library/documentation/DeveloperTools
    export SYSTEM_DEVELOPER_TOOLS_RELEASENOTES_DIR\=/Applications/Xcode.app/Contents/Developer/ADC\ Reference\ Library/releasenotes/DeveloperTools
    export SYSTEM_DEVELOPER_USR_DIR\=/Applications/Xcode.app/Contents/Developer/usr
    export SYSTEM_DEVELOPER_UTILITIES_DIR\=/Applications/Xcode.app/Contents/Developer/Applications/Utilities
    export SYSTEM_DEXT_INSTALL_PATH\=/System/Library/DriverExtensions
    export SYSTEM_DOCUMENTATION_DIR\=/Library/Documentation
    export SYSTEM_EXTENSIONS_FOLDER_PATH\=TheBindery.app/SystemExtensions
    export SYSTEM_EXTENSIONS_FOLDER_PATH_SHALLOW_BUNDLE_NO\=TheBindery.app/Library/SystemExtensions
    export SYSTEM_EXTENSIONS_FOLDER_PATH_SHALLOW_BUNDLE_YES\=TheBindery.app/SystemExtensions
    export SYSTEM_KEXT_INSTALL_PATH\=/System/Library/Extensions
    export SYSTEM_LIBRARY_DIR\=/System/Library
    export TAPI_DEMANGLE\=YES
    export TAPI_ENABLE_PROJECT_HEADERS\=NO
    export TAPI_LANGUAGE\=objective-c
    export TAPI_LANGUAGE_STANDARD\=compiler-default
    export TAPI_USE_SRCROOT\=YES
    export TAPI_VERIFY_MODE\=Pedantic
    export TARGETED_DEVICE_FAMILY\=1
    export TARGETNAME\=TheBindery
    export TARGET_BUILD_DIR\=/Users/myfuckingmacbookair/Documents/GitHub/bindery/ios/build/Build/Products/Release-iphonesimulator
    export TARGET_DEVICE_IDENTIFIER\=4DC2E649-35BE-4445-9A24-38BD8A88D1BF
    export TARGET_DEVICE_MODEL\=iPhone18,1
    export TARGET_DEVICE_OS_VERSION\=26.0.1
    export TARGET_DEVICE_PLATFORM_NAME\=iphonesimulator
    export TARGET_NAME\=TheBindery
    export TARGET_TEMP_DIR\=/Users/myfuckingmacbookair/Documents/GitHub/bindery/ios/build/Build/Intermediates.noindex/TheBindery.build/Release-iphonesimulator/TheBindery.build
    export TEMP_DIR\=/Users/myfuckingmacbookair/Documents/GitHub/bindery/ios/build/Build/Intermediates.noindex/TheBindery.build/Release-iphonesimulator/TheBindery.build
    export TEMP_FILES_DIR\=/Users/myfuckingmacbookair/Documents/GitHub/bindery/ios/build/Build/Intermediates.noindex/TheBindery.build/Release-iphonesimulator/TheBindery.build
    export TEMP_FILE_DIR\=/Users/myfuckingmacbookair/Documents/GitHub/bindery/ios/build/Build/Intermediates.noindex/TheBindery.build/Release-iphonesimulator/TheBindery.build
    export TEMP_ROOT\=/Users/myfuckingmacbookair/Documents/GitHub/bindery/ios/build/Build/Intermediates.noindex
    export TEMP_SANDBOX_DIR\=/Users/myfuckingmacbookair/Documents/GitHub/bindery/ios/build/Build/Intermediates.noindex/TemporaryTaskSandboxes
    export TEST_FRAMEWORK_SEARCH_PATHS\=\ /Applications/Xcode.app/Contents/Developer/Platforms/iPhoneSimulator.platform/Developer/Library/Frameworks\ /Applications/Xcode.app/Contents/Developer/Platforms/iPhoneSimulator.platform/Developer/SDKs/iPhoneSimulator26.0.sdk/Developer/Library/Frameworks
    export TEST_LIBRARY_SEARCH_PATHS\=\ /Applications/Xcode.app/Contents/Developer/Platforms/iPhoneSimulator.platform/Developer/usr/lib
    export TOOLCHAINS\=com.apple.dt.toolchain.XcodeDefault
    export TOOLCHAIN_DIR\=/Applications/Xcode.app/Contents/Developer/Toolchains/XcodeDefault.xctoolchain
    export TREAT_MISSING_BASELINES_AS_TEST_FAILURES\=NO
    export TREAT_MISSING_SCRIPT_PHASE_OUTPUTS_AS_ERRORS\=NO
    export TeamIdentifierPrefix\=75ULC33H2C.
    export UID\=501
    export UNINSTALLED_PRODUCTS_DIR\=/Users/myfuckingmacbookair/Documents/GitHub/bindery/ios/build/Build/Intermediates.noindex/UninstalledProducts
    export UNLOCALIZED_RESOURCES_FOLDER_PATH\=TheBindery.app
    export UNLOCALIZED_RESOURCES_FOLDER_PATH_SHALLOW_BUNDLE_NO\=TheBindery.app/Resources
    export UNLOCALIZED_RESOURCES_FOLDER_PATH_SHALLOW_BUNDLE_YES\=TheBindery.app
    export UNSTRIPPED_PRODUCT\=NO
    export USER\=myfuckingmacbookair
    export USER_APPS_DIR\=/Users/myfuckingmacbookair/Applications
    export USER_LIBRARY_DIR\=/Users/myfuckingmacbookair/Library
    export USE_DYNAMIC_NO_PIC\=YES
    export USE_HEADERMAP\=YES
    export USE_HEADER_SYMLINKS\=NO
    export USE_HERMES\=true
    export USE_RECURSIVE_SCRIPT_INPUTS_IN_SCRIPT_PHASES\=YES
    export VALIDATE_DEVELOPMENT_ASSET_PATHS\=YES_ERROR
    export VALIDATE_PRODUCT\=YES
    export VALID_ARCHS\=arm64\ x86_64
    export VERBOSE_PBXCP\=NO
    export VERSIONING_SYSTEM\=apple-generic
    export VERSIONPLIST_PATH\=TheBindery.app/version.plist
    export VERSION_INFO_BUILDER\=myfuckingmacbookair
    export VERSION_INFO_FILE\=TheBindery_vers.c
    export VERSION_INFO_STRING\=\"@\(\#\)PROGRAM:TheBindery\ \ PROJECT:TheBindery-1\"
    export WARNING_CFLAGS\=-Wno-comma\ -Wno-shorten-64-to-32
    export WORKSPACE_DIR\=/Users/myfuckingmacbookair/Documents/GitHub/bindery/ios
    export WRAPPER_EXTENSION\=app
    export WRAPPER_NAME\=TheBindery.app
    export WRAPPER_SUFFIX\=.app
    export WRAP_ASSET_PACKS_IN_SEPARATE_DIRECTORIES\=NO
    export XCODE_APP_SUPPORT_DIR\=/Applications/Xcode.app/Contents/Developer/Library/Xcode
    export XCODE_PRODUCT_BUILD_VERSION\=17A400
    export XCODE_VERSION_ACTUAL\=2601
    export XCODE_VERSION_MAJOR\=2600
    export XCODE_VERSION_MINOR\=2600
    export XPCSERVICES_FOLDER_PATH\=TheBindery.app/XPCServices
    export YACC\=yacc
    export _DISCOVER_COMMAND_LINE_LINKER_INPUTS\=YES
    export _DISCOVER_COMMAND_LINE_LINKER_INPUTS_INCLUDE_WL\=YES
    export _LD_MULTIARCH\=YES
    export _WRAPPER_CONTENTS_DIR_SHALLOW_BUNDLE_NO\=/Contents
    export _WRAPPER_PARENT_PATH_SHALLOW_BUNDLE_NO\=/..
    export _WRAPPER_RESOURCES_DIR_SHALLOW_BUNDLE_NO\=/Resources
    export __DIAGNOSE_DEPRECATED_ARCHS\=YES
    export __IS_NOT_MACOS\=YES
    export __IS_NOT_MACOS_macosx\=NO
    export __IS_NOT_SIMULATOR\=NO
    export __IS_NOT_SIMULATOR_simulator\=NO
    export arch\=undefined_arch
    export variant\=normal
    /bin/sh -c /Users/myfuckingmacbookair/Documents/GitHub/bindery/ios/build/Build/Intermediates.noindex/TheBindery.build/Release-iphonesimulator/TheBindery.build/Script-D426751D9B3948FC8582219D.sh

PhaseScriptExecution [CP]\ Embed\ Pods\ Frameworks /Users/myfuckingmacbookair/Documents/GitHub/bindery/ios/build/Build/Intermediates.noindex/TheBindery.build/Release-iphonesimulator/TheBindery.build/Script-9EEA26672C1606E7077BAAFB.sh (in target 'TheBindery' from project 'TheBindery')
    cd /Users/myfuckingmacbookair/Documents/GitHub/bindery/ios
    /bin/sh -c /Users/myfuckingmacbookair/Documents/GitHub/bindery/ios/build/Build/Intermediates.noindex/TheBindery.build/Release-iphonesimulator/TheBindery.build/Script-9EEA26672C1606E7077BAAFB.sh
mkdir -p /Users/myfuckingmacbookair/Documents/GitHub/bindery/ios/build/Build/Products/Release-iphonesimulator/TheBindery.app/Frameworks
rsync --delete -av --filter P .*.?????? --links --filter "- CVS/" --filter "- .svn/" --filter "- .git/" --filter "- .hg/" --filter "- Headers" --filter "- PrivateHeaders" --filter "- Modules" "/Users/myfuckingmacbookair/Documents/GitHub/bindery/ios/build/Build/Products/Release-iphonesimulator/XCFrameworkIntermediates/ExpoFileSystem/ExpoFileSystem.framework" "/Users/myfuckingmacbookair/Documents/GitHub/bindery/ios/build/Build/Products/Release-iphonesimulator/TheBindery.app/Frameworks"
Transfer starting: 5 files
ExpoFileSystem.framework/
ExpoFileSystem.framework/ExpoFileSystem
ExpoFileSystem.framework/_CodeSignature/CodeResources

sent 2266641 bytes  received 70 bytes  94054398 bytes/sec
total size is 2266528  speedup is 1.00
Code Signing /Users/myfuckingmacbookair/Documents/GitHub/bindery/ios/build/Build/Products/Release-iphonesimulator/TheBindery.app/Frameworks/ExpoFileSystem.framework with Identity Sign to Run Locally
/usr/bin/codesign --force --sign -  --preserve-metadata=identifier,entitlements '/Users/myfuckingmacbookair/Documents/GitHub/bindery/ios/build/Build/Products/Release-iphonesimulator/TheBindery.app/Frameworks/ExpoFileSystem.framework'
/Users/myfuckingmacbookair/Documents/GitHub/bindery/ios/build/Build/Products/Release-iphonesimulator/TheBindery.app/Frameworks/ExpoFileSystem.framework: replacing existing signature
rsync --delete -av --filter P .*.?????? --links --filter "- CVS/" --filter "- .svn/" --filter "- .git/" --filter "- .hg/" --filter "- Headers" --filter "- PrivateHeaders" --filter "- Modules" "/Users/myfuckingmacbookair/Documents/GitHub/bindery/ios/build/Build/Products/Release-iphonesimulator/XCFrameworkIntermediates/ExpoFont/ExpoFont.framework" "/Users/myfuckingmacbookair/Documents/GitHub/bindery/ios/build/Build/Products/Release-iphonesimulator/TheBindery.app/Frameworks"
Transfer starting: 5 files
ExpoFont.framework/
ExpoFont.framework/ExpoFont
ExpoFont.framework/_CodeSignature/CodeResources

sent 405881 bytes  received 70 bytes  36572162 bytes/sec
total size is 406014  speedup is 1.00
Code Signing /Users/myfuckingmacbookair/Documents/GitHub/bindery/ios/build/Build/Products/Release-iphonesimulator/TheBindery.app/Frameworks/ExpoFont.framework with Identity Sign to Run Locally
/usr/bin/codesign --force --sign -  --preserve-metadata=identifier,entitlements '/Users/myfuckingmacbookair/Documents/GitHub/bindery/ios/build/Build/Products/Release-iphonesimulator/TheBindery.app/Frameworks/ExpoFont.framework'
/Users/myfuckingmacbookair/Documents/GitHub/bindery/ios/build/Build/Products/Release-iphonesimulator/TheBindery.app/Frameworks/ExpoFont.framework: replacing existing signature
rsync --delete -av --filter P .*.?????? --links --filter "- CVS/" --filter "- .svn/" --filter "- .git/" --filter "- .hg/" --filter "- Headers" --filter "- PrivateHeaders" --filter "- Modules" "/Users/myfuckingmacbookair/Documents/GitHub/bindery/ios/build/Build/Products/Release-iphonesimulator/XCFrameworkIntermediates/ExpoModulesCore/ExpoModulesCore.framework" "/Users/myfuckingmacbookair/Documents/GitHub/bindery/ios/build/Build/Products/Release-iphonesimulator/TheBindery.app/Frameworks"
Transfer starting: 5 files
ExpoModulesCore.framework/
ExpoModulesCore.framework/ExpoModulesCore
ExpoModulesCore.framework/_CodeSignature/CodeResources

sent 7474931 bytes  received 70 bytes  126480558 bytes/sec
total size is 7474181  speedup is 1.00
Code Signing /Users/myfuckingmacbookair/Documents/GitHub/bindery/ios/build/Build/Products/Release-iphonesimulator/TheBindery.app/Frameworks/ExpoModulesCore.framework with Identity Sign to Run Locally
/usr/bin/codesign --force --sign -  --preserve-metadata=identifier,entitlements '/Users/myfuckingmacbookair/Documents/GitHub/bindery/ios/build/Build/Products/Release-iphonesimulator/TheBindery.app/Frameworks/ExpoModulesCore.framework'
/Users/myfuckingmacbookair/Documents/GitHub/bindery/ios/build/Build/Products/Release-iphonesimulator/TheBindery.app/Frameworks/ExpoModulesCore.framework: replacing existing signature
rsync --delete -av --filter P .*.?????? --links --filter "- CVS/" --filter "- .svn/" --filter "- .git/" --filter "- .hg/" --filter "- Headers" --filter "- PrivateHeaders" --filter "- Modules" "/Users/myfuckingmacbookair/Documents/GitHub/bindery/ios/build/Build/Products/Release-iphonesimulator/XCFrameworkIntermediates/ExpoModulesJSI/ExpoModulesJSI.framework" "/Users/myfuckingmacbookair/Documents/GitHub/bindery/ios/build/Build/Products/Release-iphonesimulator/TheBindery.app/Frameworks"
Transfer starting: 5 files
ExpoModulesJSI.framework/
ExpoModulesJSI.framework/ExpoModulesJSI
ExpoModulesJSI.framework/_CodeSignature/CodeResources

sent 2768621 bytes  received 70 bytes  95144020 bytes/sec
total size is 2768439  speedup is 1.00
Code Signing /Users/myfuckingmacbookair/Documents/GitHub/bindery/ios/build/Build/Products/Release-iphonesimulator/TheBindery.app/Frameworks/ExpoModulesJSI.framework with Identity Sign to Run Locally
/usr/bin/codesign --force --sign -  --preserve-metadata=identifier,entitlements '/Users/myfuckingmacbookair/Documents/GitHub/bindery/ios/build/Build/Products/Release-iphonesimulator/TheBindery.app/Frameworks/ExpoModulesJSI.framework'
/Users/myfuckingmacbookair/Documents/GitHub/bindery/ios/build/Build/Products/Release-iphonesimulator/TheBindery.app/Frameworks/ExpoModulesJSI.framework: replacing existing signature
rsync --delete -av --filter P .*.?????? --links --filter "- CVS/" --filter "- .svn/" --filter "- .git/" --filter "- .hg/" --filter "- Headers" --filter "- PrivateHeaders" --filter "- Modules" "/Users/myfuckingmacbookair/Documents/GitHub/bindery/ios/build/Build/Products/Release-iphonesimulator/XCFrameworkIntermediates/ExpoModulesWorklets/ExpoModulesWorklets.framework" "/Users/myfuckingmacbookair/Documents/GitHub/bindery/ios/build/Build/Products/Release-iphonesimulator/TheBindery.app/Frameworks"
Transfer starting: 5 files
ExpoModulesWorklets.framework/
ExpoModulesWorklets.framework/ExpoModulesWorklets
ExpoModulesWorklets.framework/_CodeSignature/CodeResources

sent 332563 bytes  received 70 bytes  36553076 bytes/sec
total size is 332673  speedup is 1.00
Code Signing /Users/myfuckingmacbookair/Documents/GitHub/bindery/ios/build/Build/Products/Release-iphonesimulator/TheBindery.app/Frameworks/ExpoModulesWorklets.framework with Identity Sign to Run Locally
/usr/bin/codesign --force --sign -  --preserve-metadata=identifier,entitlements '/Users/myfuckingmacbookair/Documents/GitHub/bindery/ios/build/Build/Products/Release-iphonesimulator/TheBindery.app/Frameworks/ExpoModulesWorklets.framework'
/Users/myfuckingmacbookair/Documents/GitHub/bindery/ios/build/Build/Products/Release-iphonesimulator/TheBindery.app/Frameworks/ExpoModulesWorklets.framework: replacing existing signature
rsync --delete -av --filter P .*.?????? --links --filter "- CVS/" --filter "- .svn/" --filter "- .git/" --filter "- .hg/" --filter "- Headers" --filter "- PrivateHeaders" --filter "- Modules" "/Users/myfuckingmacbookair/Documents/GitHub/bindery/ios/build/Build/Products/Release-iphonesimulator/XCFrameworkIntermediates/React-Core-prebuilt/React.framework" "/Users/myfuckingmacbookair/Documents/GitHub/bindery/ios/build/Build/Products/Release-iphonesimulator/TheBindery.app/Frameworks"
Transfer starting: 5 files
React.framework/
React.framework/React
React.framework/_CodeSignature/CodeResources

sent 24455935 bytes  received 70 bytes  142933985 bytes/sec
total size is 24453146  speedup is 1.00
Code Signing /Users/myfuckingmacbookair/Documents/GitHub/bindery/ios/build/Build/Products/Release-iphonesimulator/TheBindery.app/Frameworks/React.framework with Identity Sign to Run Locally
/usr/bin/codesign --force --sign -  --preserve-metadata=identifier,entitlements '/Users/myfuckingmacbookair/Documents/GitHub/bindery/ios/build/Build/Products/Release-iphonesimulator/TheBindery.app/Frameworks/React.framework'
/Users/myfuckingmacbookair/Documents/GitHub/bindery/ios/build/Build/Products/Release-iphonesimulator/TheBindery.app/Frameworks/React.framework: replacing existing signature
rsync --delete -av --filter P .*.?????? --links --filter "- CVS/" --filter "- .svn/" --filter "- .git/" --filter "- .hg/" --filter "- Headers" --filter "- PrivateHeaders" --filter "- Modules" "/Users/myfuckingmacbookair/Documents/GitHub/bindery/ios/build/Build/Products/Release-iphonesimulator/XCFrameworkIntermediates/ReactNativeDependencies/ReactNativeDependencies.framework" "/Users/myfuckingmacbookair/Documents/GitHub/bindery/ios/build/Build/Products/Release-iphonesimulator/TheBindery.app/Frameworks"
Transfer starting: 32 files
ReactNativeDependencies.framework/
ReactNativeDependencies.framework/ReactNativeDependencies
ReactNativeDependencies.framework/_CodeSignature/CodeResources

sent 2480102 bytes  received 70 bytes  85229278 bytes/sec
total size is 2487862  speedup is 1.00
Code Signing /Users/myfuckingmacbookair/Documents/GitHub/bindery/ios/build/Build/Products/Release-iphonesimulator/TheBindery.app/Frameworks/ReactNativeDependencies.framework with Identity Sign to Run Locally
/usr/bin/codesign --force --sign -  --preserve-metadata=identifier,entitlements '/Users/myfuckingmacbookair/Documents/GitHub/bindery/ios/build/Build/Products/Release-iphonesimulator/TheBindery.app/Frameworks/ReactNativeDependencies.framework'
/Users/myfuckingmacbookair/Documents/GitHub/bindery/ios/build/Build/Products/Release-iphonesimulator/TheBindery.app/Frameworks/ReactNativeDependencies.framework: replacing existing signature
rsync --delete -av --filter P .*.?????? --links --filter "- CVS/" --filter "- .svn/" --filter "- .git/" --filter "- .hg/" --filter "- Headers" --filter "- PrivateHeaders" --filter "- Modules" "/Users/myfuckingmacbookair/Documents/GitHub/bindery/ios/build/Build/Products/Release-iphonesimulator/XCFrameworkIntermediates/hermes-engine/Pre-built/hermesvm.framework" "/Users/myfuckingmacbookair/Documents/GitHub/bindery/ios/build/Build/Products/Release-iphonesimulator/TheBindery.app/Frameworks"
Transfer starting: 3 files
deleting hermesvm.framework/_CodeSignature/CodeResources
deleting hermesvm.framework/_CodeSignature/
hermesvm.framework/
hermesvm.framework/hermesvm

sent 10170579 bytes  received 48 bytes  115444120 bytes/sec
total size is 10169834  speedup is 1.00
Code Signing /Users/myfuckingmacbookair/Documents/GitHub/bindery/ios/build/Build/Products/Release-iphonesimulator/TheBindery.app/Frameworks/hermesvm.framework with Identity Sign to Run Locally
/usr/bin/codesign --force --sign -  --preserve-metadata=identifier,entitlements '/Users/myfuckingmacbookair/Documents/GitHub/bindery/ios/build/Build/Products/Release-iphonesimulator/TheBindery.app/Frameworks/hermesvm.framework'

ExtractAppIntentsMetadata (in target 'TheBindery' from project 'TheBindery')
    cd /Users/myfuckingmacbookair/Documents/GitHub/bindery/ios
    /Applications/Xcode.app/Contents/Developer/Toolchains/XcodeDefault.xctoolchain/usr/bin/appintentsmetadataprocessor --toolchain-dir /Applications/Xcode.app/Contents/Developer/Toolchains/XcodeDefault.xctoolchain --module-name TheBindery --sdk-root /Applications/Xcode.app/Contents/Developer/Platforms/iPhoneSimulator.platform/Developer/SDKs/iPhoneSimulator26.0.sdk --xcode-version 17A400 --platform-family iOS --deployment-target 16.4 --bundle-identifier com.bindery.game --output /Users/myfuckingmacbookair/Documents/GitHub/bindery/ios/build/Build/Products/Release-iphonesimulator/TheBindery.app --target-triple arm64-apple-ios16.4-simulator --target-triple x86_64-apple-ios16.4-simulator --binary-file /Users/myfuckingmacbookair/Documents/GitHub/bindery/ios/build/Build/Products/Release-iphonesimulator/TheBindery.app/TheBindery --dependency-file /Users/myfuckingmacbookair/Documents/GitHub/bindery/ios/build/Build/Intermediates.noindex/TheBindery.build/Release-iphonesimulator/TheBindery.build/Objects-normal/arm64/TheBindery_dependency_info.dat --dependency-file /Users/myfuckingmacbookair/Documents/GitHub/bindery/ios/build/Build/Intermediates.noindex/TheBindery.build/Release-iphonesimulator/TheBindery.build/Objects-normal/x86_64/TheBindery_dependency_info.dat --stringsdata-file /Users/myfuckingmacbookair/Documents/GitHub/bindery/ios/build/Build/Intermediates.noindex/TheBindery.build/Release-iphonesimulator/TheBindery.build/Objects-normal/arm64/ExtractedAppShortcutsMetadata.stringsdata --stringsdata-file /Users/myfuckingmacbookair/Documents/GitHub/bindery/ios/build/Build/Intermediates.noindex/TheBindery.build/Release-iphonesimulator/TheBindery.build/Objects-normal/x86_64/ExtractedAppShortcutsMetadata.stringsdata --source-file-list /Users/myfuckingmacbookair/Documents/GitHub/bindery/ios/build/Build/Intermediates.noindex/TheBindery.build/Release-iphonesimulator/TheBindery.build/Objects-normal/arm64/TheBindery.SwiftFileList --source-file-list /Users/myfuckingmacbookair/Documents/GitHub/bindery/ios/build/Build/Intermediates.noindex/TheBindery.build/Release-iphonesimulator/TheBindery.build/Objects-normal/x86_64/TheBindery.SwiftFileList --metadata-file-list /Users/myfuckingmacbookair/Documents/GitHub/bindery/ios/build/Build/Intermediates.noindex/TheBindery.build/Release-iphonesimulator/TheBindery.build/TheBindery.DependencyMetadataFileList --static-metadata-file-list /Users/myfuckingmacbookair/Documents/GitHub/bindery/ios/build/Build/Intermediates.noindex/TheBindery.build/Release-iphonesimulator/TheBindery.build/TheBindery.DependencyStaticMetadataFileList --swift-const-vals-list /Users/myfuckingmacbookair/Documents/GitHub/bindery/ios/build/Build/Intermediates.noindex/TheBindery.build/Release-iphonesimulator/TheBindery.build/Objects-normal/arm64/TheBindery.SwiftConstValuesFileList --swift-const-vals-list /Users/myfuckingmacbookair/Documents/GitHub/bindery/ios/build/Build/Intermediates.noindex/TheBindery.build/Release-iphonesimulator/TheBindery.build/Objects-normal/x86_64/TheBindery.SwiftConstValuesFileList --compile-time-extraction --deployment-aware-processing --validate-assistant-intents --no-app-shortcuts-localization
2026-08-02 08:44:20.265 appintentsmetadataprocessor[45068:3390186] Starting appintentsmetadataprocessor export
2026-08-02 08:44:20.281 appintentsmetadataprocessor[45068:3390186] warning: Metadata extraction skipped. No AppIntents.framework dependency found.

ProcessInfoPlistFile /Users/myfuckingmacbookair/Documents/GitHub/bindery/ios/build/Build/Products/Release-iphonesimulator/TheBindery.app/Info.plist /Users/myfuckingmacbookair/Documents/GitHub/bindery/ios/TheBindery/Info.plist (in target 'TheBindery' from project 'TheBindery')
    cd /Users/myfuckingmacbookair/Documents/GitHub/bindery/ios
    builtin-infoPlistUtility /Users/myfuckingmacbookair/Documents/GitHub/bindery/ios/TheBindery/Info.plist -producttype com.apple.product-type.application -genpkginfo /Users/myfuckingmacbookair/Documents/GitHub/bindery/ios/build/Build/Products/Release-iphonesimulator/TheBindery.app/PkgInfo -expandbuildsettings -format binary -platform iphonesimulator -additionalcontentfile /Users/myfuckingmacbookair/Documents/GitHub/bindery/ios/build/Build/Intermediates.noindex/TheBindery.build/Release-iphonesimulator/TheBindery.build/SplashScreen-SBPartialInfo.plist -additionalcontentfile /Users/myfuckingmacbookair/Documents/GitHub/bindery/ios/build/Build/Intermediates.noindex/TheBindery.build/Release-iphonesimulator/TheBindery.build/assetcatalog_generated_info.plist -o /Users/myfuckingmacbookair/Documents/GitHub/bindery/ios/build/Build/Products/Release-iphonesimulator/TheBindery.app/Info.plist

AppIntentsSSUTraining (in target 'TheBindery' from project 'TheBindery')
    cd /Users/myfuckingmacbookair/Documents/GitHub/bindery/ios
    /Applications/Xcode.app/Contents/Developer/Toolchains/XcodeDefault.xctoolchain/usr/bin/appintentsnltrainingprocessor --infoplist-path /Users/myfuckingmacbookair/Documents/GitHub/bindery/ios/build/Build/Products/Release-iphonesimulator/TheBindery.app/Info.plist --temp-dir-path /Users/myfuckingmacbookair/Documents/GitHub/bindery/ios/build/Build/Intermediates.noindex/TheBindery.build/Release-iphonesimulator/TheBindery.build/ssu --bundle-id com.bindery.game --product-path /Users/myfuckingmacbookair/Documents/GitHub/bindery/ios/build/Build/Products/Release-iphonesimulator/TheBindery.app --extracted-metadata-path /Users/myfuckingmacbookair/Documents/GitHub/bindery/ios/build/Build/Products/Release-iphonesimulator/TheBindery.app/Metadata.appintents --metadata-file-list /Users/myfuckingmacbookair/Documents/GitHub/bindery/ios/build/Build/Intermediates.noindex/TheBindery.build/Release-iphonesimulator/TheBindery.build/TheBindery.DependencyMetadataFileList --archive-ssu-assets
2026-08-02 08:44:20.410 appintentsnltrainingprocessor[45069:3390187] Parsing options for appintentsnltrainingprocessor
2026-08-02 08:44:20.411 appintentsnltrainingprocessor[45069:3390187] No AppShortcuts found - Skipping.

CopySwiftLibs /Users/myfuckingmacbookair/Documents/GitHub/bindery/ios/build/Build/Products/Release-iphonesimulator/TheBindery.app (in target 'TheBindery' from project 'TheBindery')
    cd /Users/myfuckingmacbookair/Documents/GitHub/bindery/ios
    builtin-swiftStdLibTool --copy --verbose --sign - --scan-executable /Users/myfuckingmacbookair/Documents/GitHub/bindery/ios/build/Build/Products/Release-iphonesimulator/TheBindery.app/TheBindery --scan-folder /Users/myfuckingmacbookair/Documents/GitHub/bindery/ios/build/Build/Products/Release-iphonesimulator/TheBindery.app/Frameworks --scan-folder /Users/myfuckingmacbookair/Documents/GitHub/bindery/ios/build/Build/Products/Release-iphonesimulator/TheBindery.app/PlugIns --scan-folder /Users/myfuckingmacbookair/Documents/GitHub/bindery/ios/build/Build/Products/Release-iphonesimulator/TheBindery.app/SystemExtensions --scan-folder /Users/myfuckingmacbookair/Documents/GitHub/bindery/ios/build/Build/Products/Release-iphonesimulator/TheBindery.app/Extensions --platform iphonesimulator --toolchain /Applications/Xcode.app/Contents/Developer/Toolchains/XcodeDefault.xctoolchain --destination /Users/myfuckingmacbookair/Documents/GitHub/bindery/ios/build/Build/Products/Release-iphonesimulator/TheBindery.app/Frameworks --strip-bitcode --strip-bitcode-tool /Applications/Xcode.app/Contents/Developer/Toolchains/XcodeDefault.xctoolchain/usr/bin/bitcode_strip --emit-dependency-info /Users/myfuckingmacbookair/Documents/GitHub/bindery/ios/build/Build/Intermediates.noindex/TheBindery.build/Release-iphonesimulator/TheBindery.build/SwiftStdLibToolInputDependencies.dep --filter-for-swift-os

GenerateDSYMFile /Users/myfuckingmacbookair/Documents/GitHub/bindery/ios/build/Build/Products/Release-iphonesimulator/TheBindery.app.dSYM /Users/myfuckingmacbookair/Documents/GitHub/bindery/ios/build/Build/Products/Release-iphonesimulator/TheBindery.app/TheBindery (in target 'TheBindery' from project 'TheBindery')
    cd /Users/myfuckingmacbookair/Documents/GitHub/bindery/ios
    /Applications/Xcode.app/Contents/Developer/Toolchains/XcodeDefault.xctoolchain/usr/bin/dsymutil /Users/myfuckingmacbookair/Documents/GitHub/bindery/ios/build/Build/Products/Release-iphonesimulator/TheBindery.app/TheBindery -o /Users/myfuckingmacbookair/Documents/GitHub/bindery/ios/build/Build/Products/Release-iphonesimulator/TheBindery.app.dSYM

CodeSign /Users/myfuckingmacbookair/Documents/GitHub/bindery/ios/build/Build/Products/Release-iphonesimulator/TheBindery.app (in target 'TheBindery' from project 'TheBindery')
    cd /Users/myfuckingmacbookair/Documents/GitHub/bindery/ios
    
    Signing Identity:     "Sign to Run Locally"
    
    /usr/bin/codesign --force --sign - --entitlements /Users/myfuckingmacbookair/Documents/GitHub/bindery/ios/build/Build/Intermediates.noindex/TheBindery.build/Release-iphonesimulator/TheBindery.build/TheBindery.app.xcent --timestamp\=none --generate-entitlement-der /Users/myfuckingmacbookair/Documents/GitHub/bindery/ios/build/Build/Products/Release-iphonesimulator/TheBindery.app

Validate /Users/myfuckingmacbookair/Documents/GitHub/bindery/ios/build/Build/Products/Release-iphonesimulator/TheBindery.app (in target 'TheBindery' from project 'TheBindery')
    cd /Users/myfuckingmacbookair/Documents/GitHub/bindery/ios
    builtin-validationUtility /Users/myfuckingmacbookair/Documents/GitHub/bindery/ios/build/Build/Products/Release-iphonesimulator/TheBindery.app -validate-for-store -shallow-bundle -infoplist-subpath Info.plist

** BUILD SUCCEEDED **

